host,endpoint,confidence,auth,oauth_confirmed,http_status,server_name,server_version,protocol_version,capabilities,authorization_endpoint,token_endpoint,registration_endpoint,dynamic_client_registration,scopes,issuer,prm_url,www_authenticate,discovery_source,platform_auth
0523.tw,https://0523.tw/mcp/public,A_verified_mcp,oauth,True,200,0523_public,1.1.0,2025-06-18,"prompts,resources,tools",https://0523.tw/oauth/authorize,https://0523.tw/oauth/token,https://0523.tw/oauth/register,True,mcp:use,https://0523.tw,https://0523.tw/.well-known/oauth-protected-resource,,mcp_registry,
aaaa-nexus.atomadictech.workers.dev,https://aaaa-nexus.atomadictech.workers.dev/mcp,A_verified_mcp,oauth,True,200,aaaa-nexus,0.5.1,2025-11-25,"prompts,resources,tools",,,,False,"api:read,api:write",,https://aaaa-nexus.atomadictech.workers.dev/.well-known/oauth-protected-resource,,mcp_registry,
ably.usefulapi.io,https://ably.usefulapi.io/mcp,A_verified_mcp,oauth,True,200,ably-mcp,1.0.1,2025-06-18,tools,https://ably.usefulapi.io/authorize,https://ably.usefulapi.io/token,https://ably.usefulapi.io/register,True,"read,write",https://ably.usefulapi.io,https://ably.usefulapi.io/.well-known/oauth-protected-resource/mcp,,mcp_registry,
accounts.login.idm.telekom.com,https://accounts.login.idm.telekom.com/api/mcp,A_verified_mcp,oauth,True,401,,,,,https://accounts.login.idm.telekom.com/oauth2/auth,https://accounts.login.idm.telekom.com/oauth2/tokens,,False,"openid,profile,email,address,phone,offline_access",https://accounts.login.idm.telekom.com,,"Bearer realm=""SAM3 API""",umbrella_majestic_apex,
acuity-scheduling.usefulapi.io,https://acuity-scheduling.usefulapi.io/mcp,A_verified_mcp,oauth,True,200,acuity-scheduling-mcp,1.0.0,2025-06-18,tools,https://acuity-scheduling.usefulapi.io/authorize,https://acuity-scheduling.usefulapi.io/token,https://acuity-scheduling.usefulapi.io/register,True,"read,write",https://acuity-scheduling.usefulapi.io,https://acuity-scheduling.usefulapi.io/.well-known/oauth-protected-resource/mcp,,mcp_registry,
admin.menufresh.jp,https://admin.menufresh.jp/api/mcp,A_verified_mcp,oauth,True,401,,,,,https://kazxyawtjstxxtppdtug.supabase.co/auth/v1/oauth/authorize,https://kazxyawtjstxxtppdtug.supabase.co/auth/v1/oauth/token,https://kazxyawtjstxxtppdtug.supabase.co/auth/v1/oauth/clients/register,True,"openid,profile,email,phone",https://kazxyawtjstxxtppdtug.supabase.co/auth/v1,https://admin.menufresh.jp/.well-known/oauth-protected-resource,,mcp_registry,
agent-broker-edge.basil-agent.workers.dev,https://agent-broker-edge.basil-agent.workers.dev/mcp,A_verified_mcp,oauth,True,200,smb-broker,0.1.0,2024-11-05,"logging,prompts,resources,tools",,,,False,,https://agent-broker-edge.basil-agent.workers.dev,https://agent-broker-edge.basil-agent.workers.dev/.well-known/oauth-protected-resource,,mcp_registry,
agent.wingmanprotocol.com,https://agent.wingmanprotocol.com/mcp,A_verified_mcp,oauth,True,200,com.wingmanprotocol.agent/gateway,1.6.0,2025-06-18,tools,,,,False,"mcp:read,mcp:write,mcp:tools",,https://agent.wingmanprotocol.com/.well-known/oauth-protected-resource/mcp,,mcp_registry,
agoclnqfyinwjxdmjnns.supabase.co,https://agoclnqfyinwjxdmjnns.supabase.co/functions/v1/mcp,A_verified_mcp,oauth,True,401,1325.AI,,,,https://agoclnqfyinwjxdmjnns.supabase.co/auth/v1/oauth/authorize,https://agoclnqfyinwjxdmjnns.supabase.co/auth/v1/oauth/token,https://agoclnqfyinwjxdmjnns.supabase.co/auth/v1/oauth/clients/register,True,"openid,profile,email,phone",https://agoclnqfyinwjxdmjnns.supabase.co/auth/v1,https://agoclnqfyinwjxdmjnns.supabase.co/functions/v1/mcp/.well-known/oauth-protected-resource,"Bearer realm=""mcp"", resource_metadata=""https://agoclnqfyinwjxdmjnns.supabase.co/functions/v1/mcp/.well-known/oauth-protected-resource""",mcp_registry,
ai-videos.visma.net,https://ai-videos.visma.net/api/mcp,A_verified_mcp,oauth,True,401,Visma AI Conference MCP,,,,,,,False,mcp:user,,https://ai-videos.visma.net/.well-known/oauth-protected-resource/api/mcp,"Bearer resource_metadata=""https://ai-videos.visma.net/.well-known/oauth-protected-resource/api/mcp""",umbrella_majestic_apex,
air-quality-mcp.mcpize.run,https://air-quality-mcp.mcpize.run/mcp,A_verified_mcp,oauth,True,200,Real-Time Air Quality Insights,,,,https://air-quality-mcp.mcpize.run/oauth/authorize?server_id=8b6ea9c7-ce69-41b3-9786-289af7b6bb70,https://air-quality-mcp.mcpize.run/oauth/token,https://air-quality-mcp.mcpize.run/oauth/register,True,"mcp:tools,mcp:resources,mcp:prompts",https://air-quality-mcp.mcpize.run,https://air-quality-mcp.mcpize.run/.well-known/oauth-protected-resource,,mcp_registry,
alpha.api.trycaesar.com,https://alpha.api.trycaesar.com/mcp?profile=web-search,A_verified_mcp,oauth,True,401,Caesar Search MCP,,,,https://ui.auth.trycaesar.com/oauth2/authorize,https://ui.auth.trycaesar.com/oauth2/token,https://ui.auth.trycaesar.com/oauth2/register,True,"search:read,document:read,feedback:write",https://ui.auth.trycaesar.com,https://mcp.trycaesar.com/.well-known/oauth-protected-resource/mcp,"Bearer resource_metadata=""https://mcp.trycaesar.com/.well-known/oauth-protected-resource/mcp""",mcp_registry,
amberflo.usefulapi.io,https://amberflo.usefulapi.io/mcp,A_verified_mcp,oauth,True,200,amberflo-mcp,1.0.1,2025-06-18,tools,,,,False,"read,write",,https://amberflo.usefulapi.io/.well-known/oauth-protected-resource/mcp,,mcp_registry,
analytics.churnzero.net,https://analytics.churnzero.net/mcp,A_verified_mcp,oauth,True,401,,,,,https://app.churnzero.net/oauth2/authorize,https://app.churnzero.net/oauth2/token,https://app.churnzero.net/oauth2/register,True,"mcp,offline_access",https://app.churnzero.net,https://app.churnzero.net/.well-known/oauth-protected-resource,"Bearer resource_metadata=""https://app.churnzero.net/.well-known/oauth-protected-resource""",umbrella_majestic_apex,
anamneseai.app,https://anamneseai.app/api/mcp,A_verified_mcp,oauth,True,401,,,,,https://vatfmlnozncncxepjykl.supabase.co/auth/v1/oauth/authorize,https://vatfmlnozncncxepjykl.supabase.co/auth/v1/oauth/token,https://vatfmlnozncncxepjykl.supabase.co/auth/v1/oauth/clients/register,True,"openid,profile,email,phone",https://vatfmlnozncncxepjykl.supabase.co/auth/v1,https://anamneseai.app/.well-known/oauth-protected-resource/api/mcp,,mcp_registry,
anchorr-mcp.mgthompo.workers.dev,https://anchorr-mcp.mgthompo.workers.dev/mcp,A_verified_mcp,oauth,True,401,,,,,https://anchorr-mcp.mgthompo.workers.dev/oauth/authorize,https://anchorr-mcp.mgthompo.workers.dev/oauth/token,https://anchorr-mcp.mgthompo.workers.dev/oauth/register,True,,https://anchorr-mcp.mgthompo.workers.dev,https://anchorr-mcp.mgthompo.workers.dev/.well-known/oauth-protected-resource,"Bearer realm=""anchorr-mcp"", resource_metadata=""https://anchorr-mcp.mgthompo.workers.dev/.well-known/oauth-protected-resource""",mcp_registry,
api-docs.vendizap.com,https://api-docs.vendizap.com/mcp,A_verified_mcp,oauth,True,401,,,,,https://api-docs.vendizap.com/oauth/authorize,https://api-docs.vendizap.com/oauth/token,https://api-docs.vendizap.com/oauth/register,True,vendizap,https://api-docs.vendizap.com,https://api-docs.vendizap.com/.well-known/oauth-protected-resource,,mcp_registry,
api.adadvisor.ai,https://api.adadvisor.ai/mcp,A_verified_mcp,oauth,True,401,,,,,https://tmvjgbjbuxnirnwjgfhc.supabase.co/auth/v1/oauth/authorize,https://tmvjgbjbuxnirnwjgfhc.supabase.co/auth/v1/oauth/token,https://tmvjgbjbuxnirnwjgfhc.supabase.co/auth/v1/oauth/clients/register,True,"openid,email,profile",https://tmvjgbjbuxnirnwjgfhc.supabase.co/auth/v1,https://api.adadvisor.ai/.well-known/oauth-protected-resource/mcp,"Bearer resource_metadata=""https://api.adadvisor.ai/.well-known/oauth-protected-resource/mcp""",mcp_registry,
api.analytics.churnzero.net,https://api.analytics.churnzero.net/mcp,A_verified_mcp,oauth,True,401,,,,,https://app.churnzero.net/oauth2/authorize,https://app.churnzero.net/oauth2/token,https://app.churnzero.net/oauth2/register,True,"mcp,offline_access",https://app.churnzero.net,https://app.churnzero.net/.well-known/oauth-protected-resource,"Bearer resource_metadata=""https://app.churnzero.net/.well-known/oauth-protected-resource""",umbrella_majestic_apex,
api.ato-mcp.com.au,https://api.ato-mcp.com.au/mcp,A_verified_mcp,oauth,True,401,,,,,https://pznbngklxhkyigmlvruk.supabase.co/auth/v1/oauth/authorize,https://pznbngklxhkyigmlvruk.supabase.co/auth/v1/oauth/token,https://pznbngklxhkyigmlvruk.supabase.co/auth/v1/oauth/clients/register,True,"openid,email",https://pznbngklxhkyigmlvruk.supabase.co/auth/v1,https://api.ato-mcp.com.au/.well-known/oauth-protected-resource/mcp,,mcp_registry,
api.attrove.com,https://api.attrove.com/mcp,A_verified_mcp,oauth,True,401,,,,,https://zbrqriqpalplqtiqhkfs.supabase.co/auth/v1/oauth/authorize,https://zbrqriqpalplqtiqhkfs.supabase.co/auth/v1/oauth/token,https://zbrqriqpalplqtiqhkfs.supabase.co/auth/v1/oauth/clients/register,True,"openid,email,profile",https://zbrqriqpalplqtiqhkfs.supabase.co/auth/v1,https://api.attrove.com/.well-known/oauth-protected-resource/mcp,"Bearer realm=""mcp"", error=""invalid_token"", error_description=""Missing or invalid Authorization header. Expected: Bearer <token>"", scope=""openid email profile"", resource_metadata=""https://api.attrove.c",mcp_registry,
api.bigparser.com,https://api.bigparser.com/mcp,A_verified_mcp,oauth,True,401,,,,,https://dash.readme.com/oidc/auth,https://dash.readme.com/oidc/token,https://dash.readme.com/oidc/reg,True,"openid,offline_access,mcp:read,mcp:write,email,profile",https://dash.readme.com/oidc,https://api.bigparser.com/.well-known/oauth-protected-resource/mcp,,umbrella_majestic_apex,
api.bynder.com,https://api.bynder.com/mcp,A_verified_mcp,oauth,True,200,Bynder API,1.0,2025-06-18,tools,https://dash.readme.com/oidc/auth,https://dash.readme.com/oidc/token,https://dash.readme.com/oidc/reg,True,"openid,offline_access,mcp:read,mcp:write,email,profile",https://dash.readme.com/oidc,https://api.bynder.com/.well-known/oauth-protected-resource/mcp,,umbrella_majestic_apex,
api.cinevva.com,https://api.cinevva.com/create/mcp,A_verified_mcp,oauth,True,401,,,,,https://api.cinevva.com/mcp/oauth/authorize,https://api.cinevva.com/mcp/oauth/token,https://api.cinevva.com/mcp/oauth/register,True,game-creator,https://api.cinevva.com,https://api.cinevva.com/.well-known/oauth-protected-resource,"Bearer resource_metadata=""https://api.cinevva.com/.well-known/oauth-protected-resource""",mcp_registry,
api.cobbles.ai,https://api.cobbles.ai/mcp,A_verified_mcp,oauth,True,401,,,,,https://haskpwnasvtofrdudqri.supabase.co/auth/v1/oauth/authorize,https://haskpwnasvtofrdudqri.supabase.co/auth/v1/oauth/token,https://haskpwnasvtofrdudqri.supabase.co/auth/v1/oauth/clients/register,True,"openid,email,profile",https://haskpwnasvtofrdudqri.supabase.co/auth/v1,https://api.cobbles.ai/.well-known/oauth-protected-resource/mcp,,mcp_registry,
api.comuna.work,https://api.comuna.work/mcp,A_verified_mcp,oauth,True,401,,,,,https://nujbxusvzbswqqbbsqqb.supabase.co/auth/v1/oauth/authorize,https://nujbxusvzbswqqbbsqqb.supabase.co/auth/v1/oauth/token,https://nujbxusvzbswqqbbsqqb.supabase.co/auth/v1/oauth/clients/register,True,"openid,email,profile",https://nujbxusvzbswqqbbsqqb.supabase.co/auth/v1,https://api.comuna.work/.well-known/oauth-protected-resource,"Bearer resource_metadata=""https://api.comuna.work/.well-known/oauth-protected-resource""",mcp_registry,
api.croma.run,https://api.croma.run/mcp,A_verified_mcp,oauth,True,401,,,,,https://clerk.usecroma.com/oauth/authorize,https://clerk.usecroma.com/oauth/token,https://api.croma.run/oauth/register,True,"openid,profile,email,offline_access",https://api.croma.run,https://api.croma.run/.well-known/oauth-protected-resource/mcp,,mcp_registry,
api.davinci.movableink.com,https://api.davinci.movableink.com/mcp,A_verified_mcp,oauth,True,401,,,,,https://auth.movableink.com/authorize,https://auth.movableink.com/oauth/token,https://auth.movableink.com/oidc/register,True,"openid,profile,email",https://auth.movableink.com/,https://api.davinci.movableink.com/.well-known/oauth-protected-resource/mcp,"Bearer error=""invalid_token"", error_description=""Authentication required"", resource_metadata=""https://api.davinci.movableink.com/.well-known/oauth-protected-resource/mcp""",umbrella_majestic_apex,
api.emyspot.com,https://api.emyspot.com/mcp,A_verified_mcp,oauth,True,401,,,,,https://manager.emyspot.com/oauth/authorize,https://api.emyspot.com/oauth/token,,False,"read:sites,create:sites,read:pages,create:pages,update:pages,read:blog,create:blog,update:blog,read:eco,create:eco,update:eco,read:contactforms",https://api.emyspot.com,https://api.emyspot.com/.well-known/oauth-protected-resource/mcp,"Bearer realm=""mcp"", resource_metadata=""https://api.emyspot.com/.well-known/oauth-protected-resource/mcp""",umbrella_majestic_apex,
api.eu-west-1.aws.dash0.com,https://api.eu-west-1.aws.dash0.com/mcp,A_verified_mcp,oauth,True,401,,,,,https://api.eu-west-1.aws.dash0.com/oauth/authorize,https://api.eu-west-1.aws.dash0.com/oauth/token,https://api.eu-west-1.aws.dash0.com/oauth/register,True,*,https://api.eu-west-1.aws.dash0.com,https://api.eu-west-1.aws.dash0.com/.well-known/oauth-protected-resource,"Bearer resource_metadata=""https://api.eu-west-1.aws.dash0.com/.well-known/oauth-protected-resource""",umbrella_majestic_apex,
api.flatlandfi.com,https://api.flatlandfi.com/sse,A_verified_mcp,oauth,True,401,,,,,,,,False,,,https://flatlandfi.com/.well-known/oauth-protected-resource,"Bearer realm=""Flatland"", resource_metadata=""https://flatlandfi.com/.well-known/oauth-protected-resource""",mcp_registry,
api.flyweel.co,https://api.flyweel.co/functions/v1/mcp-server/mcp,A_verified_mcp,oauth,True,401,,,,,https://tumguzeaiurighxbmbck.supabase.co/auth/v1/oauth/authorize,https://tumguzeaiurighxbmbck.supabase.co/auth/v1/oauth/token,https://tumguzeaiurighxbmbck.supabase.co/auth/v1/oauth/clients/register,True,"openid,profile,email",https://tumguzeaiurighxbmbck.supabase.co/auth/v1,https://api.flyweel.co/.well-known/oauth-protected-resource/functions/v1/mcp-server/mcp,,mcp_registry,
api.haasbot.com,https://api.haasbot.com/mcp,A_verified_mcp,oauth,True,401,,,,,https://api.haasbot.com/oauth/authorize,https://api.haasbot.com/oauth/token,https://api.haasbot.com/oauth/register,True,mcp,https://api.haasbot.com,https://api.haasbot.com/.well-known/oauth-protected-resource/mcp,"Bearer resource_metadata=""https://api.haasbot.com/.well-known/oauth-protected-resource/mcp"", scope=""mcp""",mcp_registry,
api.headlessoracle.com,https://api.headlessoracle.com/mcp,A_verified_mcp,oauth,True,200,headless-oracle,5.0.0,2024-11-05,"prompts,resources,tools",,,,False,oracle:read,,https://api.headlessoracle.com/.well-known/oauth-protected-resource,,mcp_registry,
api.historis.app,https://api.historis.app/mcp,A_verified_mcp,oauth,True,401,Historis MCP Server,,,,https://vetgeoovdhtptbzevupy.supabase.co/auth/v1/oauth/authorize,https://vetgeoovdhtptbzevupy.supabase.co/auth/v1/oauth/token,https://vetgeoovdhtptbzevupy.supabase.co/auth/v1/oauth/clients/register,True,"openid,profile,email",https://vetgeoovdhtptbzevupy.supabase.co/auth/v1,https://api.historis.app/.well-known/oauth-protected-resource,"Bearer resource_metadata=""https://api.historis.app/.well-known/oauth-protected-resource""",mcp_registry,
api.hollywoodreporter.com,https://api.hollywoodreporter.com/mcp,A_verified_mcp,oauth,True,200,browser-use-web-automation,1.0.0,2024-11-05,tools,https://api.hollywoodreporter.com/oauth/authorize,https://api.hollywoodreporter.com/oauth/token,https://api.hollywoodreporter.com/oauth/register,True,mcp,https://api.hollywoodreporter.com,https://api.hollywoodreporter.com/.well-known/oauth-protected-resource,,umbrella_majestic_apex,
api.hpsilab.com,https://api.hpsilab.com/mcp,A_verified_mcp,oauth,True,200,hpsilab-quant-finance,1.2.0,2025-06-18,"experimental,prompts,resources,tools",https://hpsilab.com/oauth/authorize,https://hpsilab.com/oauth/token,https://hpsilab.com/oauth/register,True,,https://hpsilab.com,https://api.hpsilab.com/.well-known/oauth-protected-resource/mcp,,mcp_registry,
api.keenable.ai,https://api.keenable.ai/mcp?keenable_title=mcp-registry,A_verified_mcp,oauth,True,200,keenable-mcp-server,0.2.1,2025-06-18,"prompts,resources,tools",https://caqmfcgrdovyjdhfnwzw.supabase.co/auth/v1/oauth/authorize,https://caqmfcgrdovyjdhfnwzw.supabase.co/auth/v1/oauth/token,https://caqmfcgrdovyjdhfnwzw.supabase.co/auth/v1/oauth/clients/register,True,"openid,email,profile",https://caqmfcgrdovyjdhfnwzw.supabase.co/auth/v1,https://api.keenable.ai/.well-known/oauth-protected-resource/mcp,,mcp_registry,
api.mail.qq.com,https://api.mail.qq.com/mcp,A_verified_mcp,oauth,True,401,,,,,https://wx.mail.qq.com/oauth/authorize,https://wx.mail.qq.com/oauth/token,https://wx.mail.qq.com/oauth/register,True,"alias:read,mail:read,mail:send,mail:delete",https://wx.mail.qq.com,https://api.mail.qq.com/.well-known/oauth-protected-resource,"Bearer realm=""QQMail Service"", resource_metadata=""https://api.mail.qq.com/.well-known/oauth-protected-resource""",umbrella_majestic_apex,
api.mailfoogae.appspot.com,https://api.mailfoogae.appspot.com/mcp,A_verified_mcp,oauth,True,401,Streak MCP Server,,,,,,,False,,,https://api.mailfoogae.appspot.com/.well-known/oauth-protected-resource/mcp,"Bearer, resource_metadata_url=""https://api.streak.com/.well-known/oauth-protected-resource/mcp""",umbrella_majestic_apex,
api.mobbin.com,https://api.mobbin.com/mcp,A_verified_mcp,oauth,True,401,,,,,https://ujasntkfphywizsdaapi.supabase.co/auth/v1/oauth/authorize,https://ujasntkfphywizsdaapi.supabase.co/auth/v1/oauth/token,https://ujasntkfphywizsdaapi.supabase.co/auth/v1/oauth/clients/register,True,openid,https://ujasntkfphywizsdaapi.supabase.co/auth/v1,https://api.mobbin.com/.well-known/oauth-protected-resource/mcp,,mcp_registry,
api.newsmind.app,https://api.newsmind.app/functions/v1/mcp,A_verified_mcp,oauth,True,401,,,,,https://newsmind.app/auth/sign-in,https://newsmind.app/oauth/token,https://newsmind.app/oauth/register,True,mcp,https://newsmind.app,https://newsmind.app/.well-known/oauth-protected-resource,"Bearer realm=""newsmind"", resource_metadata=""https://newsmind.app/.well-known/oauth-protected-resource""",mcp_registry,
api.officevibe.com,https://api.officevibe.com/mcp,A_verified_mcp,oauth,True,401,,,,,https://dash.readme.com/oidc/auth,https://dash.readme.com/oidc/token,https://dash.readme.com/oidc/reg,True,"openid,offline_access,mcp:read,mcp:write,email,profile",https://dash.readme.com/oidc,https://api.officevibe.com/.well-known/oauth-protected-resource/mcp,,umbrella_majestic_apex,
api.paperee.co.kr,https://api.paperee.co.kr/functions/v1/mcp,A_verified_mcp,oauth,True,401,,,,,https://znlrkmtkerabsyrthpap.supabase.co/auth/v1/oauth/authorize,https://znlrkmtkerabsyrthpap.supabase.co/auth/v1/oauth/token,https://znlrkmtkerabsyrthpap.supabase.co/auth/v1/oauth/clients/register,True,"openid,profile,email,phone",https://znlrkmtkerabsyrthpap.supabase.co/auth/v1,https://api.paperee.co.kr/functions/v1/mcp/.well-known/oauth-protected-resource,"Bearer resource_metadata=""https://api.paperee.co.kr/functions/v1/mcp/.well-known/oauth-protected-resource""",mcp_registry,
api.podpast.ai,https://api.podpast.ai/mcp,A_verified_mcp,oauth,True,401,,,,,https://pzgqmudykgjkbeqihdem.supabase.co/auth/v1/oauth/authorize,https://pzgqmudykgjkbeqihdem.supabase.co/auth/v1/oauth/token,https://pzgqmudykgjkbeqihdem.supabase.co/auth/v1/oauth/clients/register,True,"openid,profile,email,phone",https://pzgqmudykgjkbeqihdem.supabase.co/auth/v1,https://api.podpast.ai/.well-known/oauth-protected-resource/mcp,"Bearer resource_metadata=""https://api.podpast.ai/.well-known/oauth-protected-resource/mcp""",mcp_registry,
api.qoory.ai,https://api.qoory.ai/mcp,A_verified_mcp,oauth,True,401,Qoory Remote MCP,,,,https://www.qoory.ai/oauth/authorize,https://www.qoory.ai/oauth/token,https://www.qoory.ai/oauth/register,True,"data:read,search:read,usage:read,offline_access",https://www.qoory.ai,https://api.qoory.ai/.well-known/oauth-protected-resource/mcp,"Bearer realm=""OAuth"", resource_metadata=""https://api.qoory.ai/.well-known/oauth-protected-resource/mcp"", error=""invalid_token"", error_description=""Missing or invalid access token""",mcp_registry,
api.rankd.dev,https://api.rankd.dev/mcp,A_verified_mcp,oauth,True,401,,,,,https://tufjsbvlnospakmjrmbq.supabase.co/auth/v1/oauth/authorize,https://tufjsbvlnospakmjrmbq.supabase.co/auth/v1/oauth/token,https://tufjsbvlnospakmjrmbq.supabase.co/auth/v1/oauth/clients/register,True,"openid,email",https://tufjsbvlnospakmjrmbq.supabase.co/auth/v1,https://api.rankd.dev/.well-known/oauth-protected-resource,"Bearer resource_metadata=""https://api.rankd.dev/.well-known/oauth-protected-resource""",mcp_registry,
api.rev.vbrick.com,https://api.rev.vbrick.com/mcp,A_verified_mcp,oauth,True,401,,,,,https://api.rev.vbrick.com/mcp/authorize,https://api.rev.vbrick.com/mcp/token,https://api.rev.vbrick.com/mcp/register,True,user.role,https://api.rev.vbrick.com,https://api.rev.vbrick.com/mcp/.well-known/oauth-protected-resource,"Bearer realm=""mcp"", resource_metadata=""https://api.rev.vbrick.com/mcp/.well-known/oauth-protected-resource""",umbrella_majestic_apex,
api.revelica.com,https://api.revelica.com/mcp,A_verified_mcp,oauth,True,401,,,,,https://glorfgbiawoaotlwzqou.supabase.co/auth/v1/oauth/authorize,https://glorfgbiawoaotlwzqou.supabase.co/auth/v1/oauth/token,https://glorfgbiawoaotlwzqou.supabase.co/auth/v1/oauth/clients/register,True,"profile,email,phone",https://glorfgbiawoaotlwzqou.supabase.co/auth/v1,https://api.revelica.com/.well-known/oauth-protected-resource/mcp,"Bearer error=""invalid_token"", error_description=""Authentication failed. The provided bearer token is invalid, expired, or no longer recognized by the server. To resolve: clear authentication tokens in",mcp_registry,
api.signvoy.com,https://api.signvoy.com/mcp,A_verified_mcp,oauth,True,401,,,,,https://clerk.signvoy.com/oauth/authorize,https://clerk.signvoy.com/oauth/token,https://clerk.signvoy.com/oauth/register,True,"openid,profile,email",https://clerk.signvoy.com,https://api.signvoy.com/.well-known/oauth-protected-resource/mcp,"Bearer resource_metadata=""https://api.signvoy.com/.well-known/oauth-protected-resource/mcp""",mcp_registry,
api.sirune.tech,https://api.sirune.tech/mcp,A_verified_mcp,oauth,True,401,,,,,,,,False,,,https://api.sirune.tech/.well-known/oauth-protected-resource,,mcp_registry,
api.supabase.com,https://api.supabase.com/mcp,A_verified_mcp,oauth,True,401,Supabase MCP (Beta),,,,https://api.supabase.com/v1/oauth/authorize,https://api.supabase.com/v1/oauth/token,https://api.supabase.com/platform/oauth/apps/register,True,"organizations:read,projects:read,projects:write,database:write,database:read,analytics:read,secrets:read,edge_functions:read,edge_functions:write,environment:read,environment:write,storage:read",https://api.supabase.com,https://mcp.supabase.com/.well-known/oauth-protected-resource/mcp,"Bearer error=""invalid_request"", error_description=""No access token was provided in this request"", resource_metadata=""https://mcp.supabase.com/.well-known/oauth-protected-resource/mcp""",umbrella_majestic_apex,
api.supabase.io,https://api.supabase.io/mcp,A_verified_mcp,oauth,True,401,Supabase MCP (Beta),,,,https://api.supabase.com/v1/oauth/authorize,https://api.supabase.com/v1/oauth/token,https://api.supabase.com/platform/oauth/apps/register,True,"organizations:read,projects:read,projects:write,database:write,database:read,analytics:read,secrets:read,edge_functions:read,edge_functions:write,environment:read,environment:write,storage:read",https://api.supabase.com,https://mcp.supabase.com/.well-known/oauth-protected-resource/mcp,"Bearer error=""invalid_request"", error_description=""No access token was provided in this request"", resource_metadata=""https://mcp.supabase.com/.well-known/oauth-protected-resource/mcp""",umbrella_majestic_apex,
api.tempreon.com,https://api.tempreon.com/functions/v1/tempreon-mcp/mcp,A_verified_mcp,oauth,True,401,,,,,https://yzhkuvtbvcgtrdjjhcvw.supabase.co/auth/v1/oauth/authorize,https://yzhkuvtbvcgtrdjjhcvw.supabase.co/auth/v1/oauth/token,https://yzhkuvtbvcgtrdjjhcvw.supabase.co/auth/v1/oauth/clients/register,True,"openid,profile,email",https://yzhkuvtbvcgtrdjjhcvw.supabase.co/auth/v1,https://api.tempreon.com/functions/v1/tempreon-mcp/.well-known/oauth-protected-resource,"Bearer resource_metadata=""https://api.tempreon.com/functions/v1/tempreon-mcp/.well-known/oauth-protected-resource""",mcp_registry,
api.truss-security.com,https://api.truss-security.com/mcp,A_verified_mcp,oauth,True,401,,,,,https://ekwdoizpfqeaefmirrca.supabase.co/auth/v1/oauth/authorize,https://ekwdoizpfqeaefmirrca.supabase.co/auth/v1/oauth/token,https://ekwdoizpfqeaefmirrca.supabase.co/auth/v1/oauth/clients/register,True,"openid,profile,email,phone",https://ekwdoizpfqeaefmirrca.supabase.co/auth/v1,https://api.truss-security.com/.well-known/oauth-protected-resource/mcp,,mcp_registry,
api.ultramemory.us,https://api.ultramemory.us/mcp,A_verified_mcp,oauth,True,401,,,,,https://odwuhggncuhnoihepmhi.supabase.co/auth/v1/oauth/authorize,https://odwuhggncuhnoihepmhi.supabase.co/auth/v1/oauth/token,https://odwuhggncuhnoihepmhi.supabase.co/auth/v1/oauth/clients/register,True,"openid,profile,email,phone",https://odwuhggncuhnoihepmhi.supabase.co/auth/v1,https://api.ultramemory.us/.well-known/oauth-protected-resource/mcp,"Bearer resource_metadata=""https://api.ultramemory.us/.well-known/oauth-protected-resource/mcp""",mcp_registry,
api.us2analytics.churnzero.net,https://api.us2analytics.churnzero.net/mcp,A_verified_mcp,oauth,True,401,,,,,https://app.churnzero.net/oauth2/authorize,https://app.churnzero.net/oauth2/token,https://app.churnzero.net/oauth2/register,True,"mcp,offline_access",https://app.churnzero.net,https://app.churnzero.net/.well-known/oauth-protected-resource,"Bearer resource_metadata=""https://app.churnzero.net/.well-known/oauth-protected-resource""",umbrella_majestic_apex,
api.us2app.churnzero.net,https://api.us2app.churnzero.net/mcp,A_verified_mcp,oauth,True,401,,,,,https://app.churnzero.net/oauth2/authorize,https://app.churnzero.net/oauth2/token,https://app.churnzero.net/oauth2/register,True,"mcp,offline_access",https://app.churnzero.net,https://app.churnzero.net/.well-known/oauth-protected-resource,"Bearer resource_metadata=""https://app.churnzero.net/.well-known/oauth-protected-resource""",umbrella_majestic_apex,
api.vectorsolutions.us1app.churnzero.net,https://api.vectorsolutions.us1app.churnzero.net/mcp,A_verified_mcp,oauth,True,401,,,,,https://app.churnzero.net/oauth2/authorize,https://app.churnzero.net/oauth2/token,https://app.churnzero.net/oauth2/register,True,"mcp,offline_access",https://app.churnzero.net,https://app.churnzero.net/.well-known/oauth-protected-resource,"Bearer resource_metadata=""https://app.churnzero.net/.well-known/oauth-protected-resource""",umbrella_majestic_apex,
api.zpc.zebra.com,https://api.zpc.zebra.com/mcp,A_verified_mcp,oauth,True,401,,,,,https://api.zpc.zebra.com/oauth2/authorize,https://api.zpc.zebra.com/oauth/token,,False,,https://api.zpc.zebra.com,,Bearer,umbrella_majestic_apex,
app.chatthing.ai,https://app.chatthing.ai/mcp,A_verified_mcp,oauth,True,401,,,,,https://vdzujpvnwsidanusfpha.supabase.co/auth/v1/oauth/authorize,https://vdzujpvnwsidanusfpha.supabase.co/auth/v1/oauth/token,https://vdzujpvnwsidanusfpha.supabase.co/auth/v1/oauth/clients/register,True,"openid,profile,email,phone",https://vdzujpvnwsidanusfpha.supabase.co/auth/v1,https://app.chatthing.ai/.well-known/oauth-protected-resource,"Bearer resource_metadata=""https://app.chatthing.ai/.well-known/oauth-protected-resource""",mcp_registry,
app.churnzero.net,https://app.churnzero.net/mcp,A_verified_mcp,oauth,True,401,,,,,https://app.churnzero.net/oauth2/authorize,https://app.churnzero.net/oauth2/token,https://app.churnzero.net/oauth2/register,True,"mcp,offline_access",https://app.churnzero.net,https://app.churnzero.net/.well-known/oauth-protected-resource,"Bearer resource_metadata=""https://app.churnzero.net/.well-known/oauth-protected-resource""",umbrella_majestic_apex,
app.fairing.co,https://app.fairing.co/mcp,A_verified_mcp,oauth,True,401,,,,,https://app.fairing.co/oauth/authorize,https://app.fairing.co/oauth/token,https://app.fairing.co/oauth/register,True,mcp:read,https://app.fairing.co,https://app.fairing.co/.well-known/oauth-protected-resource,"Bearer realm=""mcp"", resource_metadata=""https://app.fairing.co/.well-known/oauth-protected-resource""",umbrella_majestic_apex,
app.feedhipppo.com,https://app.feedhipppo.com/api/mcp,A_verified_mcp,oauth,True,401,,,,,https://app.feedhipppo.com/api/oauth/authorize,https://app.feedhipppo.com/api/oauth/token,https://app.feedhipppo.com/api/oauth/register,True,,https://app.feedhipppo.com,https://app.feedhipppo.com/.well-known/oauth-protected-resource,,mcp_registry,
app.forkmate.ai,https://app.forkmate.ai/mcp,A_verified_mcp,oauth,True,200,forkmate,0.0.0,2025-06-18,tools,https://flexible-thought-84.authkit.app/oauth2/authorize,https://flexible-thought-84.authkit.app/oauth2/token,https://flexible-thought-84.authkit.app/oauth2/register,True,"openid,profile,email,offline_access",https://flexible-thought-84.authkit.app,https://app.forkmate.ai/.well-known/oauth-protected-resource,,mcp_registry,
app.formbricks.com,https://app.formbricks.com/api/mcp,A_verified_mcp,oauth,True,401,,,,,https://app.formbricks.com/api/auth/oauth2/authorize,https://app.formbricks.com/api/auth/oauth2/token,https://app.formbricks.com/api/auth/oauth2/register,True,"surveys:read,surveys:write,offline_access",https://app.formbricks.com/api/auth,https://app.formbricks.com/.well-known/oauth-protected-resource/api/mcp,"Bearer resource_metadata=""https://app.formbricks.com/.well-known/oauth-protected-resource/api/mcp"" scope=""surveys:read surveys:write""",umbrella_majestic_apex,
app.glassypic.com,https://app.glassypic.com/mcp,A_verified_mcp,oauth,True,200,glassypic,2.0.2,2025-06-18,tools,https://oddwenbovuryphqvznep.supabase.co/auth/v1/oauth/authorize,https://oddwenbovuryphqvznep.supabase.co/auth/v1/oauth/token,https://oddwenbovuryphqvznep.supabase.co/auth/v1/oauth/clients/register,True,"openid,profile,email,phone",https://oddwenbovuryphqvznep.supabase.co/auth/v1,,,mcp_registry,
app.heydolfin.com,https://app.heydolfin.com/mcp,A_verified_mcp,oauth,True,401,,,,,https://jwspqhwowbzkgdfytole.supabase.co/auth/v1/oauth/authorize,https://jwspqhwowbzkgdfytole.supabase.co/auth/v1/oauth/token,,False,"openid,profile,email,phone",https://jwspqhwowbzkgdfytole.supabase.co/auth/v1,https://app.heydolfin.com/.well-known/oauth-protected-resource/mcp,,mcp_registry,
app.kalender-sync.de,https://app.kalender-sync.de/mcp,A_verified_mcp,oauth,True,401,,,,,https://app.kalender-sync.de/oauth/authorize,https://app.kalender-sync.de/oauth/token,,False,"calendar.read,calendar.write,offline_access",https://app.kalender-sync.de,https://app.kalender-sync.de/.well-known/oauth-protected-resource/mcp,,mcp_registry,
app.octolens.com,https://app.octolens.com/api/mcp/v2,A_verified_mcp,oauth,True,401,,,,,https://clerk.octolens.com/oauth/authorize,https://clerk.octolens.com/oauth/token,https://clerk.octolens.com/oauth/register,True,"profile,email",https://clerk.octolens.com,https://app.octolens.com/.well-known/oauth-protected-resource/api/mcp/v2,,mcp_registry,
app.pdq.com,https://app.pdq.com/mcp,A_verified_mcp,oauth,True,401,,,,,https://auth2.pdq.com/oauth/authorize,https://auth2.pdq.com/oauth/token,https://auth2.pdq.com/oauth/register,True,"custom_fields:read,custom_fields:write,deployments:read,deployments:write,devices:read,devices:write,groups:read,groups:write,packages:read,packages:write,vulnerabilities:read,vulnerabilities:write",https://auth2.pdq.com,https://app.pdq.com/.well-known/oauth-protected-resource/mcp,"Bearer resource_metadata=""https://app.pdq.com/.well-known/oauth-protected-resource/mcp""",umbrella_majestic_apex,
app.runconverge.com,https://app.runconverge.com/api/mcp,A_verified_mcp,oauth,True,401,,,,,https://app.runconverge.com/api/mcp/authorize,https://app.runconverge.com/api/mcp/token,https://app.runconverge.com/api/mcp/register,True,"openid,profile,email,offline_access",https://app.runconverge.com/api/mcp,https://app.runconverge.com/.well-known/oauth-protected-resource/api/mcp,"Bearer resource_metadata=""https://app.runconverge.com/.well-known/oauth-protected-resource/api/mcp/""",umbrella_majestic_apex,
app.rybbit.io,https://app.rybbit.io/api/mcp,A_verified_mcp,oauth,True,401,,,,,https://app.rybbit.io/api/auth/mcp/authorize,https://app.rybbit.io/api/auth/mcp/token,https://app.rybbit.io/api/auth/mcp/register,True,"openid,profile,email,offline_access,analytics:read,sessions:read,events:read,users:read,users:write,goals:read,goals:write,funnels:read",https://app.rybbit.io,https://app.rybbit.io/.well-known/oauth-protected-resource,"Bearer realm=""rybbit-mcp"", resource_metadata=""https://app.rybbit.io/.well-known/oauth-protected-resource""",umbrella_majestic_apex,
app.stablebaseline.io,https://app.stablebaseline.io/functions/v1/cloud-serve/mcp,A_verified_mcp,oauth,True,403,,,,,https://api.stablebaseline.io/functions/v1/cloud-serve/oauth/authorize,https://api.stablebaseline.io/functions/v1/cloud-serve/oauth/token,https://api.stablebaseline.io/functions/v1/cloud-serve/oauth/register,True,"openid,profile,email,phone",https://api.stablebaseline.io/functions/v1/cloud-serve,https://app.stablebaseline.io/.well-known/oauth-protected-resource,,mcp_registry,
app.tinify.ai,https://app.tinify.ai/mcp,A_verified_mcp,oauth,True,400,,,,,https://oddwenbovuryphqvznep.supabase.co/auth/v1/oauth/authorize,https://oddwenbovuryphqvznep.supabase.co/auth/v1/oauth/token,https://oddwenbovuryphqvznep.supabase.co/auth/v1/oauth/clients/register,True,"openid,profile,email,phone",https://oddwenbovuryphqvznep.supabase.co/auth/v1,,,mcp_registry,
assetzaar.com,https://assetzaar.com/api/mcp,A_verified_mcp,oauth,True,200,assetzaar,1.2.0,2024-11-05,tools,https://jvnwwqyyemggqfedekte.supabase.co/auth/v1/oauth/authorize,https://jvnwwqyyemggqfedekte.supabase.co/auth/v1/oauth/token,,False,"openid,email,profile",https://jvnwwqyyemggqfedekte.supabase.co/auth/v1,https://assetzaar.com/.well-known/oauth-protected-resource,,mcp_registry,
astranl.com,https://astranl.com/mcp/streamable,A_verified_mcp,oauth,True,200,astranl-mcp,1.27.0,2025-06-18,"experimental,tools",https://astranl.com/oauth/authorize,https://astranl.com/oauth/token,https://astranl.com/oauth/register,True,"mcp:dispatch,mcp:read",https://astranl.com,https://astranl.com/.well-known/oauth-protected-resource,,mcp_registry,
b4-index.vercel.app,https://b4-index.vercel.app/mcp,A_verified_mcp,oauth,True,200,b4-index,3.3.0,2025-06-18,tools,,,,False,"openid,email,profile",,https://b4-index.vercel.app/.well-known/oauth-protected-resource,,mcp_registry,
baozugong.app,https://baozugong.app/api/mcp,A_verified_mcp,oauth,True,401,,,,,https://baozugong.app/api/mcp/authorize,https://baozugong.app/api/mcp/token,https://baozugong.app/api/mcp/register,True,mcp,https://baozugong.app,https://baozugong.app/.well-known/oauth-protected-resource/api/mcp,,mcp_registry,
beatbandit.ai,https://beatbandit.ai/api/mcp,A_verified_mcp,oauth,True,401,BeatBandit MCP,,,,https://hfjmbjcqewprlumjhclf.supabase.co/auth/v1/oauth/authorize,https://hfjmbjcqewprlumjhclf.supabase.co/auth/v1/oauth/token,https://hfjmbjcqewprlumjhclf.supabase.co/auth/v1/oauth/clients/register,True,"openid,profile,email,phone",https://hfjmbjcqewprlumjhclf.supabase.co/auth/v1,https://beatbandit.ai/.well-known/oauth-protected-resource/api/mcp,,mcp_registry,
beyourcover.com,https://beyourcover.com/api/mcp/mcp,A_verified_mcp,oauth,True,401,,,,,https://ufzzwcvuuodumlexxhfv.supabase.co/auth/v1/oauth/authorize,https://ufzzwcvuuodumlexxhfv.supabase.co/auth/v1/oauth/token,https://ufzzwcvuuodumlexxhfv.supabase.co/auth/v1/oauth/clients/register,True,"openid,profile,email,phone",https://ufzzwcvuuodumlexxhfv.supabase.co/auth/v1,https://beyourcover.com/.well-known/oauth-protected-resource,,mcp_registry,
biaedge-mcp.onrender.com,https://biaedge-mcp.onrender.com/mcp,A_verified_mcp,oauth,True,401,,,,,https://versatile-peacock-03.authkit.app/oauth2/authorize,https://versatile-peacock-03.authkit.app/oauth2/token,https://versatile-peacock-03.authkit.app/oauth2/register,True,"email,offline_access,openid,profile",https://versatile-peacock-03.authkit.app,https://mcp.biaedge.com/.well-known/oauth-protected-resource,"Bearer resource_metadata=""https://mcp.biaedge.com/.well-known/oauth-protected-resource""",mcp_registry,
bisibility.com,https://bisibility.com/api/mcp,A_verified_mcp,oauth,True,401,,,,,https://bisibility.com/api/auth/oauth2/authorize,https://bisibility.com/api/auth/oauth2/token,https://bisibility.com/api/auth/oauth2/register,True,"read,write,admin",https://bisibility.com,https://bisibility.com/.well-known/oauth-protected-resource/api/mcp,"Bearer resource_metadata=""https://eu.bisibility.com/.well-known/oauth-protected-resource/api/mcp""",mcp_registry,
biz-planner.com,https://biz-planner.com/api/mcp,A_verified_mcp,oauth,True,401,,,,,https://axzfqzlpgjumqzzfkdxi.supabase.co/auth/v1/oauth/authorize,https://axzfqzlpgjumqzzfkdxi.supabase.co/auth/v1/oauth/token,https://axzfqzlpgjumqzzfkdxi.supabase.co/auth/v1/oauth/clients/register,True,"openid,profile,email,phone",https://axzfqzlpgjumqzzfkdxi.supabase.co/auth/v1,https://biz-planner.com/.well-known/oauth-protected-resource,,mcp_registry,
bmikit.com,https://bmikit.com/api/mcp,A_verified_mcp,oauth,True,401,,,,,https://opbandumlehbbqbcawlv.supabase.co/auth/v1/oauth/authorize,https://opbandumlehbbqbcawlv.supabase.co/auth/v1/oauth/token,https://opbandumlehbbqbcawlv.supabase.co/auth/v1/oauth/clients/register,True,"openid,email,profile",https://opbandumlehbbqbcawlv.supabase.co/auth/v1,https://bmikit.com/.well-known/oauth-protected-resource,,mcp_registry,
budgetfitter.uk,https://budgetfitter.uk/mcp,A_verified_mcp,oauth,True,200,BudgetFitter MCP Server,1.0.0,2025-03-26,"resources,tools",https://budgetfitter.uk/wp-login.php,https://budgetfitter.uk/wp-json/app-api/v1/auth/token,,False,"brand:read,search:read,deals:read",https://budgetfitter.uk,https://budgetfitter.uk/.well-known/oauth-protected-resource,,smithery_awesome,
bunzee.ai,https://bunzee.ai/mcp-server,A_verified_mcp,oauth,True,401,,,,,,https://bunzee.ai/mcp-server/oauth/token,,False,,https://bunzee.ai/mcp-server,https://bunzee.ai/.well-known/oauth-protected-resource/mcp-server,,mcp_registry,
calendarbridge.vercel.app,https://calendarbridge.vercel.app/mcp,A_verified_mcp,oauth,True,401,,,,,https://calendarbridge.vercel.app/oauth/authorize,https://calendarbridge.vercel.app/api/oauth/token,https://calendarbridge.vercel.app/api/oauth/register,True,calendar,https://calendarbridge.vercel.app,https://calendarbridge.vercel.app/.well-known/oauth-protected-resource/mcp,,mcp_registry,
cdn.readme.io,https://cdn.readme.io/mcp,A_verified_mcp,oauth,True,401,,,,,https://dash.readme.com/oidc/auth,https://dash.readme.com/oidc/token,https://dash.readme.com/oidc/reg,True,"openid,offline_access,mcp:read,mcp:write,email,profile",https://dash.readme.com/oidc,https://cdn.readme.io/.well-known/oauth-protected-resource/mcp,,umbrella_majestic_apex,
chargebee.usefulapi.io,https://chargebee.usefulapi.io/api/mcp,A_verified_mcp,oauth,True,403,,,,,https://chargebee.usefulapi.io/authorize,https://chargebee.usefulapi.io/token,https://chargebee.usefulapi.io/register,True,"read,write",https://chargebee.usefulapi.io,,,mcp_registry,
cissp-mcp-server.cissp.workers.dev,https://cissp-mcp-server.cissp.workers.dev/mcp,A_verified_mcp,oauth,True,401,CISSP Study Group,,,,https://cissp-mcp-server.cissp.workers.dev/authorize,https://cissp-mcp-server.cissp.workers.dev/oauth/token,https://cissp-mcp-server.cissp.workers.dev/oauth/register,True,mcp,https://cissp-mcp-server.cissp.workers.dev,https://cissp-mcp-server.cissp.workers.dev/.well-known/oauth-protected-resource,"Bearer realm=""https://cissp-mcp-server.cissp.workers.dev"", resource_metadata=""https://cissp-mcp-server.cissp.workers.dev/.well-known/oauth-protected-resource""",mcp_registry,
clarilayer.com,https://clarilayer.com/api/mcp/mcp,A_verified_mcp,oauth,True,401,,,,,https://wgkjcukgmjfdxmmlghro.supabase.co/auth/v1/oauth/authorize,https://wgkjcukgmjfdxmmlghro.supabase.co/auth/v1/oauth/token,https://wgkjcukgmjfdxmmlghro.supabase.co/auth/v1/oauth/clients/register,True,openid,https://wgkjcukgmjfdxmmlghro.supabase.co/auth/v1,https://clarilayer.com/.well-known/oauth-protected-resource/api/mcp/mcp,,mcp_registry,
claude-context-bridge.fly.dev,https://claude-context-bridge.fly.dev/mcp,A_verified_mcp,oauth,True,401,,,,,https://claude-context-bridge.fly.dev/authorize,https://claude-context-bridge.fly.dev/token,https://claude-context-bridge.fly.dev/register,True,,https://claude-context-bridge.fly.dev,,,mcp_registry,
claude-cost-audit-mcp.mcpize.run,https://claude-cost-audit-mcp.mcpize.run/mcp,A_verified_mcp,oauth,True,401,claude-cost-audit-mcp,,,,https://claude-cost-audit-mcp.mcpize.run/oauth/authorize?server_id=94fe8b97-528f-4f1a-96d1-45140294ebec,https://claude-cost-audit-mcp.mcpize.run/oauth/token,https://claude-cost-audit-mcp.mcpize.run/oauth/register,True,"mcp:tools,mcp:resources,mcp:prompts",https://claude-cost-audit-mcp.mcpize.run,https://mcpize.run/.well-known/oauth-protected-resource/claude-cost-audit-mcp,"Bearer realm=""mcpize"", scope=""mcp:tools mcp:resources mcp:prompts"", resource_metadata=""https://mcpize.run/.well-known/oauth-protected-resource/claude-cost-audit-mcp""",mcp_registry,
clearscreen-mcp.mcpize.run,https://clearscreen-mcp.mcpize.run/mcp,A_verified_mcp,oauth,True,401,Clear Screen,,,,https://clearscreen-mcp.mcpize.run/oauth/authorize?server_id=3e8e9c65-18f6-4e63-9224-5e6f12c03216,https://clearscreen-mcp.mcpize.run/oauth/token,https://clearscreen-mcp.mcpize.run/oauth/register,True,"mcp:tools,mcp:resources,mcp:prompts",https://clearscreen-mcp.mcpize.run,https://mcpize.run/.well-known/oauth-protected-resource/clearscreen-mcp,"Bearer realm=""mcpize"", scope=""mcp:tools mcp:resources mcp:prompts"", resource_metadata=""https://mcpize.run/.well-known/oauth-protected-resource/clearscreen-mcp""",mcp_registry,
cloudinfra-gw-us.portal.checkpoint.com,https://cloudinfra-gw-us.portal.checkpoint.com/mcp,A_verified_mcp,oauth,True,401,,,,,http://localhost:9090/v1/oauth2/authorize,http://localhost:9090/v1/oauth2/token,http://localhost:9090/v1/oauth2/register,True,,https://portal.checkpoint.com,https://cloudinfra-gw-us.portal.checkpoint.com/.well-known/oauth-protected-resource,Bearer,umbrella_majestic_apex,
cloudinfra-gw.portal.checkpoint.com,https://cloudinfra-gw.portal.checkpoint.com/mcp,A_verified_mcp,oauth,True,401,,,,,https://cloudinfra-gw.portal.checkpoint.com/v1/oauth2/authorize,https://cloudinfra-gw.portal.checkpoint.com/v1/oauth2/token,https://cloudinfra-gw.portal.checkpoint.com/v1/oauth2/register,True,,https://portal.checkpoint.com,https://cloudinfra-gw.portal.checkpoint.com/.well-known/oauth-protected-resource,Bearer,umbrella_majestic_apex,
colour-memory-api-production.up.railway.app,https://colour-memory-api-production.up.railway.app/mcp,A_verified_mcp,oauth,True,200,colour-memory,2.3.4,2025-11-25,tools,https://api.colourmemory.com/oauth/authorize,https://api.colourmemory.com/oauth/token,,False,,https://api.colourmemory.com,https://colour-memory-api-production.up.railway.app/.well-known/oauth-protected-resource,,mcp_registry,
core.helloretail.com,https://core.helloretail.com/mcp,A_verified_mcp,oauth,True,401,,,,,https://core.helloretail.com/oauth2/authorize,https://core.helloretail.com/oauth2/token,,False,mcp,https://core.helloretail.com,https://core.helloretail.com/.well-known/oauth-protected-resource,"Bearer resource_metadata=""https://core.helloretail.com/.well-known/oauth-protected-resource""",umbrella_majestic_apex,
cron-schedule-audit-mcp.mcpize.run,https://cron-schedule-audit-mcp.mcpize.run/mcp,A_verified_mcp,oauth,True,401,cron-schedule-audit-mcp,,,,https://cron-schedule-audit-mcp.mcpize.run/oauth/authorize?server_id=5a7a8084-37b6-43be-8655-3ed384cf789b,https://cron-schedule-audit-mcp.mcpize.run/oauth/token,https://cron-schedule-audit-mcp.mcpize.run/oauth/register,True,"mcp:tools,mcp:resources,mcp:prompts",https://cron-schedule-audit-mcp.mcpize.run,https://mcpize.run/.well-known/oauth-protected-resource/cron-schedule-audit-mcp,"Bearer realm=""mcpize"", scope=""mcp:tools mcp:resources mcp:prompts"", resource_metadata=""https://mcpize.run/.well-known/oauth-protected-resource/cron-schedule-audit-mcp""",mcp_registry,
data-compute-stats-mcp.mcpize.run,https://data-compute-stats-mcp.mcpize.run/mcp,A_verified_mcp,oauth,True,200,data_compute_stats_mcp,1.28.1,2025-06-18,"experimental,prompts,resources,tools",https://data-compute-stats-mcp.mcpize.run/oauth/authorize?server_id=7ce0b10a-55c5-41cc-b354-b89f9e8f0041,https://data-compute-stats-mcp.mcpize.run/oauth/token,https://data-compute-stats-mcp.mcpize.run/oauth/register,True,"mcp:tools,mcp:resources,mcp:prompts",https://data-compute-stats-mcp.mcpize.run,https://data-compute-stats-mcp.mcpize.run/.well-known/oauth-protected-resource,,mcp_registry,
deckextract.com,https://deckextract.com/mcp,A_verified_mcp,oauth,True,200,deckextract,1.3.0,2025-06-18,"resources,tools",https://oszhmiypdhslydimpvwi.supabase.co/auth/v1/oauth/authorize,https://oszhmiypdhslydimpvwi.supabase.co/auth/v1/oauth/token,https://oszhmiypdhslydimpvwi.supabase.co/auth/v1/oauth/clients/register,True,email,https://oszhmiypdhslydimpvwi.supabase.co/auth/v1,https://deckextract.com/.well-known/oauth-protected-resource/mcp,,mcp_registry,
developers.tremendous.com,https://developers.tremendous.com/mcp,A_verified_mcp,oauth,True,401,,,,,https://dash.readme.com/oidc/auth,https://dash.readme.com/oidc/token,https://dash.readme.com/oidc/reg,True,"openid,offline_access,mcp:read,mcp:write,email,profile",https://dash.readme.com/oidc,https://developers.tremendous.com/.well-known/oauth-protected-resource/mcp,,umbrella_majestic_apex,
device.cloud.remarkable.com,https://device.cloud.remarkable.com/mcp,A_verified_mcp,oauth,True,401,,,,,,,,False,,,https://device.cloud.remarkable.com/.well-known/oauth-protected-resource/mcp,"Bearer resource_metadata=""https://device.cloud.remarkable.com/.well-known/oauth-protected-resource/mcp""",umbrella_majestic_apex,
dictionary-lexicon-mcp.mcpize.run,https://dictionary-lexicon-mcp.mcpize.run/mcp,A_verified_mcp,oauth,True,200,Lexicon Master,,,,https://dictionary-lexicon-mcp.mcpize.run/oauth/authorize?server_id=c3198e98-34fc-46f9-bf67-dd89695d49a9,https://dictionary-lexicon-mcp.mcpize.run/oauth/token,https://dictionary-lexicon-mcp.mcpize.run/oauth/register,True,"mcp:tools,mcp:resources,mcp:prompts",https://dictionary-lexicon-mcp.mcpize.run,https://dictionary-lexicon-mcp.mcpize.run/.well-known/oauth-protected-resource,,mcp_registry,
dimhour-mcp.jakeoborn.workers.dev,https://dimhour-mcp.jakeoborn.workers.dev/mcp,A_verified_mcp,oauth,True,200,Dim Hour,2.2.0,2025-06-18,"resources,tools",https://dimhour-mcp.jakeoborn.workers.dev/oauth/authorize,https://dimhour-mcp.jakeoborn.workers.dev/oauth/token,https://dimhour-mcp.jakeoborn.workers.dev/oauth/register,True,dimhour.write,https://dimhour-mcp.jakeoborn.workers.dev,https://dimhour-mcp.jakeoborn.workers.dev/.well-known/oauth-protected-resource,,mcp_registry,
dns-lookup-mcp.mcpize.run,https://dns-lookup-mcp.mcpize.run/mcp,A_verified_mcp,oauth,True,200,dns_lookup_mcp,1.28.1,2025-06-18,"experimental,prompts,resources,tools",https://dns-lookup-mcp.mcpize.run/oauth/authorize?server_id=2f824f21-9fc7-420e-9604-7e8c3b35cf93,https://dns-lookup-mcp.mcpize.run/oauth/token,https://dns-lookup-mcp.mcpize.run/oauth/register,True,"mcp:tools,mcp:resources,mcp:prompts",https://dns-lookup-mcp.mcpize.run,https://dns-lookup-mcp.mcpize.run/.well-known/oauth-protected-resource,,mcp_registry,
docs.branchapp.com,https://docs.branchapp.com/mcp,A_verified_mcp,oauth,True,200,branch-app-group,1.0.0,2025-06-18,tools,https://dash.readme.com/oidc/auth,https://dash.readme.com/oidc/token,https://dash.readme.com/oidc/reg,True,"openid,offline_access,mcp:read,mcp:write,email,profile",https://dash.readme.com/oidc,https://docs.branchapp.com/.well-known/oauth-protected-resource/mcp,,mcp_registry,
docs.vybenetwork.com,https://docs.vybenetwork.com/mcp,A_verified_mcp,oauth,True,200,Solana API & WebSocket Docs,4.0.4,2025-06-18,tools,https://dash.readme.com/oidc/auth,https://dash.readme.com/oidc/token,https://dash.readme.com/oidc/reg,True,"openid,offline_access,mcp:read,mcp:write,email,profile",https://dash.readme.com/oidc,https://docs.vybenetwork.com/.well-known/oauth-protected-resource/mcp,,mcp_registry,
doomscrollr-mcp-947725b885f2.herokuapp.com,https://doomscrollr-mcp-947725b885f2.herokuapp.com/mcp,A_verified_mcp,oauth,True,401,,,,,https://mcp.doomscrollr.com/oauth/authorize,https://mcp.doomscrollr.com/oauth/token,https://mcp.doomscrollr.com/oauth/register,True,mcp,https://mcp.doomscrollr.com,https://doomscrollr-mcp-947725b885f2.herokuapp.com/.well-known/oauth-protected-resource/mcp,,mcp_registry,
doxa.app,https://doxa.app/mcp/v1,A_verified_mcp,oauth,True,200,doxa-mcp,1.0.0,2024-11-05,tools,https://nhkmkvwodisevtyvauvt.supabase.co/auth/v1/oauth/authorize,https://nhkmkvwodisevtyvauvt.supabase.co/auth/v1/oauth/token,,False,"openid,profile,email",https://nhkmkvwodisevtyvauvt.supabase.co/auth/v1,https://doxa.app/.well-known/oauth-protected-resource,,mcp_registry,
dreameros-scs-gateway-production.up.railway.app,https://dreameros-scs-gateway-production.up.railway.app/mcp,A_verified_mcp,oauth,True,401,,,,,https://dreameros-scs-gateway-production.up.railway.app/oauth/authorize,https://dreameros-scs-gateway-production.up.railway.app/oauth/token,https://dreameros-scs-gateway-production.up.railway.app/oauth/register,True,"chat,memory,profile",https://dreameros-scs-gateway-production.up.railway.app,https://dreameros-scs-gateway-production.up.railway.app/.well-known/oauth-protected-resource/mcp,,mcp_registry,
dxptnwrhwsqckaftyymj.supabase.co,https://dxptnwrhwsqckaftyymj.supabase.co/functions/v1/mcp,A_verified_mcp,oauth,True,401,,,,,https://kensaur.us/mushi-mushi/hosted-mcp/oauth/authorize,https://kensaur.us/mushi-mushi/hosted-mcp/oauth/token,https://kensaur.us/mushi-mushi/hosted-mcp/oauth/register,True,"mcp:read,mcp:write",https://kensaur.us/mushi-mushi/hosted-mcp,https://kensaur.us/mushi-mushi/hosted-mcp/.well-known/oauth-protected-resource,"Bearer resource_metadata=""https://kensaur.us/mushi-mushi/hosted-mcp/.well-known/oauth-protected-resource""",mcp_registry,
dynamicbusiness.com,https://dynamicbusiness.com/api/mcp,A_verified_mcp,oauth,True,200,Dynamic Business,1.2.0,2025-06-18,tools,,,,False,"openid,email,profile",,https://dynamicbusiness.com/.well-known/oauth-protected-resource,,umbrella_majestic_apex,
earthquake-monitor-mcp.mcpize.run,https://earthquake-monitor-mcp.mcpize.run/mcp,A_verified_mcp,oauth,True,200,earthquake_monitor_mcp,1.28.1,2025-06-18,"experimental,prompts,resources,tools",https://earthquake-monitor-mcp.mcpize.run/oauth/authorize?server_id=8ffb7056-9def-47dc-90d7-aea1fd412ef6,https://earthquake-monitor-mcp.mcpize.run/oauth/token,https://earthquake-monitor-mcp.mcpize.run/oauth/register,True,"mcp:tools,mcp:resources,mcp:prompts",https://earthquake-monitor-mcp.mcpize.run,https://earthquake-monitor-mcp.mcpize.run/.well-known/oauth-protected-resource,,mcp_registry,
eckorea24.cafe24api.com,https://eckorea24.cafe24api.com/api/mcp,A_verified_mcp,oauth,True,200,cafe24-mcp-server,1.0.0,2025-03-26,"experimental,prompts,resources,tools",https://eckorea24.cafe24api.com/api/v2/oauth/authorize,https://eckorea24.cafe24api.com/api/v2/oauth/token,,False,"openid,mall.read_customer_order,mall.write_customer_order",https://eckorea24.cafe24api.com,https://eckorea24.cafe24api.com/.well-known/oauth-protected-resource/api/mcp,,umbrella_majestic_apex,
ecommerce-mcp.mcpize.run,https://ecommerce-mcp.mcpize.run/mcp,A_verified_mcp,oauth,True,200,Global Product Explorer,,,,https://ecommerce-mcp.mcpize.run/oauth/authorize?server_id=7d7fb07a-a5e3-4eaf-933d-753b11fe8807,https://ecommerce-mcp.mcpize.run/oauth/token,https://ecommerce-mcp.mcpize.run/oauth/register,True,"mcp:tools,mcp:resources,mcp:prompts",https://ecommerce-mcp.mcpize.run,https://ecommerce-mcp.mcpize.run/.well-known/oauth-protected-resource,,mcp_registry,
ego.dog,https://ego.dog/api/mcp,A_verified_mcp,oauth,True,401,,,,,https://ego.dog/oauth/authorize,https://ego.dog/api/oauth/token,https://ego.dog/api/oauth/register,True,"read,generate,write",https://ego.dog,https://ego.dog/.well-known/oauth-protected-resource,"Bearer error=""invalid_token"", error_description=""No authorization provided"", scope=""generate"", resource_metadata=""https://ego.dog/.well-known/oauth-protected-resource""",mcp_registry,
elsa-agent-gateway.jcposada.workers.dev,https://elsa-agent-gateway.jcposada.workers.dev/mcp,A_verified_mcp,oauth,True,200,elsa-agent-gateway,0.1.0,2025-06-18,tools,https://elsa-agent-gateway.jcposada.workers.dev/authorize,https://elsa-agent-gateway.jcposada.workers.dev/token,https://elsa-agent-gateway.jcposada.workers.dev/register,True,,https://elsa-agent-gateway.jcposada.workers.dev,https://elsa-agent-gateway.jcposada.workers.dev/.well-known/oauth-protected-resource/mcp,,mcp_registry,
encore-pages-mcp.vercel.app,https://encore-pages-mcp.vercel.app/mcp,A_verified_mcp,oauth,True,401,Encore hosted page tools,,,,https://encorehq.co/oauth/authorize,https://encorehq.co/oauth/token,https://encorehq.co/oauth/register,True,"mcp:read,mcp:write",https://encorehq.co,https://encore-pages-mcp.vercel.app/.well-known/oauth-protected-resource/mcp,,mcp_registry,
environment-nature-mcp.mcpize.run,https://environment-nature-mcp.mcpize.run/mcp,A_verified_mcp,oauth,True,200,Global Weather Insights,,,,https://environment-nature-mcp.mcpize.run/oauth/authorize?server_id=4a459d58-3b22-4db4-b70a-e9344204d196,https://environment-nature-mcp.mcpize.run/oauth/token,https://environment-nature-mcp.mcpize.run/oauth/register,True,"mcp:tools,mcp:resources,mcp:prompts",https://environment-nature-mcp.mcpize.run,https://environment-nature-mcp.mcpize.run/.well-known/oauth-protected-resource,,mcp_registry,
esimtabby.com,https://esimtabby.com/mcp,A_verified_mcp,oauth,True,401,,,,,https://scientific-cafe-65.authkit.app/oauth2/authorize,https://scientific-cafe-65.authkit.app/oauth2/token,https://scientific-cafe-65.authkit.app/oauth2/register,True,"email,offline_access,openid,profile",https://scientific-cafe-65.authkit.app,https://esimtabby.com/.well-known/oauth-protected-resource/mcp,"Bearer resource_metadata=""https://esimtabby.com/.well-known/oauth-protected-resource/mcp""",mcp_registry,
eu1app.churnzero.net,https://eu1app.churnzero.net/mcp,A_verified_mcp,oauth,True,401,,,,,https://app.churnzero.net/oauth2/authorize,https://app.churnzero.net/oauth2/token,https://app.churnzero.net/oauth2/register,True,"mcp,offline_access",https://app.churnzero.net,https://app.churnzero.net/.well-known/oauth-protected-resource,"Bearer resource_metadata=""https://app.churnzero.net/.well-known/oauth-protected-resource""",umbrella_majestic_apex,
eurocomply.app,https://eurocomply.app/api/mcp,A_verified_mcp,oauth,True,200,eurocomply,0.3.0,2024-11-05,"prompts,resources,tools",https://wnigrcerydkovcaqpnip.supabase.co/auth/v1/oauth/authorize,https://wnigrcerydkovcaqpnip.supabase.co/auth/v1/oauth/token,,False,"openid,email,profile",https://wnigrcerydkovcaqpnip.supabase.co/auth/v1,https://eurocomply.app/.well-known/oauth-protected-resource,,mcp_registry,
fabtally.com,https://fabtally.com/mcp,A_verified_mcp,oauth,True,200,fabtally,1.0.0,2025-06-18,tools,https://fabtally.com/oauth/authorize,https://fabtally.com/oauth/token,https://fabtally.com/oauth/register,True,fabtally.slice,https://fabtally.com,https://fabtally.com/.well-known/oauth-protected-resource/mcp,,mcp_registry,
fanvault.shop,https://fanvault.shop/mcp,A_verified_mcp,oauth,True,401,,,,,https://mmsbcgylfgzqwocwxrde.supabase.co/auth/v1/oauth/authorize,https://mmsbcgylfgzqwocwxrde.supabase.co/auth/v1/oauth/token,https://mmsbcgylfgzqwocwxrde.supabase.co/auth/v1/oauth/clients/register,True,"openid,profile,email,phone",https://mmsbcgylfgzqwocwxrde.supabase.co/auth/v1,https://fanvault.shop/.well-known/oauth-protected-resource/mcp,,mcp_registry,
fast.wistia.net,https://fast.wistia.net/mcp,A_verified_mcp,oauth,True,403,Wistia,,,,https://api.wistia.com/oauth/authorize,https://api.wistia.com/oauth/token,https://api.wistia.com/oauth/register,True,"all:read,all:delegate_to_contact_permissions,all:all,media:read,media:upload,project:write,stats:read",https://api.wistia.com,https://fast.wistia.net/.well-known/oauth-protected-resource/mcp,,umbrella_majestic_apex,
finance-fintech-mcp.mcpize.run,https://finance-fintech-mcp.mcpize.run/mcp,A_verified_mcp,oauth,True,200,finance_fintech_mcp,1.28.1,2025-06-18,"experimental,prompts,resources,tools",https://finance-fintech-mcp.mcpize.run/oauth/authorize?server_id=8103dc0a-22ce-42e6-b1b0-cc1326d8f1d0,https://finance-fintech-mcp.mcpize.run/oauth/token,https://finance-fintech-mcp.mcpize.run/oauth/register,True,"mcp:tools,mcp:resources,mcp:prompts",https://finance-fintech-mcp.mcpize.run,https://finance-fintech-mcp.mcpize.run/.well-known/oauth-protected-resource,,mcp_registry,
foxyio.usefulapi.io,https://foxyio.usefulapi.io/api/mcp,A_verified_mcp,oauth,True,403,,,,,https://foxyio.usefulapi.io/authorize,https://foxyio.usefulapi.io/token,https://foxyio.usefulapi.io/register,True,"read,write",https://foxyio.usefulapi.io,,,mcp_registry,
framekeep.com,https://framekeep.com/api/mcp,A_verified_mcp,oauth,True,200,com.framekeep/public,1.2.0,2025-06-18,tools,,,,False,,,https://framekeep.com/.well-known/oauth-protected-resource,,mcp_registry,
francolabs.vercel.app,https://francolabs.vercel.app/mcp,A_verified_mcp,oauth,True,401,,,,,https://francolabs.vercel.app/oauth/authorize,https://francolabs.vercel.app/oauth/token,https://francolabs.vercel.app/oauth/register,True,"templates:read,projects:read,projects:write,studies:read,studies:write,responses:read,contacts:read,contacts:write",https://francolabs.vercel.app,https://francolabs.vercel.app/.well-known/oauth-protected-resource/mcp,,mcp_registry,
gateway.embersds.com,https://gateway.embersds.com/mcp,A_verified_mcp,oauth,True,401,,,,,https://imagine.embersds.com/oauth/authorize,https://sso.embersds.com/v1/oauth/token,https://sso.embersds.com/v1/oauth/register,True,"profile,vault:read,vault:write,play:read,play:write,imagine:read,imagine:write",https://sso.embersds.com,https://gateway.embersds.com/.well-known/oauth-protected-resource,"Bearer resource_metadata=""https://gateway.embersds.com/.well-known/oauth-protected-resource""",mcp_registry,
getcallme.app,https://getcallme.app/mcp,A_verified_mcp,oauth,True,401,,,,,https://getcallme.app/oauth/authorize,https://getcallme.app/oauth/token,https://getcallme.app/oauth/register,True,call:me,https://getcallme.app,https://getcallme.app/.well-known/oauth-protected-resource,"Bearer resource_metadata=""https://getcallme.app/.well-known/oauth-protected-resource""",mcp_registry,
getcurrentoffer.com,https://getcurrentoffer.com/api/mcp,A_verified_mcp,oauth,True,401,,,,,https://cc-merch-offer-c7x1tdpip-chipao-hongs-projects.vercel.app/api/mcp/oauth/authorize,https://cc-merch-offer-c7x1tdpip-chipao-hongs-projects.vercel.app/api/mcp/oauth/token,https://cc-merch-offer-c7x1tdpip-chipao-hongs-projects.vercel.app/api/mcp/oauth/register,True,mcp:admin,https://cc-merch-offer-c7x1tdpip-chipao-hongs-projects.vercel.app,https://getcurrentoffer.com/.well-known/oauth-protected-resource,,mcp_registry,
getquieta.app,https://getquieta.app/mcp,A_verified_mcp,oauth,True,401,Quieta MCP,,,,https://xvrouzpzkakaqncphozl.supabase.co/auth/v1/oauth/authorize,https://xvrouzpzkakaqncphozl.supabase.co/auth/v1/oauth/token,https://xvrouzpzkakaqncphozl.supabase.co/auth/v1/oauth/clients/register,True,"openid,profile,email",https://xvrouzpzkakaqncphozl.supabase.co/auth/v1,https://getquieta.app/.well-known/oauth-protected-resource/mcp,"Bearer resource_metadata=""https://getquieta.app/.well-known/oauth-protected-resource/mcp""",mcp_registry,
gisti-mcp.gisti.workers.dev,https://gisti-mcp.gisti.workers.dev/mcp,A_verified_mcp,oauth,True,401,,,,,https://gisti-mcp.gisti.workers.dev/authorize,https://gisti-mcp.gisti.workers.dev/token,https://gisti-mcp.gisti.workers.dev/register,True,,https://gisti-mcp.gisti.workers.dev,https://gisti-mcp.gisti.workers.dev/.well-known/oauth-protected-resource/mcp,"Bearer realm=""OAuth"", resource_metadata=""https://gisti-mcp.gisti.workers.dev/.well-known/oauth-protected-resource/mcp"", error=""invalid_token"", error_description=""Missing or invalid access token""",mcp_registry,
gocardless.usefulapi.io,https://gocardless.usefulapi.io/mcp,A_verified_mcp,oauth,True,200,gocardless-mcp,1.0.1,2025-06-18,tools,https://gocardless.usefulapi.io/authorize,https://gocardless.usefulapi.io/token,https://gocardless.usefulapi.io/register,True,"read,write",https://gocardless.usefulapi.io,https://gocardless.usefulapi.io/.well-known/oauth-protected-resource/mcp,,mcp_registry,
gponcrussdahcdyrlhcr.supabase.co,https://gponcrussdahcdyrlhcr.supabase.co/functions/v1/mcp-server?ref=mcp_registry,A_verified_mcp,oauth,True,200,vocab-voyage,1.2.0,2025-06-18,"prompts,resources,tools",https://gponcrussdahcdyrlhcr.supabase.co/auth/v1/oauth/authorize,https://gponcrussdahcdyrlhcr.supabase.co/auth/v1/oauth/token,https://gponcrussdahcdyrlhcr.supabase.co/auth/v1/oauth/clients/register,True,"mcp.read,mcp.tools,profile.read,progress.read",https://gponcrussdahcdyrlhcr.supabase.co/auth/v1,https://vocab.voyage/.well-known/oauth-protected-resource,"Bearer realm=""vocab-voyage-mcp"", resource_metadata=""https://vocab.voyage/.well-known/oauth-protected-resource""",mcp_registry,
groove-hq.usefulapi.io,https://groove-hq.usefulapi.io/mcp,A_verified_mcp,oauth,True,200,groove-hq-mcp,1.0.0,2025-06-18,tools,https://groove-hq.usefulapi.io/authorize,https://groove-hq.usefulapi.io/token,https://groove-hq.usefulapi.io/register,True,"read,write",https://groove-hq.usefulapi.io,https://groove-hq.usefulapi.io/.well-known/oauth-protected-resource/mcp,,mcp_registry,
headlessoracle.mmsebenzi-oracle.workers.dev,https://headlessoracle.mmsebenzi-oracle.workers.dev/mcp,A_verified_mcp,oauth,True,200,headless-oracle,5.0.0,2024-11-05,"prompts,resources,tools",,,,False,oracle:read,,https://headlessoracle.mmsebenzi-oracle.workers.dev/.well-known/oauth-protected-resource,,mcp_registry,
healthchecksio.usefulapi.io,https://healthchecksio.usefulapi.io/mcp,A_verified_mcp,oauth,True,200,healthchecksio-mcp,1.0.0,2025-06-18,tools,,,,False,"read,write",,https://healthchecksio.usefulapi.io/.well-known/oauth-protected-resource/mcp,,mcp_registry,
healthie.usefulapi.io,https://healthie.usefulapi.io/mcp,A_verified_mcp,oauth,True,200,healthie-mcp,1.0.1,2025-06-18,tools,https://healthie.usefulapi.io/authorize,https://healthie.usefulapi.io/token,https://healthie.usefulapi.io/register,True,"read,write",https://healthie.usefulapi.io,https://healthie.usefulapi.io/.well-known/oauth-protected-resource/mcp,,mcp_registry,
helios.cohesity.com,https://helios.cohesity.com/mcp,A_verified_mcp,oauth,True,401,Cohesity Data Cloud,,,,https://helios.cohesity.com/oauth2/authorize,https://helios.cohesity.com/oauth2/token,,False,"openid,email,profile,cohesity_gaia_viewer,cohesity_user,cohesity_viewer",https://helios.cohesity.com,https://helios.cohesity.com/.well-known/oauth-protected-resource,"Bearer resource_metadata=""https://helios.cohesity.com/.well-known/oauth-protected-resource""",umbrella_majestic_apex,
hemmabo-mcp-server.vercel.app,https://hemmabo-mcp-server.vercel.app/mcp,A_verified_mcp,oauth,True,200,hemmabo-mcp-server,4.0.1,2025-03-26,"prompts,resources,tools",https://hemmabo-mcp-server.vercel.app/oauth/authorize,https://hemmabo-mcp-server.vercel.app/oauth/token,https://hemmabo-mcp-server.vercel.app/oauth/register,True,mcp,https://hemmabo-mcp-server.vercel.app,https://hemmabo-mcp-server.vercel.app/.well-known/oauth-protected-resource,,mcp_registry,
hermes-storefront.onrender.com,https://hermes-storefront.onrender.com/mcp,A_verified_mcp,oauth,True,200,dwelldata-real-estate,1.0.0,2025-06-18,tools,,,,False,,,https://hermes-storefront.onrender.com/.well-known/oauth-protected-resource/mcp,,mcp_registry,
hevy-coach.ajwallacemusic.workers.dev,https://hevy-coach.ajwallacemusic.workers.dev/mcp,A_verified_mcp,oauth,True,401,,,,,https://hevy-coach.ajwallacemusic.workers.dev/authorize,https://hevy-coach.ajwallacemusic.workers.dev/token,https://hevy-coach.ajwallacemusic.workers.dev/register,True,,https://hevy-coach.ajwallacemusic.workers.dev,https://hevy-coach.ajwallacemusic.workers.dev/.well-known/oauth-protected-resource/mcp,"Bearer realm=""OAuth"", resource_metadata=""https://hevy-coach.ajwallacemusic.workers.dev/.well-known/oauth-protected-resource/mcp"", error=""invalid_token"", error_description=""Missing or invalid access to",mcp_registry,
historis-api-production.up.railway.app,https://historis-api-production.up.railway.app/mcp,A_verified_mcp,oauth,True,401,Historis MCP Server,,,,https://vetgeoovdhtptbzevupy.supabase.co/auth/v1/oauth/authorize,https://vetgeoovdhtptbzevupy.supabase.co/auth/v1/oauth/token,https://vetgeoovdhtptbzevupy.supabase.co/auth/v1/oauth/clients/register,True,"openid,profile,email",https://vetgeoovdhtptbzevupy.supabase.co/auth/v1,https://api.historis.app/.well-known/oauth-protected-resource,"Bearer resource_metadata=""https://api.historis.app/.well-known/oauth-protected-resource""",mcp_registry,
hosted-server-1039762986179.us-central1.run.app,https://hosted-server-1039762986179.us-central1.run.app/mcp,A_verified_mcp,oauth,True,401,,,,,https://agentcentral.to/oauth/authorize,https://agentcentral.to/api/oauth/token,,False,"ads:read,inventory:read,catalog:read,finance:read,fulfillment:read,ranking:read",https://agentcentral.to,https://mcp.agentcentral.to/.well-known/oauth-protected-resource/mcp,"Bearer resource_metadata=""https://mcp.agentcentral.to/.well-known/oauth-protected-resource/mcp""",mcp_registry,
hr.talentohq.com,https://hr.talentohq.com/mcp,A_verified_mcp,oauth,True,401,,,,,https://hr.talentohq.com/oauth/authorize,https://hr.talentohq.com/oauth/token,https://hr.talentohq.com/oauth/register,True,"mcp_access,mcp_tools_read,mcp_tools_write,mcp_resources_read",https://hr.talentohq.com,https://hr.talentohq.com/.well-known/oauth-protected-resource,"Bearer resource_metadata=""https://hr.talentohq.com/.well-known/oauth-protected-resource""",awesome_lists,
htmldrop.app,https://htmldrop.app/mcp,A_verified_mcp,oauth,True,200,htmldrop,0.3.4,2025-06-18,"prompts,resources,tools",https://htmldrop.app/oauth/authorize,https://htmldrop.app/oauth/token,https://htmldrop.app/oauth/register,True,"mcp,cli",https://htmldrop.app,https://htmldrop.app/.well-known/oauth-protected-resource/mcp,,mcp_registry,
htmlpdf-transform-mcp.mcpize.run,https://htmlpdf-transform-mcp.mcpize.run/mcp,A_verified_mcp,oauth,True,200,html_transform_mcp,1.28.1,2025-06-18,"experimental,prompts,resources,tools",https://htmlpdf-transform-mcp.mcpize.run/oauth/authorize?server_id=46bac795-eece-4183-9cc5-f6a95e0fe936,https://htmlpdf-transform-mcp.mcpize.run/oauth/token,https://htmlpdf-transform-mcp.mcpize.run/oauth/register,True,"mcp:tools,mcp:resources,mcp:prompts",https://htmlpdf-transform-mcp.mcpize.run,https://htmlpdf-transform-mcp.mcpize.run/.well-known/oauth-protected-resource,,mcp_registry,
hyades-mcp.apg.workers.dev,https://hyades-mcp.apg.workers.dev/mcp,A_verified_mcp,oauth,True,200,hyades,1.0.0,2024-11-05,tools,,,,False,,,https://hyades-mcp.apg.workers.dev/.well-known/oauth-protected-resource,,mcp_registry,
iihzbnyxbxhsrexqsori.supabase.co,https://iihzbnyxbxhsrexqsori.supabase.co/functions/v1/localplate-mcp,A_verified_mcp,oauth,True,401,,,,,https://iihzbnyxbxhsrexqsori.supabase.co/auth/v1/oauth/authorize,https://iihzbnyxbxhsrexqsori.supabase.co/auth/v1/oauth/token,https://iihzbnyxbxhsrexqsori.supabase.co/auth/v1/oauth/clients/register,True,"openid,profile,email",https://iihzbnyxbxhsrexqsori.supabase.co/auth/v1,https://iihzbnyxbxhsrexqsori.supabase.co/functions/v1/localplate-mcp/.well-known/oauth-protected-resource,"Bearer resource_metadata=""https://iihzbnyxbxhsrexqsori.supabase.co/functions/v1/localplate-mcp/.well-known/oauth-protected-resource"", scope=""openid profile email"", error=""invalid_token"", error_descrip",mcp_registry,
integrations.getmontecarlo.com,https://integrations.getmontecarlo.com/mcp,A_verified_mcp,oauth,True,401,,,,,https://auth.getmontecarlo.com/oauth2/authorize,https://auth.getmontecarlo.com/oauth2/token,https://auth.getmontecarlo.com/oauth2/register,True,"email,offline_access,openid,profile",https://auth.getmontecarlo.com,https://integrations.getmontecarlo.com/.well-known/oauth-protected-resource/mcp,,mcp_registry,
interbang.app,https://interbang.app/api/mcp,A_verified_mcp,oauth,True,401,,,,,https://egvrjjoptbsmukckjkzy.supabase.co/auth/v1/oauth/authorize,https://egvrjjoptbsmukckjkzy.supabase.co/auth/v1/oauth/token,https://egvrjjoptbsmukckjkzy.supabase.co/auth/v1/oauth/clients/register,True,openid,https://egvrjjoptbsmukckjkzy.supabase.co/auth/v1,https://interbang.app/.well-known/oauth-protected-resource/api/mcp,,mcp_registry,
ip-geolocation-mcp.mcpize.run,https://ip-geolocation-mcp.mcpize.run/mcp,A_verified_mcp,oauth,True,200,ip_geolocation_mcp,1.28.1,2025-06-18,"experimental,prompts,resources,tools",https://ip-geolocation-mcp.mcpize.run/oauth/authorize?server_id=dc41e999-0407-4fa8-a6b6-314f33ee051b,https://ip-geolocation-mcp.mcpize.run/oauth/token,https://ip-geolocation-mcp.mcpize.run/oauth/register,True,"mcp:tools,mcp:resources,mcp:prompts",https://ip-geolocation-mcp.mcpize.run,https://ip-geolocation-mcp.mcpize.run/.well-known/oauth-protected-resource,,mcp_registry,
jobero.ai,https://jobero.ai/mcp,A_verified_mcp,oauth,True,200,jobero,1.0.0,2025-06-18,tools,https://jobero.ai/sign-in,https://jobero.ai/api/v1/register,https://jobero.ai/api/v1/register,True,"searches:read,searches:write,checkout",https://jobero.ai,https://jobero.ai/.well-known/oauth-protected-resource,,mcp_registry,
kentcdodds.com,https://kentcdodds.com/mcp,A_verified_mcp,oauth,True,401,KCD MCP server,,,,https://kcd-oauth-provider.kentcdodds.workers.dev/oauth/authorize,https://kcd-oauth-provider.kentcdodds.workers.dev/oauth/token,https://kcd-oauth-provider.kentcdodds.workers.dev/oauth/register,True,mcp:tools,https://kcd-oauth-provider.kentcdodds.workers.dev,https://kentcdodds.com/.well-known/oauth-protected-resource/mcp,"Bearer resource_metadata=""https://kentcdodds.com/.well-known/oauth-protected-resource/mcp"", error=""unauthorized"", error_description=""Unauthorized""",umbrella_majestic_apex,
kite-mcp-server.fly.dev,https://kite-mcp-server.fly.dev/mcp,A_verified_mcp,oauth,True,401,,,,,https://kite-mcp-server.fly.dev/oauth/authorize,https://kite-mcp-server.fly.dev/oauth/token,https://kite-mcp-server.fly.dev/oauth/register,True,,https://kite-mcp-server.fly.dev,https://kite-mcp-server.fly.dev/.well-known/oauth-protected-resource,"Bearer resource_metadata=""https://kite-mcp-server.fly.dev/.well-known/oauth-protected-resource""",mcp_registry,
kojwpbbznaxyoxyqfacc.supabase.co,https://kojwpbbznaxyoxyqfacc.supabase.co/functions/v1/mcp,A_verified_mcp,oauth,True,401,ValYou,,,,https://kojwpbbznaxyoxyqfacc.supabase.co/auth/v1/oauth/authorize,https://kojwpbbznaxyoxyqfacc.supabase.co/auth/v1/oauth/token,https://kojwpbbznaxyoxyqfacc.supabase.co/auth/v1/oauth/clients/register,True,"openid,profile,email,phone",https://kojwpbbznaxyoxyqfacc.supabase.co/auth/v1,https://kojwpbbznaxyoxyqfacc.supabase.co/functions/v1/mcp/.well-known/oauth-protected-resource,"Bearer realm=""mcp"", resource_metadata=""https://kojwpbbznaxyoxyqfacc.supabase.co/functions/v1/mcp/.well-known/oauth-protected-resource""",mcp_registry,
kubova.com,https://kubova.com/mcp,A_verified_mcp,oauth,True,200,kubova,1.0.0,2025-06-18,tools,https://jhqgmtqmewbnxmsfyqpy.supabase.co/auth/v1/oauth/authorize,https://jhqgmtqmewbnxmsfyqpy.supabase.co/auth/v1/oauth/token,https://jhqgmtqmewbnxmsfyqpy.supabase.co/auth/v1/oauth/clients/register,True,"openid,profile,email,phone",https://jhqgmtqmewbnxmsfyqpy.supabase.co/auth/v1,https://kubova.com/.well-known/oauth-protected-resource/mcp,,mcp_registry,
lago.usefulapi.io,https://lago.usefulapi.io/api/mcp,A_verified_mcp,oauth,True,403,,,,,https://lago.usefulapi.io/authorize,https://lago.usefulapi.io/token,https://lago.usefulapi.io/register,True,"read,write",https://lago.usefulapi.io,https://lago.usefulapi.io/.well-known/oauth-protected-resource,,mcp_registry,
leaseiq-pro.mcpize.run,https://leaseiq-pro.mcpize.run/mcp,A_verified_mcp,oauth,True,200,leaseiq-pro via MCPize,1.0.0,2025-06-18,tools,https://leaseiq-pro.mcpize.run/oauth/authorize?server_id=b1a3ae8c-03ba-49eb-bd8e-dd6463ad25df,https://leaseiq-pro.mcpize.run/oauth/token,https://leaseiq-pro.mcpize.run/oauth/register,True,"mcp:tools,mcp:resources,mcp:prompts",https://leaseiq-pro.mcpize.run,https://leaseiq-pro.mcpize.run/.well-known/oauth-protected-resource,,mcp_registry,
lemonsqueezy.usefulapi.io,https://lemonsqueezy.usefulapi.io/api/mcp,A_verified_mcp,oauth,True,403,,,,,https://lemonsqueezy.usefulapi.io/authorize,https://lemonsqueezy.usefulapi.io/token,https://lemonsqueezy.usefulapi.io/register,True,"read,write",https://lemonsqueezy.usefulapi.io,https://lemonsqueezy.usefulapi.io/.well-known/oauth-protected-resource,,mcp_registry,
lexia-juris-mcp.lexia-pro.workers.dev,https://lexia-juris-mcp.lexia-pro.workers.dev/mcp,A_verified_mcp,oauth,True,401,,,,,https://lexia-juris-mcp.lexia-pro.workers.dev/oauth/authorize,https://lexia-juris-mcp.lexia-pro.workers.dev/oauth/token,https://lexia-juris-mcp.lexia-pro.workers.dev/oauth/register,True,"mcp:read,mcp:write",https://lexia-juris-mcp.lexia-pro.workers.dev,https://lexia-juris-mcp.lexia-pro.workers.dev/.well-known/oauth-protected-resource,"Bearer realm=""https://lexia-juris-mcp.lexia-pro.workers.dev""",mcp_registry,
lexia-pro-mcp.lexia-pro.workers.dev,https://lexia-pro-mcp.lexia-pro.workers.dev/mcp,A_verified_mcp,oauth,True,401,,,,,https://lexia-pro-mcp.lexia-pro.workers.dev/oauth/authorize,https://lexia-pro-mcp.lexia-pro.workers.dev/oauth/token,https://lexia-pro-mcp.lexia-pro.workers.dev/oauth/register,True,"mcp:read,mcp:write",https://lexia-pro-mcp.lexia-pro.workers.dev,https://lexia-pro-mcp.lexia-pro.workers.dev/.well-known/oauth-protected-resource,,mcp_registry,
lib.csgpmarketplace.com,https://lib.csgpmarketplace.com/mcp,A_verified_mcp,oauth,True,403,,,,,https://accounts.google.com/o/oauth2/v2/auth,https://oauth2.googleapis.com/token,,False,https://www.googleapis.com/auth/devstorage.read_write,https://accounts.google.com,https://lib.csgpmarketplace.com/.well-known/oauth-protected-resource/mcp,,umbrella_majestic_apex,
library.municode.com,https://library.municode.com/mcp,A_verified_mcp,oauth,True,401,,,,,https://cpauthentication.civicplus.com/connect/authorize,https://cpauthentication.civicplus.com/connect/token,,False,mcp:tools,https://cpauthentication.civicplus.com,https://library.municode.com/.well-known/oauth-protected-resource/mcp,Bearer,umbrella_majestic_apex,
linear.usefulapi.io,https://linear.usefulapi.io/api/mcp,A_verified_mcp,oauth,True,403,,,,,https://linear.usefulapi.io/authorize,https://linear.usefulapi.io/token,https://linear.usefulapi.io/register,True,"read,write",https://linear.usefulapi.io,https://linear.usefulapi.io/.well-known/oauth-protected-resource/api/mcp,,mcp_registry,
lob.usefulapi.io,https://lob.usefulapi.io/api/mcp,A_verified_mcp,oauth,True,403,,,,,,,,False,"read,write",,https://lob.usefulapi.io/.well-known/oauth-protected-resource/api/mcp,,mcp_registry,
loops.usefulapi.io,https://loops.usefulapi.io/api/mcp,A_verified_mcp,oauth,True,403,,,,,,,,False,"read,write",,https://loops.usefulapi.io/.well-known/oauth-protected-resource/api/mcp,,mcp_registry,
los.rightmove.co.uk,https://los.rightmove.co.uk/mcp,A_verified_mcp,oauth,True,401,,,,,,,,False,,,https://los.rightmove.co.uk/.well-known/oauth-protected-resource,"Bearer resource_metadata=""https://los.rightmove.co.uk/.well-known/oauth-protected-resource""",umbrella_majestic_apex,
ls.chatid.com,https://ls.chatid.com/mcp,A_verified_mcp,oauth,True,401,,,,,https://ls.chatid.com/oauth/authorize,https://ls.chatid.com/oauth/token,,False,claudeai,https://ls.chatid.com,https://ls.chatid.com/.well-known/oauth-protected-resource/mcp,"Bearer resource=""https://ls.chatid.com/mcp/.well-known/oauth-protected-resource""",umbrella_majestic_apex,
lumi.imply.io,https://lumi.imply.io/mcp,A_verified_mcp,oauth,True,401,,,,,https://lumi.imply.io/mcp/auth/authorize,https://lumi.imply.io/mcp/auth/token,https://lumi.imply.io/mcp/auth/register,True,"openid,email,profile,organization",https://lumi.imply.io/,,"Bearer realm=""Lumi"", Basic realm=""Lumi""",umbrella_majestic_apex,
mailfoogae.appspot.com,https://mailfoogae.appspot.com/mcp,A_verified_mcp,oauth,True,401,Streak MCP Server,,,,,,,False,,,https://mailfoogae.appspot.com/.well-known/oauth-protected-resource/mcp,"Bearer, resource_metadata_url=""https://api.streak.com/.well-known/oauth-protected-resource/mcp""",umbrella_majestic_apex,
maptiler.usefulapi.io,https://maptiler.usefulapi.io/mcp,A_verified_mcp,oauth,True,200,maptiler-mcp,1.0.1,2025-06-18,tools,,,,False,"read,write",,https://maptiler.usefulapi.io/.well-known/oauth-protected-resource/mcp,,mcp_registry,
mark-it.co,https://mark-it.co/api/mcp,A_verified_mcp,oauth,True,401,,,,,https://gdiltepftnblveaerirv.supabase.co/auth/v1/oauth/authorize,https://gdiltepftnblveaerirv.supabase.co/auth/v1/oauth/token,https://gdiltepftnblveaerirv.supabase.co/auth/v1/oauth/clients/register,True,"openid,profile,email,phone",https://gdiltepftnblveaerirv.supabase.co/auth/v1,https://mark-it.co/.well-known/oauth-protected-resource/api/mcp,"Bearer error=""invalid_token"", error_description=""No authorization provided"", resource_metadata=""https://mark-it.co/.well-known/oauth-protected-resource/api/mcp""",mcp_registry,
marketing-mcp.mcpize.run,https://marketing-mcp.mcpize.run/mcp,A_verified_mcp,oauth,True,200,marketing_mcp,1.28.1,2025-06-18,"experimental,prompts,resources,tools",https://marketing-mcp.mcpize.run/oauth/authorize?server_id=21846032-060a-41c0-a096-511d10f694d3,https://marketing-mcp.mcpize.run/oauth/token,https://marketing-mcp.mcpize.run/oauth/register,True,"mcp:tools,mcp:resources,mcp:prompts",https://marketing-mcp.mcpize.run,https://marketing-mcp.mcpize.run/.well-known/oauth-protected-resource,,mcp_registry,
maxmind-minfraud.usefulapi.io,https://maxmind-minfraud.usefulapi.io/mcp,A_verified_mcp,oauth,True,200,maxmind-minfraud-mcp,1.0.1,2025-06-18,tools,,,,False,"read,write",,https://maxmind-minfraud.usefulapi.io/.well-known/oauth-protected-resource/mcp,,mcp_registry,
mcp-mydriverparis.mydriverparis.workers.dev,https://mcp-mydriverparis.mydriverparis.workers.dev/mcp,A_verified_mcp,oauth,True,200,mydriverparis,1.1.0,2025-06-18,tools,https://mcp-mydriverparis.mydriverparis.workers.dev/authorize,https://mcp-mydriverparis.mydriverparis.workers.dev/token,https://mcp-mydriverparis.mydriverparis.workers.dev/register,True,"booking:read,booking:write",https://mcp-mydriverparis.mydriverparis.workers.dev,https://mcp-mydriverparis.mydriverparis.workers.dev/.well-known/oauth-protected-resource/mcp,,mcp_registry,
mcp-production-f681.up.railway.app,https://mcp-production-f681.up.railway.app/mcp,A_verified_mcp,oauth,True,200,tokenintel,1.26.0,2025-06-18,"experimental,prompts,resources,tools",https://mcp-production-f681.up.railway.app/authorize,https://mcp-production-f681.up.railway.app/token,https://mcp-production-f681.up.railway.app/register,True,"read,signal",https://mcp-production-f681.up.railway.app,https://mcp-production-f681.up.railway.app/.well-known/oauth-protected-resource,,mcp_registry,
mcp-schema-audit-mcp.mcpize.run,https://mcp-schema-audit-mcp.mcpize.run/mcp,A_verified_mcp,oauth,True,401,mcp-schema-audit-mcp,,,,https://mcp-schema-audit-mcp.mcpize.run/oauth/authorize?server_id=53b16e4f-b9d2-4f84-acf6-f64ef3812486,https://mcp-schema-audit-mcp.mcpize.run/oauth/token,https://mcp-schema-audit-mcp.mcpize.run/oauth/register,True,"mcp:tools,mcp:resources,mcp:prompts",https://mcp-schema-audit-mcp.mcpize.run,https://mcpize.run/.well-known/oauth-protected-resource/mcp-schema-audit-mcp,"Bearer realm=""mcpize"", scope=""mcp:tools mcp:resources mcp:prompts"", resource_metadata=""https://mcpize.run/.well-known/oauth-protected-resource/mcp-schema-audit-mcp""",mcp_registry,
mcp-server-production-8f66.up.railway.app,https://mcp-server-production-8f66.up.railway.app/mcp,A_verified_mcp,oauth,True,401,,,,,,,,False,,,https://mcp-server-production-8f66.up.railway.app/.well-known/oauth-protected-resource,,mcp_registry,
mcp.agentcouch.dev,https://mcp.agentcouch.dev,A_verified_mcp,oauth,True,401,,,,,https://hmbngmwfnzcrldkvxjrl.supabase.co/auth/v1/oauth/authorize,https://hmbngmwfnzcrldkvxjrl.supabase.co/auth/v1/oauth/token,https://hmbngmwfnzcrldkvxjrl.supabase.co/auth/v1/oauth/clients/register,True,"openid,profile,email,phone",https://hmbngmwfnzcrldkvxjrl.supabase.co/auth/v1,https://mcp.agentcouch.dev/.well-known/oauth-protected-resource,"Bearer error=""invalid_token"", error_description=""Authentication failed. The provided bearer token is invalid, expired, or no longer recognized by the server. To resolve: clear authentication tokens in",mcp_registry,
mcp.aiinterviewagents.com,https://mcp.aiinterviewagents.com/mcp,A_verified_mcp,oauth,True,401,,,,,https://mcp.aiinterviewagents.com/authorize,https://mcp.aiinterviewagents.com/token,https://mcp.aiinterviewagents.com/register,True,aiia,https://mcp.aiinterviewagents.com/,https://mcp.aiinterviewagents.com/.well-known/oauth-protected-resource,"Bearer error=""invalid_token"", error_description=""Authentication required"", resource_metadata=""https://mcp.aiinterviewagents.com/.well-known/oauth-protected-resource""",mcp_registry,
mcp.analytics.churnzero.net,https://mcp.analytics.churnzero.net/mcp,A_verified_mcp,oauth,True,401,,,,,https://app.churnzero.net/oauth2/authorize,https://app.churnzero.net/oauth2/token,https://app.churnzero.net/oauth2/register,True,"mcp,offline_access",https://app.churnzero.net,https://app.churnzero.net/.well-known/oauth-protected-resource,"Bearer resource_metadata=""https://app.churnzero.net/.well-known/oauth-protected-resource""",umbrella_majestic_apex,
mcp.app.ridemotive.com,https://mcp.app.ridemotive.com/mcp,A_verified_mcp,oauth,True,401,,,,,https://mcp.app.ridemotive.com/authorize,https://mcp.app.ridemotive.com/token,https://mcp.app.ridemotive.com/register,True,"openid,email,profile,offline_access",https://mcp.app.ridemotive.com/,https://mcp.app.ridemotive.com/.well-known/oauth-protected-resource/mcp,"Bearer error=""invalid_token"", error_description=""Authentication failed. The provided bearer token is invalid, expired, or no longer recognized by the server. To resolve: clear authentication tokens in",umbrella_majestic_apex,
mcp.artifacta.io,https://mcp.artifacta.io/mcp,A_verified_mcp,oauth,True,401,,,,,https://vliolvdztzcrtuolrgdi.supabase.co/auth/v1/oauth/authorize,https://vliolvdztzcrtuolrgdi.supabase.co/auth/v1/oauth/token,https://vliolvdztzcrtuolrgdi.supabase.co/auth/v1/oauth/clients/register,True,"openid,profile,email",https://vliolvdztzcrtuolrgdi.supabase.co/auth/v1,https://mcp.artifacta.io/.well-known/oauth-protected-resource,"Bearer resource_metadata=""https://mcp.artifacta.io/.well-known/oauth-protected-resource""",mcp_registry,
mcp.beta.clever.com,https://mcp.beta.clever.com/api/mcp,A_verified_mcp,oauth,True,401,,,,,https://mcp.beta.clever.com/api/oauth/authorize,https://mcp.beta.clever.com/api/oauth/token,,False,discover,https://mcp.beta.clever.com,https://mcp.beta.clever.com/.well-known/oauth-protected-resource,"Bearer realm=""mcp"", resource_metadata=""https://mcp.beta.clever.com/.well-known/oauth-protected-resource""",umbrella_majestic_apex,
mcp.bfl.ai,https://mcp.bfl.ai,A_verified_mcp,oauth,True,401,,,,,https://uhjidycotobjggwyjdww.supabase.co/auth/v1/oauth/authorize,https://uhjidycotobjggwyjdww.supabase.co/auth/v1/oauth/token,https://uhjidycotobjggwyjdww.supabase.co/auth/v1/oauth/clients/register,True,"openid,email,profile",https://uhjidycotobjggwyjdww.supabase.co/auth/v1,https://mcp.bfl.ai/.well-known/oauth-protected-resource,"Bearer error=""invalid_token"", error_description=""Authentication failed. The provided bearer token is invalid, expired, or no longer recognized by the server. To resolve: clear authentication tokens in",mcp_registry,
mcp.blockscholes.com,https://mcp.blockscholes.com/mcp,A_verified_mcp,oauth,True,401,,,,,https://stellar-nebula-68.authkit.app/oauth2/authorize,https://stellar-nebula-68.authkit.app/oauth2/token,https://stellar-nebula-68.authkit.app/oauth2/register,True,"email,offline_access,openid,profile",https://stellar-nebula-68.authkit.app,https://mcp.blockscholes.com/.well-known/oauth-protected-resource,"Bearer error=""invalid_token"", error_description=""Authentication required"", resource_metadata=""https://mcp.blockscholes.com/.well-known/oauth-protected-resource""",mcp_registry,
mcp.btcwhalealerts.com,https://mcp.btcwhalealerts.com/mcp,A_verified_mcp,oauth,True,401,,,,,https://mcp.swisswhaleintelligence.com/oauth/authorize,https://mcp.swisswhaleintelligence.com/oauth/token,https://mcp.swisswhaleintelligence.com/oauth/register,True,mcp,https://mcp.swisswhaleintelligence.com,https://mcp.swisswhaleintelligence.com/.well-known/oauth-protected-resource/mcp,"Bearer error=""invalid_token"", error_description=""Authentication required"", resource_metadata=""https://mcp.swisswhaleintelligence.com/.well-known/oauth-protected-resource/mcp""",mcp_registry,
mcp.business.visma.net,https://mcp.business.visma.net/mcp,A_verified_mcp,oauth,True,401,Business NXT MCP Server,,,,https://mcp.business.visma.net/authorize,https://mcp.business.visma.net/token,https://mcp.business.visma.net/register,True,"openid,profile,email,business-nxt-mcp:graphql,offline_access",https://connect.visma.com,https://mcp.business.visma.net/.well-known/oauth-protected-resource,"Bearer realm=""https://mcp.business.visma.net/mcp""",umbrella_majestic_apex,
mcp.chess.ceo,https://mcp.chess.ceo/mcp,A_verified_mcp,oauth,True,200,chessceo-mcp,0.1.0,2025-06-18,"prompts,tools",https://chess.ceo/oauth/authorize,https://chess.ceo/oauth/token,https://chess.ceo/oauth/register,True,agent,https://chess.ceo,https://mcp.chess.ceo/.well-known/oauth-protected-resource,,awesome_lists,
mcp.clarigrid.energy,https://mcp.clarigrid.energy/mcp,A_verified_mcp,oauth,True,401,,,,,https://hmkbzbpbvuihhumbfkrr.supabase.co/auth/v1/oauth/authorize,https://hmkbzbpbvuihhumbfkrr.supabase.co/auth/v1/oauth/token,https://hmkbzbpbvuihhumbfkrr.supabase.co/auth/v1/oauth/clients/register,True,openid,https://hmkbzbpbvuihhumbfkrr.supabase.co/auth/v1,https://mcp.clarigrid.energy/.well-known/oauth-protected-resource/mcp,,mcp_registry,
mcp.connectmachine.ai,https://mcp.connectmachine.ai/mcp,A_verified_mcp,oauth,True,401,ConnectMachine MCP,,,,https://mcp.connectmachine.ai/mcp/auth/authorize,https://mcp.connectmachine.ai/mcp/auth/token,https://mcp.connectmachine.ai/mcp/auth/register,True,"openid,profile,mcp:read,mcp:write",https://mcp.connectmachine.ai/mcp/auth,https://mcp.connectmachine.ai/.well-known/oauth-protected-resource/mcp,,mcp_registry,
mcp.constellationfinance.ai,https://mcp.constellationfinance.ai/mcp,A_verified_mcp,oauth,True,401,,,,,https://avyisrobofyrhjjpjtbv.supabase.co/auth/v1/oauth/authorize,https://avyisrobofyrhjjpjtbv.supabase.co/auth/v1/oauth/token,https://avyisrobofyrhjjpjtbv.supabase.co/auth/v1/oauth/clients/register,True,"openid,profile,email,phone",https://avyisrobofyrhjjpjtbv.supabase.co/auth/v1,https://mcp.constellationfinance.ai/.well-known/oauth-protected-resource,"Bearer error=""invalid_token"", error_description=""Authentication required"", resource_metadata=""https://mcp.constellationfinance.ai/.well-known/oauth-protected-resource""",mcp_registry,
mcp.contextser.com,https://mcp.contextser.com/nodecel/mcp,A_verified_mcp,oauth,True,401,,,,,https://mcp.contextser.com/oauth/authorize,https://mcp.contextser.com/oauth/token,https://mcp.contextser.com/oauth/register,True,,https://mcp.contextser.com,https://mcp.contextser.com/.well-known/oauth-protected-resource/nodecel/mcp,"Bearer realm=""OAuth"", resource_metadata=""https://mcp.contextser.com/.well-known/oauth-protected-resource/nodecel/mcp"", error=""invalid_token"", error_description=""Missing or invalid access token""",mcp_registry,
mcp.cowork24.ch,https://mcp.cowork24.ch/mcp,A_verified_mcp,oauth,True,401,cowork24 booking connector,,,,https://mcp.cowork24.ch/authorize,https://mcp.cowork24.ch/token,https://mcp.cowork24.ch/register,True,cowork24,https://mcp.cowork24.ch/,https://mcp.cowork24.ch/.well-known/oauth-protected-resource/mcp,,mcp_registry,
mcp.cpz-lab.com,https://mcp.cpz-lab.com/mcp,A_verified_mcp,oauth,True,401,CPZAI MCP Server,,,,https://mcp.cpz-lab.com/oauth/authorize,https://mcp.cpz-lab.com/oauth/token,https://mcp.cpz-lab.com/oauth/register,True,"read,write,trade",https://mcp.cpz-lab.com,https://mcp.cpz-lab.com/.well-known/oauth-protected-resource,"Bearer realm=""CPZAI MCP"", resource_metadata=""https://mcp.cpz-lab.com/.well-known/oauth-protected-resource""",mcp_registry,
mcp.custosa.com,https://mcp.custosa.com/mcp,A_verified_mcp,oauth,True,401,Custosa Tools,,,,https://surprising-opal-40.authkit.app/oauth2/authorize,https://surprising-opal-40.authkit.app/oauth2/token,https://surprising-opal-40.authkit.app/oauth2/register,True,"email,offline_access,openid,profile",https://surprising-opal-40.authkit.app,https://mcp.custosa.com/.well-known/oauth-protected-resource/mcp,"Bearer error=""invalid_token"", error_description=""Authentication failed. The provided bearer token is invalid, expired, or no longer recognized by the server. To resolve: clear authentication tokens in",mcp_registry,
mcp.datavessel.io,https://mcp.datavessel.io/mcp,A_verified_mcp,oauth,True,401,,,,,https://sdvszkolsstnoolmozmj.supabase.co/auth/v1/oauth/authorize,https://sdvszkolsstnoolmozmj.supabase.co/auth/v1/oauth/token,https://sdvszkolsstnoolmozmj.supabase.co/auth/v1/oauth/clients/register,True,"openid,profile,email,phone",https://sdvszkolsstnoolmozmj.supabase.co/auth/v1,https://mcp.datavessel.io/.well-known/oauth-protected-resource/mcp,"Bearer resource_metadata=""https://mcp.datavessel.io/.well-known/oauth-protected-resource/mcp""",mcp_registry,
mcp.dev-match.xyz,https://mcp.dev-match.xyz/mcp,A_verified_mcp,oauth,True,401,DevMatch,,,,https://xgjpxehvjtifovrfkulx.supabase.co/auth/v1/oauth/authorize,https://xgjpxehvjtifovrfkulx.supabase.co/auth/v1/oauth/token,https://xgjpxehvjtifovrfkulx.supabase.co/auth/v1/oauth/clients/register,True,"openid,profile,email",https://xgjpxehvjtifovrfkulx.supabase.co/auth/v1,https://mcp.dev-match.xyz/.well-known/oauth-protected-resource,"Bearer resource_metadata=""https://mcp.dev-match.xyz/.well-known/oauth-protected-resource""",mcp_registry,
mcp.diggercamp.com,https://mcp.diggercamp.com/mcp,A_verified_mcp,oauth,True,401,,,,,https://api.diggercamp.com/oauth/authorize,https://api.diggercamp.com/oauth/token,https://api.diggercamp.com/oauth/register,True,diggercamp,https://api.diggercamp.com,https://mcp.diggercamp.com/.well-known/oauth-protected-resource,"Bearer error=""invalid_token"", error_description=""Authentication required"", resource_metadata=""https://mcp.diggercamp.com/.well-known/oauth-protected-resource""",mcp_registry,
mcp.edgelock.app,https://mcp.edgelock.app,A_verified_mcp,oauth,True,401,EdgeLock,,,,https://ccrfixtwkazqfaogoldg.supabase.co/auth/v1/oauth/authorize,https://ccrfixtwkazqfaogoldg.supabase.co/auth/v1/oauth/token,https://ccrfixtwkazqfaogoldg.supabase.co/auth/v1/oauth/clients/register,True,"openid,profile,email,phone",https://ccrfixtwkazqfaogoldg.supabase.co/auth/v1,https://mcp.edgelock.app/.well-known/oauth-protected-resource,"Bearer resource_metadata=""https://mcp.edgelock.app/.well-known/oauth-protected-resource""",mcp_registry,
mcp.enterprise.sectigo.com,https://mcp.enterprise.sectigo.com/mcp,A_verified_mcp,oauth,True,401,,,,,https://auth.sso.sectigo.com/auth/realms/apiclients/protocol/openid-connect/auth,https://auth.sso.sectigo.com/auth/realms/apiclients/protocol/openid-connect/token,https://auth.sso.sectigo.com/auth/realms/apiclients/clients-registrations/openid-connect,True,"openid,roles,email,address,web-origins,offline_access,microprofile-jwt,acr,service_account,profile,phone,basic",https://auth.sso.sectigo.com/auth/realms/apiclients,https://mcp.enterprise.sectigo.com/.well-known/oauth-protected-resource,"Bearer resource_metadata=""https://mcp.enterprise.sectigo.com/.well-known/oauth-protected-resource""",umbrella_majestic_apex,
mcp.eu.sectigo.com,https://mcp.eu.sectigo.com/mcp,A_verified_mcp,oauth,True,401,,,,,https://auth.sso.sectigo.com/auth/realms/apiclients/protocol/openid-connect/auth,https://auth.sso.sectigo.com/auth/realms/apiclients/protocol/openid-connect/token,https://auth.sso.sectigo.com/auth/realms/apiclients/clients-registrations/openid-connect,True,"openid,roles,email,address,web-origins,offline_access,microprofile-jwt,acr,service_account,profile,phone,basic",https://auth.sso.sectigo.com/auth/realms/apiclients,https://mcp.eu.sectigo.com/.well-known/oauth-protected-resource,"Bearer resource_metadata=""https://mcp.eu.sectigo.com/.well-known/oauth-protected-resource""",umbrella_majestic_apex,
mcp.eu1app.churnzero.net,https://mcp.eu1app.churnzero.net/mcp,A_verified_mcp,oauth,True,401,,,,,https://app.churnzero.net/oauth2/authorize,https://app.churnzero.net/oauth2/token,https://app.churnzero.net/oauth2/register,True,"mcp,offline_access",https://app.churnzero.net,https://app.churnzero.net/.well-known/oauth-protected-resource,"Bearer resource_metadata=""https://app.churnzero.net/.well-known/oauth-protected-resource""",umbrella_majestic_apex,
mcp.everly.so,https://mcp.everly.so/mcp,A_verified_mcp,oauth,True,401,,,,,https://everly.so/api/auth/mcp/authorize,https://everly.so/api/auth/mcp/token,https://everly.so/api/auth/mcp/register,True,"openid,profile,email,offline_access",https://everly.so,https://mcp.everly.so/.well-known/oauth-protected-resource,"Bearer resource_metadata=""https://mcp.everly.so/.well-known/oauth-protected-resource""",umbrella_majestic_apex,
mcp.ex.mountain.com,https://mcp.ex.mountain.com/mcp,A_verified_mcp,oauth,True,401,,,,,https://auth-proxy.ex.mountain.com/oidc/auth,https://auth-proxy.ex.mountain.com/oidc/token,https://auth-proxy.ex.mountain.com/oidc/reg,True,"openid,profile,email,offline_access,mcp:read",https://auth-proxy.ex.mountain.com,https://mcp.ex.mountain.com/.well-known/oauth-protected-resource/mcp,"Bearer resource_metadata=""https://mcp.ex.mountain.com/.well-known/oauth-protected-resource/mcp""",umbrella_majestic_apex,
mcp.fantopy.ai,https://mcp.fantopy.ai/mcp,A_verified_mcp,oauth,True,401,Fantopy World Cup predictions,,,,https://mcp.fantopy.ai/authorize,https://mcp.fantopy.ai/token,https://mcp.fantopy.ai/register,True,play,https://mcp.fantopy.ai/,https://mcp.fantopy.ai/.well-known/oauth-protected-resource,"Bearer error=""invalid_token"", error_description=""Missing Authorization header"", resource_metadata=""https://mcp.fantopy.ai/.well-known/oauth-protected-resource""",mcp_registry,
mcp.finaloop.com,https://mcp.finaloop.com/,A_verified_mcp,oauth,True,401,,,,,https://mcp.finaloop.com/authorize,https://mcp.finaloop.com/token,https://mcp.finaloop.com/register,True,"openid,email,profile,offline_access",https://mcp.finaloop.com/,https://mcp.finaloop.com/.well-known/oauth-protected-resource,"Bearer error=""invalid_request"", error_description=""Unauthorized"", resource_metadata=""https://mcp.finaloop.com/.well-known/oauth-protected-resource""",umbrella_majestic_apex,
mcp.fms.azerion.com,https://mcp.fms.azerion.com/mcp,A_verified_mcp,oauth,True,401,,,,,https://yieldpro.improvedigital.com/o/authorize/,https://yieldpro.improvedigital.com/o/token/,https://yieldpro.improvedigital.com/o/register/,True,"read,write",https://yieldpro.improvedigital.com,https://mcp.yieldpro.improvedigital.com/.well-known/oauth-protected-resource/mcp,"Bearer error=""invalid_token"", error_description=""Authentication required"", resource_metadata=""https://mcp.yieldpro.improvedigital.com/.well-known/oauth-protected-resource/mcp""",umbrella_majestic_apex,
mcp.getomnier.com,https://mcp.getomnier.com/mcp,A_verified_mcp,oauth,True,401,,,,,https://liaouiiutclidkvdgtje.supabase.co/auth/v1/oauth/authorize,https://liaouiiutclidkvdgtje.supabase.co/auth/v1/oauth/token,https://liaouiiutclidkvdgtje.supabase.co/auth/v1/oauth/clients/register,True,"openid,profile,email,phone",https://liaouiiutclidkvdgtje.supabase.co/auth/v1,https://mcp.getomnier.com/.well-known/oauth-protected-resource,"Bearer resource_metadata_url=""https://mcp.getomnier.com/mcp/.well-known/oauth-protected-resource""",mcp_registry,
mcp.getsalta.app,https://mcp.getsalta.app,A_verified_mcp,oauth,True,401,,,,,https://gyjokwpulabzoxbjjbrr.supabase.co/auth/v1/oauth/authorize,https://gyjokwpulabzoxbjjbrr.supabase.co/auth/v1/oauth/token,https://gyjokwpulabzoxbjjbrr.supabase.co/auth/v1/oauth/clients/register,True,"openid,profile,email",https://gyjokwpulabzoxbjjbrr.supabase.co/auth/v1,https://mcp.getsalta.app/.well-known/oauth-protected-resource,"Bearer resource_metadata=""https://mcp.getsalta.app/.well-known/oauth-protected-resource""",mcp_registry,
mcp.githits.com,https://mcp.githits.com,A_verified_mcp,oauth,True,401,GitHits MCP Server,,,,https://miehezlqamnzvrijcaff.supabase.co/auth/v1/oauth/authorize,https://miehezlqamnzvrijcaff.supabase.co/auth/v1/oauth/token,https://miehezlqamnzvrijcaff.supabase.co/auth/v1/oauth/clients/register,True,"openid,profile,email,phone",https://miehezlqamnzvrijcaff.supabase.co/auth/v1,https://mcp.githits.com/.well-known/oauth-protected-resource,"Bearer resource_metadata=""https://mcp.githits.com/.well-known/oauth-protected-resource""",mcp_registry,
mcp.groniz.com,https://mcp.groniz.com/mcp,A_verified_mcp,oauth,True,401,Groniz Connectors MCP,,,,https://groniz.com/console/connectors/oauth/authorize,https://groniz.com/console/connectors-api/oauth/token,,False,mcp:full,https://mcp.groniz.com,https://mcp.groniz.com/.well-known/oauth-protected-resource/mcp,,mcp_registry,
mcp.huint.io,https://mcp.huint.io/mcp,A_verified_mcp,oauth,True,401,Huint,,,,https://finfwzieqdouyelwgjsv.supabase.co/auth/v1/oauth/authorize,https://finfwzieqdouyelwgjsv.supabase.co/auth/v1/oauth/token,https://finfwzieqdouyelwgjsv.supabase.co/auth/v1/oauth/clients/register,True,"openid,email",https://finfwzieqdouyelwgjsv.supabase.co/auth/v1,https://mcp.huint.io/.well-known/oauth-protected-resource,"Bearer realm=""huint-mcp"", resource_metadata=""https://mcp.huint.io/.well-known/oauth-protected-resource""",mcp_registry,
mcp.hypeline.io,https://mcp.hypeline.io/mcp,A_verified_mcp,oauth,True,401,,,,,https://grxfivhowxonwbvgzufa.supabase.co/auth/v1/oauth/authorize,https://grxfivhowxonwbvgzufa.supabase.co/auth/v1/oauth/token,https://grxfivhowxonwbvgzufa.supabase.co/auth/v1/oauth/clients/register,True,openid,https://grxfivhowxonwbvgzufa.supabase.co/auth/v1,https://mcp.hypeline.io/.well-known/oauth-protected-resource,"Bearer realm=""mcp"", resource_metadata=""https://mcp.hypeline.io/.well-known/oauth-protected-resource""",mcp_registry,
mcp.ifillpdf.com,https://mcp.ifillpdf.com/mcp,A_verified_mcp,oauth,True,401,,,,,,,,False,,,https://mcp.ifillpdf.com/.well-known/oauth-protected-resource/mcp,,mcp_registry,
mcp.inflection.io,https://mcp.inflection.io/,A_verified_mcp,oauth,True,401,Inflection MCP,,,,https://auth-v2.inflection.io/oauth2/authorize,https://auth-v2.inflection.io/oauth2/token,https://auth-v2.inflection.io/client-app/connect/register,True,inflection_app,https://auth-v2.inflection.io,https://mcp.inflection.io/.well-known/oauth-protected-resource,"Bearer error=""invalid_token"", error_description=""Authentication failed. The provided bearer token is invalid, expired, or no longer recognized by the server. To resolve: clear authentication tokens in",umbrella_majestic_apex,
mcp.inkmotion.app,https://mcp.inkmotion.app/mcp,A_verified_mcp,oauth,True,401,,,,,https://uafffmfuzcnclxjgohib.supabase.co/auth/v1/oauth/authorize,https://uafffmfuzcnclxjgohib.supabase.co/auth/v1/oauth/token,https://uafffmfuzcnclxjgohib.supabase.co/auth/v1/oauth/clients/register,True,"openid,profile,email,phone",https://uafffmfuzcnclxjgohib.supabase.co/auth/v1,https://mcp.inkmotion.app/.well-known/oauth-protected-resource,,mcp_registry,
mcp.insideralpha.ai,https://mcp.insideralpha.ai/mcp,A_verified_mcp,oauth,True,401,,,,,https://mcp.insideralpha.ai/authorize,https://mcp.insideralpha.ai/token,https://mcp.insideralpha.ai/register,True,"mcp:read,mcp:portfolio,mcp:trade",https://mcp.insideralpha.ai,https://mcp.insideralpha.ai/.well-known/oauth-protected-resource,"Bearer resource_metadata=""https://mcp.insideralpha.ai/.well-known/oauth-protected-resource""",mcp_registry,
mcp.jamloop.com,https://mcp.jamloop.com/mcp,A_verified_mcp,oauth,True,401,,,,,https://clerk.jamloop.com/oauth/authorize,https://clerk.jamloop.com/oauth/token,,False,"profile,email,offline_access",https://clerk.jamloop.com,https://mcp.jamloop.com/.well-known/oauth-protected-resource,,umbrella_majestic_apex,
mcp.jobmojito.com,https://mcp.jobmojito.com/mcp,A_verified_mcp,oauth,True,200,JobMojito,1.0.0,2025-06-18,"experimental,extensions,logging,prompts,resources,tools",https://momsbvnltsydezmoesqt.supabase.co/auth/v1/oauth/authorize,https://momsbvnltsydezmoesqt.supabase.co/auth/v1/oauth/token,https://momsbvnltsydezmoesqt.supabase.co/auth/v1/oauth/clients/register,True,"openid,email",https://momsbvnltsydezmoesqt.supabase.co/auth/v1,https://mcp.jobmojito.com/.well-known/oauth-protected-resource/mcp,,mcp_registry,
mcp.korey.ai,https://mcp.korey.ai/mcp,A_verified_mcp,oauth,True,401,,,,,https://api.korey.ai/oauth/authorize,https://api.korey.ai/oauth/token,https://api.korey.ai/oauth/register,True,"threads:read,threads:read:own,threads:write",https://api.korey.ai/,https://mcp.korey.ai/.well-known/oauth-protected-resource/mcp,"Bearer realm=""Korey"", resource_metadata=""https://mcp.korey.ai/.well-known/oauth-protected-resource/mcp""",mcp_registry,
mcp.letsvibe.love,https://mcp.letsvibe.love/mcp,A_verified_mcp,oauth,True,401,Let's Vibe MCP,,,,https://mcp.letsvibe.love/authorize,https://mcp.letsvibe.love/token,https://mcp.letsvibe.love/register,True,,https://mcp.letsvibe.love/,https://mcp.letsvibe.love/.well-known/oauth-protected-resource/mcp,"Bearer resource_metadata=""https://mcp.letsvibe.love/.well-known/oauth-protected-resource/mcp""",mcp_registry,
mcp.mailfoogae.appspot.com,https://mcp.mailfoogae.appspot.com/mcp,A_verified_mcp,oauth,True,401,Streak MCP Server,,,,,,,False,,,https://mcp.mailfoogae.appspot.com/.well-known/oauth-protected-resource/mcp,"Bearer, resource_metadata_url=""https://api.streak.com/.well-known/oauth-protected-resource/mcp""",umbrella_majestic_apex,
mcp.marketcore.ai,https://mcp.marketcore.ai,A_verified_mcp,oauth,True,401,,,,,https://mcp.marcora.ai/oauth/authorize,https://mcp.marcora.ai/oauth/token,https://mcp.marcora.ai/oauth/register,True,mcp,https://mcp.marcora.ai,https://mcp.marcora.ai/.well-known/oauth-protected-resource,"Bearer resource_metadata=""https://mcp.marcora.ai/.well-known/oauth-protected-resource""",mcp_registry,
mcp.mindflows.us,https://mcp.mindflows.us,A_verified_mcp,oauth,True,401,,,,,https://vjuwkguaefekrkmdcoao.supabase.co/auth/v1/oauth/authorize,https://vjuwkguaefekrkmdcoao.supabase.co/auth/v1/oauth/token,,False,"openid,profile,email,phone",https://vjuwkguaefekrkmdcoao.supabase.co/auth/v1,https://mcp.mindflows.us/.well-known/oauth-protected-resource,"Bearer realm=""mindflows-mcp"", resource_metadata=""https://mcp.mindflows.us/.well-known/oauth-protected-resource""",mcp_registry,
mcp.mintlify.com,https://mcp.mintlify.com/mcp,A_verified_mcp,oauth,True,401,,,,,https://mcp.mintlify.com/oauth/authorize,https://mcp.mintlify.com/oauth/token,https://mcp.mintlify.com/oauth/register,True,"docs:read,docs:write,nav:write,config:write,session:write,deployment:read,deployment:write,members:read,members:write,billing:read,integrations:write,analytics:read",https://mcp.mintlify.com,https://mcp.mintlify.com/.well-known/oauth-protected-resource/mcp,,umbrella_majestic_apex,
mcp.montage.app,https://mcp.montage.app/mcp,A_verified_mcp,oauth,True,401,,,,,https://studio.montage.app/oauth/authorize,https://api.ukumi.ai/oauth/token,https://api.ukumi.ai/oauth/register,True,"corpus:read,moments:read,moments:write",https://api.ukumi.ai,https://mcp.montage.app/.well-known/oauth-protected-resource/mcp,"Bearer error=""invalid_token"", error_description=""Authentication required"", resource_metadata=""https://mcp.montage.app/.well-known/oauth-protected-resource/mcp""",umbrella_majestic_apex,
mcp.mozonic.com,https://mcp.mozonic.com/mcp,A_verified_mcp,oauth,True,401,,,,,https://app.mozonic.com/oauth/mcp/authorize,https://api.mozonic.com/oauth/token,https://api.mozonic.com/oauth/register,True,mcp,https://api.mozonic.com/,https://mcp.mozonic.com/.well-known/oauth-protected-resource/mcp,"Bearer error=""invalid_token"", error_description=""Authentication required"", resource_metadata=""https://mcp.mozonic.com/.well-known/oauth-protected-resource/mcp""",mcp_registry,
mcp.myappstoreranking.com,https://mcp.myappstoreranking.com/mcp,A_verified_mcp,oauth,True,200,myappstoreranking,1.0.0,2025-06-18,tools,https://api.myappstoreranking.com/oauth/authorize,https://api.myappstoreranking.com/oauth/token,https://api.myappstoreranking.com/oauth/register,True,"apps:read,rankings:read,rivals:read,reports:read",https://api.myappstoreranking.com,https://mcp.myappstoreranking.com/.well-known/oauth-protected-resource/mcp,,mcp_registry,
mcp.mynextadventure.cloud,https://mcp.mynextadventure.cloud/sse,A_verified_mcp,oauth,True,401,MyNextAdventure,,,,https://mcp.mynextadventure.cloud/authorize,https://mcp.mynextadventure.cloud/token,https://mcp.mynextadventure.cloud/register,True,mna:trips,https://mcp.mynextadventure.cloud,https://mcp.mynextadventure.cloud/.well-known/oauth-protected-resource/sse,"Bearer realm=""OAuth"", resource_metadata=""https://mcp.mynextadventure.cloud/.well-known/oauth-protected-resource/sse"", error=""invalid_token"", error_description=""Missing or invalid access token""",mcp_registry,
mcp.nexus.kushalsm.com,https://mcp.nexus.kushalsm.com/mcp,A_verified_mcp,oauth,True,401,Nexus,,,,https://mcp.nexus.kushalsm.com/authorize,https://mcp.nexus.kushalsm.com/token,https://mcp.nexus.kushalsm.com/register,True,"openid,profile,email",https://mcp.nexus.kushalsm.com,https://mcp.nexus.kushalsm.com/.well-known/oauth-protected-resource/mcp,"Bearer realm=""OAuth"", resource_metadata=""https://mcp.nexus.kushalsm.com/.well-known/oauth-protected-resource/mcp"", error=""invalid_token"", error_description=""Missing or invalid access token""",umbrella_majestic_apex,
mcp.nflmcp.com,https://mcp.nflmcp.com/mcp,A_verified_mcp,oauth,True,401,,,,,https://nrinhaygmidjnsusgjot.supabase.co/auth/v1/oauth/authorize,https://nrinhaygmidjnsusgjot.supabase.co/auth/v1/oauth/token,https://nrinhaygmidjnsusgjot.supabase.co/auth/v1/oauth/clients/register,True,"openid,email,profile",https://nrinhaygmidjnsusgjot.supabase.co/auth/v1,https://mcp.nflmcp.com/.well-known/oauth-protected-resource/mcp,"Bearer realm=""nfl-mcp"", resource_metadata=""https://mcp.nflmcp.com/.well-known/oauth-protected-resource/mcp""",mcp_registry,
mcp.noteboxd.com,https://mcp.noteboxd.com/mcp,A_verified_mcp,oauth,True,401,,,,,https://www.noteboxd.com/api/auth/mcp/authorize,https://mcp.noteboxd.com/token,https://mcp.noteboxd.com/register,True,"openid,profile,email,offline_access",https://mcp.noteboxd.com,https://mcp.noteboxd.com/.well-known/oauth-protected-resource,,mcp_registry,
mcp.offri.app,https://mcp.offri.app/,A_verified_mcp,oauth,True,401,,,,,https://offri.app/oauth2/auth,https://offri.app/oauth2/token,https://offri.app/api/auth/oauth/register,True,"user-info-basic:read,proposals:read,proposals:write,templates:read,templates:write,clients:read,clients:write,workspaces:read,workspaces:write,components:read,components:write,media:read",https://offri.app,https://mcp.offri.app/.well-known/oauth-protected-resource,,umbrella_majestic_apex,
mcp.onepay.com,https://mcp.onepay.com/,A_verified_mcp,oauth,True,401,,,,,https://api.one.app/oauth/authorize,https://api.one.app/oauth/token,https://mcp.onepay.com/.well-known/oauth/register,True,oai_mcp_agent,https://api.one.app,https://mcp.onepay.com/.well-known/oauth-protected-resource/mcp/v1,"Bearer resource_metadata=""https://mcp.onepay.com/.well-known/oauth-protected-resource/mcp/v1""",umbrella_majestic_apex,
mcp.opnctx.ai,https://mcp.opnctx.ai/mcp,A_verified_mcp,oauth,True,401,,,,,https://api.opnctx.ai/oauth/authorize,https://api.opnctx.ai/oauth/token,https://api.opnctx.ai/oauth/register,True,"read:library,write:library,read:profile,admin:library",https://api.opnctx.ai,https://mcp.opnctx.ai/.well-known/oauth-protected-resource,,umbrella_majestic_apex,
mcp.palatemcp.com,https://mcp.palatemcp.com/api/mcp,A_verified_mcp,oauth,True,401,,,,,https://mnndnhhdbmdtngwonrpq.supabase.co/auth/v1/oauth/authorize,https://mnndnhhdbmdtngwonrpq.supabase.co/auth/v1/oauth/token,https://mnndnhhdbmdtngwonrpq.supabase.co/auth/v1/oauth/clients/register,True,"openid,email,profile",https://mnndnhhdbmdtngwonrpq.supabase.co/auth/v1,https://mcp.palatemcp.com/.well-known/oauth-protected-resource,,mcp_registry,
mcp.pantheon.run,https://mcp.pantheon.run/mcp,A_verified_mcp,oauth,True,403,,,,,https://upaacpcuhmsurxbtzljw.supabase.co/auth/v1/oauth/authorize,https://upaacpcuhmsurxbtzljw.supabase.co/auth/v1/oauth/token,https://upaacpcuhmsurxbtzljw.supabase.co/auth/v1/oauth/clients/register,True,openid,https://upaacpcuhmsurxbtzljw.supabase.co/auth/v1,https://mcp.pantheon.run/.well-known/oauth-protected-resource,,mcp_registry,
mcp.pasal.id,https://mcp.pasal.id/mcp,A_verified_mcp,oauth,True,401,Pasal.id MCP,,,,https://jnnqvmfhkqwfdlzevfao.supabase.co/auth/v1/oauth/authorize,https://jnnqvmfhkqwfdlzevfao.supabase.co/auth/v1/oauth/token,https://jnnqvmfhkqwfdlzevfao.supabase.co/auth/v1/oauth/clients/register,True,"openid,profile,email,phone",https://jnnqvmfhkqwfdlzevfao.supabase.co/auth/v1,https://mcp.pasal.id/.well-known/oauth-protected-resource/mcp,"Bearer realm=""Pasal.id MCP"", error=""invalid_request"", error_description=""No authentication token provided. Connect through your MCP client's OAuth sign-in (setup guide: https://pasal.id/hubungkan), or",mcp_registry,
mcp.perpvue.xyz,https://mcp.perpvue.xyz/mcp,A_verified_mcp,oauth,True,401,,,,,https://perpvue.xyz/api/auth/oauth2/authorize,https://perpvue.xyz/api/auth/oauth2/token,https://perpvue.xyz/api/auth/oauth2/register,True,"sessions:read,sessions:write,sessions:delete,catalogue:read,catalogue:write,profile:read,profile:write,offline_access",https://perpvue.xyz/api/auth,https://perpvue.xyz/.well-known/oauth-protected-resource,"Bearer resource_metadata=""https://perpvue.xyz/.well-known/oauth-protected-resource""",mcp_registry,
mcp.physea.ai,https://mcp.physea.ai/mcp,A_verified_mcp,oauth,True,401,,,,,https://efficient-sky-61.authkit.app/oauth2/authorize,https://efficient-sky-61.authkit.app/oauth2/token,https://efficient-sky-61.authkit.app/oauth2/register,True,"openid,profile,email,offline_access",https://efficient-sky-61.authkit.app,https://mcp.physea.ai/.well-known/oauth-protected-resource/mcp,"Bearer resource_metadata=""https://mcp.physea.ai/.well-known/oauth-protected-resource/mcp""",mcp_registry,
mcp.pipe2.ai,https://mcp.pipe2.ai/mcp,A_verified_mcp,oauth,True,200,pipe2-ai,1.0.0,2025-06-18,"prompts,resources,tools",https://oauth.pipe2.ai/oauth2/auth,https://oauth.pipe2.ai/oauth2/token,,False,"pipelines:read,pipelines:run,assets:read,billing:read,openid,offline,offline_access",https://oauth.pipe2.ai,https://mcp.pipe2.ai/.well-known/oauth-protected-resource,,mcp_registry,
mcp.pitchghost.com,https://mcp.pitchghost.com,A_verified_mcp,oauth,True,401,,,,,https://jyvznfdiizrjrhtjxewg.supabase.co/auth/v1/oauth/authorize,https://jyvznfdiizrjrhtjxewg.supabase.co/auth/v1/oauth/token,https://jyvznfdiizrjrhtjxewg.supabase.co/auth/v1/oauth/clients/register,True,"openid,email,profile",https://jyvznfdiizrjrhtjxewg.supabase.co/auth/v1,https://mcp.pitchghost.com/.well-known/oauth-protected-resource,"Bearer resource_metadata=""https://mcp.pitchghost.com/.well-known/oauth-protected-resource""",mcp_registry,
mcp.pointifytravels.com,https://mcp.pointifytravels.com/mcp,A_verified_mcp,oauth,True,200,pointify-travel,0.1.0,2025-06-18,"resources,tools",https://mcp.pointifytravels.com/authorize,https://mcp.pointifytravels.com/token,https://mcp.pointifytravels.com/register,True,"mcp:read,mcp:write",https://mcp.pointifytravels.com,https://mcp.pointifytravels.com/.well-known/oauth-protected-resource/mcp,,mcp_registry,
mcp.recog.works,https://mcp.recog.works/mcp,A_verified_mcp,oauth,True,401,,,,,https://mcp.recog.works/authorize,https://mcp.recog.works/token,https://mcp.recog.works/register,True,,https://mcp.recog.works,https://mcp.recog.works/.well-known/oauth-protected-resource,"Bearer resource_metadata=""https://mcp.recog.works/.well-known/oauth-protected-resource""",umbrella_majestic_apex,
mcp.seekee.ai,https://mcp.seekee.ai/mcp,A_verified_mcp,oauth,True,401,,,,,https://seekee.cloudflareaccess.com/cdn-cgi/access/oauth/authorization,https://seekee.cloudflareaccess.com/cdn-cgi/access/oauth/token,https://seekee.cloudflareaccess.com/cdn-cgi/access/oauth/registration,True,,https://seekee.cloudflareaccess.com,https://mcp.seekee.ai/.well-known/oauth-protected-resource/mcp,,umbrella_majestic_apex,cloudflare_access
mcp.sellerise.com,https://mcp.sellerise.com/,A_verified_mcp,oauth,True,401,Sellerise Seller Analytics,,,,https://sellerise.com/oauth/authorize,https://sellerise.com/oauth/token,https://sellerise.com/oauth/register,True,mcp.read,https://sellerise.com,https://mcp.sellerise.com/.well-known/oauth-protected-resource,"Bearer error=""invalid_token"", resource_metadata=""https://mcp.sellerise.com/.well-known/oauth-protected-resource"", scope=""mcp.read""",umbrella_majestic_apex,
mcp.skailer.com,https://mcp.skailer.com/mcp,A_verified_mcp,oauth,True,401,Skailer MCP,,,,https://app.skailer.com/oauth/authorize,https://edge.skailer.com/oauth/token,https://edge.skailer.com/oauth/register,True,"mcp:read,mcp:write",https://edge.skailer.com,https://mcp.skailer.com/.well-known/oauth-protected-resource/mcp,"Bearer resource_metadata=""https://mcp.skailer.com/.well-known/oauth-protected-resource/mcp""",umbrella_majestic_apex,
mcp.sociologicai.com,https://mcp.sociologicai.com,A_verified_mcp,oauth,True,401,,,,,https://mcp.sociologic.ai/authorize,https://mcp.sociologic.ai/token,https://mcp.sociologic.ai/register,True,,https://mcp.sociologic.ai,https://mcp.sociologicai.com/.well-known/oauth-protected-resource,,mcp_registry,
mcp.spcsft.com,https://mcp.spcsft.com/mcp,A_verified_mcp,oauth,True,401,SateAIs MCP Server,,,,https://npywpxqbapbijyirpftx.supabase.co/auth/v1/oauth/authorize,https://npywpxqbapbijyirpftx.supabase.co/auth/v1/oauth/token,https://npywpxqbapbijyirpftx.supabase.co/auth/v1/oauth/clients/register,True,"openid,profile,email,phone",https://npywpxqbapbijyirpftx.supabase.co/auth/v1,https://mcp.spcsft.com/.well-known/oauth-protected-resource/mcp,"Bearer resource_metadata=""https://mcp.spcsft.com/.well-known/oauth-protected-resource/mcp""",mcp_registry,
mcp.statscompass.io,https://mcp.statscompass.io/mcp,A_verified_mcp,oauth,True,401,,,,,https://mcp.statscompass.io/authorize,https://mcp.statscompass.io/token,https://mcp.statscompass.io/register,True,,https://mcp.statscompass.io/,https://mcp.statscompass.io/.well-known/oauth-protected-resource/mcp,,mcp_registry,
mcp.sudomock.com,https://mcp.sudomock.com,A_verified_mcp,oauth,True,401,,,,,https://ccnyilvamidurccennyq.supabase.co/auth/v1/oauth/authorize,https://ccnyilvamidurccennyq.supabase.co/auth/v1/oauth/token,https://ccnyilvamidurccennyq.supabase.co/auth/v1/oauth/clients/register,True,"openid,profile,email,phone",https://ccnyilvamidurccennyq.supabase.co/auth/v1,https://mcp.sudomock.com/.well-known/oauth-protected-resource,"Bearer error=""invalid_token"", error_description=""Authentication failed. The provided bearer token is invalid, expired, or no longer recognized by the server. To resolve: clear authentication tokens in",mcp_registry,
mcp.supabase.com,https://mcp.supabase.com/mcp,A_verified_mcp,oauth,True,401,Supabase MCP (Beta),,,,https://api.supabase.com/v1/oauth/authorize,https://api.supabase.com/v1/oauth/token,https://api.supabase.com/platform/oauth/apps/register,True,"organizations:read,projects:read,projects:write,database:write,database:read,analytics:read,secrets:read,edge_functions:read,edge_functions:write,environment:read,environment:write,storage:read",https://api.supabase.com,https://mcp.supabase.com/.well-known/oauth-protected-resource/mcp,"Bearer error=""invalid_request"", error_description=""No access token was provided in this request"", resource_metadata=""https://mcp.supabase.com/.well-known/oauth-protected-resource/mcp""",mcp_registry,
mcp.svc.picpay.com,https://mcp.svc.picpay.com/mcp,A_verified_mcp,oauth,True,401,,,,,,,,False,"openid,offline_access,wallet.read,piggy_bank.read,piggy_bank.write,pix.read,pix.write",,https://mcp.svc.picpay.com/.well-known/oauth-protected-resource/mcp,"Bearer error=""invalid_token"", error_description=""Authentication failed. The provided bearer token is invalid, expired, or no longer recognized by the server. To resolve: clear authentication tokens in",umbrella_majestic_apex,
mcp.taskforcehq.ai,https://mcp.taskforcehq.ai/mcp,A_verified_mcp,oauth,True,401,,,,,https://mcp.taskforcehq.ai/oauth/mcp/authorize,https://mcp.taskforcehq.ai/oauth/mcp/token,https://mcp.taskforcehq.ai/oauth/mcp/register,True,"tasks:read,tasks:write,workspace:read",https://mcp.taskforcehq.ai,https://mcp.taskforcehq.ai/.well-known/oauth-protected-resource,,mcp_registry,
mcp.tax-graph.com,https://mcp.tax-graph.com/mcp,A_verified_mcp,oauth,True,401,,,,,https://mcp.tax-graph.com/mcp/authorize,https://mcp.tax-graph.com/mcp/token,https://mcp.tax-graph.com/mcp/register,True,,https://mcp.tax-graph.com/mcp,https://mcp.tax-graph.com/.well-known/oauth-protected-resource/mcp/,"Bearer error=""invalid_token"", error_description=""Authentication failed. The provided bearer token is invalid, expired, or no longer recognized by the server. To resolve: clear authentication tokens in",umbrella_majestic_apex,
mcp.tradeit.app,https://mcp.tradeit.app/mcp,A_verified_mcp,oauth,True,401,,,,,https://mzvsvmjbxhkezfkgcaqr.supabase.co/auth/v1/oauth/authorize,https://mzvsvmjbxhkezfkgcaqr.supabase.co/auth/v1/oauth/token,https://mzvsvmjbxhkezfkgcaqr.supabase.co/auth/v1/oauth/clients/register,True,"openid,profile,email,phone",https://mzvsvmjbxhkezfkgcaqr.supabase.co/auth/v1,https://mcp.tradeit.app/.well-known/oauth-protected-resource/mcp,"Bearer error=""invalid_token"", error_description=""Missing access token""",mcp_registry,
mcp.tryadlicio.com,https://mcp.tryadlicio.com/mcp,A_verified_mcp,oauth,True,401,,,,,https://mcp.tryadlicio.com/oauth/authorize,https://mcp.tryadlicio.com/oauth/token,https://mcp.tryadlicio.com/oauth/register,True,mcp:tools,https://mcp.tryadlicio.com,https://mcp.tryadlicio.com/.well-known/oauth-protected-resource/mcp,"Bearer error=""invalid_token"", error_description=""Authentication required for Adlicio MCP"", resource_metadata=""https://mcp.tryadlicio.com/.well-known/oauth-protected-resource/mcp"", scope=""mcp:tools""",mcp_registry,
mcp.twmarketdata.com,https://mcp.twmarketdata.com/mcp,A_verified_mcp,oauth,True,200,tw-market-data,1.28.1,2025-06-18,"experimental,prompts,resources,tools",https://eager-opera-76-staging.authkit.app/oauth2/authorize,https://eager-opera-76-staging.authkit.app/oauth2/token,https://eager-opera-76-staging.authkit.app/oauth2/register,True,"email,offline_access,openid,profile",https://eager-opera-76-staging.authkit.app,https://mcp.twmarketdata.com/.well-known/oauth-protected-resource,,mcp_registry,
mcp.typeui.sh,https://mcp.typeui.sh/mcp,A_verified_mcp,oauth,True,401,,,,,https://dhyysypqeofcpwolhwdm.supabase.co/auth/v1/oauth/authorize,https://dhyysypqeofcpwolhwdm.supabase.co/auth/v1/oauth/token,https://dhyysypqeofcpwolhwdm.supabase.co/auth/v1/oauth/clients/register,True,"openid,profile,email,phone",https://dhyysypqeofcpwolhwdm.supabase.co/auth/v1,https://mcp.typeui.sh/.well-known/oauth-protected-resource,"Bearer error=""invalid_token"", error_description=""Missing Authorization header"", resource_metadata=""https://mcp.typeui.sh/.well-known/oauth-protected-resource""",mcp_registry,
mcp.unibiointelligence.com,https://mcp.unibiointelligence.com/mcp,A_verified_mcp,oauth,True,401,,,,,https://jpgzozxfkfrujtqyorxi.supabase.co/auth/v1/oauth/authorize,https://jpgzozxfkfrujtqyorxi.supabase.co/auth/v1/oauth/token,https://jpgzozxfkfrujtqyorxi.supabase.co/auth/v1/oauth/clients/register,True,email,https://jpgzozxfkfrujtqyorxi.supabase.co/auth/v1,https://mcp.unibiointelligence.com/.well-known/oauth-protected-resource/mcp,"Bearer resource_metadata=""https://mcp.unibiointelligence.com/.well-known/oauth-protected-resource/mcp""",mcp_registry,
mcp.us.signoz.cloud,https://mcp.us.signoz.cloud/mcp,A_verified_mcp,oauth,True,401,,,,,https://mcp.us.signoz.cloud/oauth/authorize,https://mcp.us.signoz.cloud/oauth/token,https://mcp.us.signoz.cloud/oauth/register,True,,https://mcp.us.signoz.cloud,https://mcp.us.signoz.cloud/.well-known/oauth-protected-resource,,umbrella_majestic_apex,
mcp.us1app.churnzero.net,https://mcp.us1app.churnzero.net/mcp,A_verified_mcp,oauth,True,401,,,,,https://app.churnzero.net/oauth2/authorize,https://app.churnzero.net/oauth2/token,https://app.churnzero.net/oauth2/register,True,"mcp,offline_access",https://app.churnzero.net,https://app.churnzero.net/.well-known/oauth-protected-resource,"Bearer resource_metadata=""https://app.churnzero.net/.well-known/oauth-protected-resource""",umbrella_majestic_apex,
mcp.us1appx.churnzero.net,https://mcp.us1appx.churnzero.net/mcp,A_verified_mcp,oauth,True,401,,,,,https://app.churnzero.net/oauth2/authorize,https://app.churnzero.net/oauth2/token,https://app.churnzero.net/oauth2/register,True,"mcp,offline_access",https://app.churnzero.net,https://app.churnzero.net/.well-known/oauth-protected-resource,"Bearer resource_metadata=""https://app.churnzero.net/.well-known/oauth-protected-resource""",umbrella_majestic_apex,
mcp.us2app.churnzero.net,https://mcp.us2app.churnzero.net/mcp,A_verified_mcp,oauth,True,401,,,,,https://app.churnzero.net/oauth2/authorize,https://app.churnzero.net/oauth2/token,https://app.churnzero.net/oauth2/register,True,"mcp,offline_access",https://app.churnzero.net,https://app.churnzero.net/.well-known/oauth-protected-resource,"Bearer resource_metadata=""https://app.churnzero.net/.well-known/oauth-protected-resource""",umbrella_majestic_apex,
mcp.us2appx.churnzero.net,https://mcp.us2appx.churnzero.net/mcp,A_verified_mcp,oauth,True,401,,,,,https://app.churnzero.net/oauth2/authorize,https://app.churnzero.net/oauth2/token,https://app.churnzero.net/oauth2/register,True,"mcp,offline_access",https://app.churnzero.net,https://app.churnzero.net/.well-known/oauth-protected-resource,"Bearer resource_metadata=""https://app.churnzero.net/.well-known/oauth-protected-resource""",umbrella_majestic_apex,
mcp.vectorsolutions.us1app.churnzero.net,https://mcp.vectorsolutions.us1app.churnzero.net/mcp,A_verified_mcp,oauth,True,401,,,,,https://app.churnzero.net/oauth2/authorize,https://app.churnzero.net/oauth2/token,https://app.churnzero.net/oauth2/register,True,"mcp,offline_access",https://app.churnzero.net,https://app.churnzero.net/.well-known/oauth-protected-resource,"Bearer resource_metadata=""https://app.churnzero.net/.well-known/oauth-protected-resource""",umbrella_majestic_apex,
mcp.websites.hibu.com,https://mcp.websites.hibu.com/mcp,A_verified_mcp,oauth,True,401,,,,,https://mcp.websites.hibu.com/authorize,https://mcp.websites.hibu.com/token,https://mcp.websites.hibu.com/register,True,,https://mcp.websites.hibu.com/,https://mcp.websites.hibu.com/.well-known/oauth-protected-resource,"Bearer error=""invalid_token"", error_description=""""",umbrella_majestic_apex,
mcp.wiv.ai,https://mcp.wiv.ai/sse,A_verified_mcp,oauth,True,401,,,,,https://mcp.wiv.ai/authorize,https://mcp.wiv.ai/token,https://mcp.wiv.ai/register,True,"mcp:tools,mcp:resources",https://mcp.wiv.ai,https://mcp.wiv.ai/.well-known/oauth-protected-resource/sse,Bearer,mcp_registry,
mcp.xpoz.ai,https://mcp.xpoz.ai/mcp,A_verified_mcp,oauth,True,200,xpoz-mcp,3.0.0,2025-06-18,"completions,prompts,resources,tools",https://mcp.xpoz.ai/oauth/authorize,https://mcp.xpoz.ai/oauth/token,https://mcp.xpoz.ai/oauth/register,True,,https://mcp.xpoz.ai,https://mcp.xpoz.ai/.well-known/oauth-protected-resource,,mcp_registry,
mcp.yapl.app,https://mcp.yapl.app/v1/mcp,A_verified_mcp,oauth,True,401,,,,,https://kbpyylnunwbjcwctljkh.supabase.co/auth/v1/oauth/authorize,https://kbpyylnunwbjcwctljkh.supabase.co/auth/v1/oauth/token,https://kbpyylnunwbjcwctljkh.supabase.co/auth/v1/oauth/clients/register,True,"openid,profile,email,phone",https://kbpyylnunwbjcwctljkh.supabase.co/auth/v1,https://mcp.yapl.app/.well-known/oauth-protected-resource/v1/mcp,,mcp_registry,
mcp.yempik.ai,https://mcp.yempik.ai/mcp,A_verified_mcp,oauth,True,401,,,,,https://sxivdvbcfjkabifkyewi.supabase.co/auth/v1/oauth/authorize,https://sxivdvbcfjkabifkyewi.supabase.co/auth/v1/oauth/token,https://sxivdvbcfjkabifkyewi.supabase.co/auth/v1/oauth/clients/register,True,"openid,profile,email,phone",https://sxivdvbcfjkabifkyewi.supabase.co/auth/v1,https://mcp.yempik.ai/.well-known/oauth-protected-resource/mcp,,mcp_registry,
mcp.yieldpro.improvedigital.com,https://mcp.yieldpro.improvedigital.com/mcp,A_verified_mcp,oauth,True,401,,,,,https://yieldpro.improvedigital.com/o/authorize/,https://yieldpro.improvedigital.com/o/token/,https://yieldpro.improvedigital.com/o/register/,True,"read,write",https://yieldpro.improvedigital.com,https://mcp.yieldpro.improvedigital.com/.well-known/oauth-protected-resource/mcp,"Bearer error=""invalid_token"", error_description=""Authentication required"", resource_metadata=""https://mcp.yieldpro.improvedigital.com/.well-known/oauth-protected-resource/mcp""",umbrella_majestic_apex,
mcp.ysaere.com,https://mcp.ysaere.com/mcp,A_verified_mcp,oauth,True,401,,,,,https://api.ysaere.com/oauth/authorize,https://api.ysaere.com/oauth/token,,False,"intel:run,marketplace:run,account:read,network:read",https://api.ysaere.com,https://mcp.ysaere.com/.well-known/oauth-protected-resource/mcp,,umbrella_majestic_apex,
mcp.zenfin.tech,https://mcp.zenfin.tech/mcp,A_verified_mcp,oauth,True,401,,,,,https://mcijquzcmpnewbxhuxzy.supabase.co/auth/v1/oauth/authorize,https://mcijquzcmpnewbxhuxzy.supabase.co/auth/v1/oauth/token,https://mcijquzcmpnewbxhuxzy.supabase.co/auth/v1/oauth/clients/register,True,"openid,profile,email,phone",https://mcijquzcmpnewbxhuxzy.supabase.co/auth/v1,https://mcp.zenfin.tech/.well-known/oauth-protected-resource/mcp,"Bearer resource_metadata=""https://mcp.zenfin.tech/.well-known/oauth-protected-resource/mcp""",mcp_registry,
mdflow.cz,https://mdflow.cz/api/mcp,A_verified_mcp,oauth,True,401,,,,,https://avpohqkozlquuxzqqtsx.supabase.co/auth/v1/oauth/authorize,https://avpohqkozlquuxzqqtsx.supabase.co/auth/v1/oauth/token,https://avpohqkozlquuxzqqtsx.supabase.co/auth/v1/oauth/clients/register,True,"openid,email,profile",https://avpohqkozlquuxzqqtsx.supabase.co/auth/v1,https://mdflow.cz/.well-known/oauth-protected-resource/api/mcp,,mcp_registry,
memberful.usefulapi.io,https://memberful.usefulapi.io/mcp,A_verified_mcp,oauth,True,200,memberful-mcp,1.0.1,2025-06-18,tools,,,,False,"read,write",,https://memberful.usefulapi.io/.well-known/oauth-protected-resource/mcp,,mcp_registry,
mess.fyi,https://mess.fyi/api/mcp,A_verified_mcp,oauth,True,401,MESS — the ledger your agents keep,,,,https://fehwyuljeetytfkmmrli.supabase.co/auth/v1/oauth/authorize,https://fehwyuljeetytfkmmrli.supabase.co/auth/v1/oauth/token,https://fehwyuljeetytfkmmrli.supabase.co/auth/v1/oauth/clients/register,True,"openid,profile,email,phone",https://fehwyuljeetytfkmmrli.supabase.co/auth/v1,https://mess.fyi/.well-known/oauth-protected-resource/api/mcp,,mcp_registry,
messagesbridge.vercel.app,https://messagesbridge.vercel.app/mcp,A_verified_mcp,oauth,True,401,,,,,https://messagesbridge.vercel.app/oauth/authorize,https://messagesbridge.vercel.app/api/oauth/token,https://messagesbridge.vercel.app/api/oauth/register,True,messages,https://messagesbridge.vercel.app,https://messagesbridge.vercel.app/.well-known/oauth-protected-resource/mcp,,mcp_registry,
metriport.usefulapi.io,https://metriport.usefulapi.io/mcp,A_verified_mcp,oauth,True,200,metriport-mcp,1.0.1,2025-06-18,tools,,,,False,"read,write",,https://metriport.usefulapi.io/.well-known/oauth-protected-resource/mcp,,mcp_registry,
milkroad.com,https://milkroad.com/api/mcp,A_verified_mcp,oauth,True,401,Milk Road analyst data,,,,https://lczpxgenjulxwkaqrbax.supabase.co/auth/v1/oauth/authorize,https://lczpxgenjulxwkaqrbax.supabase.co/auth/v1/oauth/token,https://lczpxgenjulxwkaqrbax.supabase.co/auth/v1/oauth/clients/register,True,email,https://lczpxgenjulxwkaqrbax.supabase.co/auth/v1,https://milkroad.com/.well-known/oauth-protected-resource/api/mcp,"Bearer error=""invalid_token"", resource_metadata=""https://milkroad.com/.well-known/oauth-protected-resource/api/mcp"", scope=""email""",umbrella_majestic_apex,
misim.ai,https://misim.ai/api/misim/mcp,A_verified_mcp,oauth,True,401,,,,,https://kcuitmuycsjnqiwsyhsj.supabase.co/auth/v1/oauth/authorize,https://kcuitmuycsjnqiwsyhsj.supabase.co/auth/v1/oauth/token,https://kcuitmuycsjnqiwsyhsj.supabase.co/auth/v1/oauth/clients/register,True,"openid,profile",https://kcuitmuycsjnqiwsyhsj.supabase.co/auth/v1,https://misim.ai/.well-known/oauth-protected-resource/api/misim/mcp,,mcp_registry,
mission-control-six-kohl.vercel.app,https://mission-control-six-kohl.vercel.app/api/mcp,A_verified_mcp,oauth,True,401,,,,,https://mission-control-six-kohl.vercel.app/api/oauth/authorize,https://mission-control-six-kohl.vercel.app/api/oauth/token,https://mission-control-six-kohl.vercel.app/api/oauth/register,True,mcp,https://mission-control-six-kohl.vercel.app,https://mission-control-six-kohl.vercel.app/.well-known/oauth-protected-resource,,mcp_registry,
monitoring.clients6.google.com,https://monitoring.clients6.google.com/mcp,A_verified_mcp,oauth,True,200,StatelessServer,ESF,2025-06-18,tools,https://accounts.google.com/o/oauth2/v2/auth,https://oauth2.googleapis.com/token,,False,https://www.googleapis.com/auth/monitoring.write,https://accounts.google.com,https://monitoring.clients6.google.com/.well-known/oauth-protected-resource/mcp,,umbrella_majestic_apex,
navitt-mcp.marine-356.workers.dev,https://navitt-mcp.marine-356.workers.dev/mcp,A_verified_mcp,oauth,True,401,,,,,https://navitt-mcp.marine-356.workers.dev/authorize,https://navitt-mcp.marine-356.workers.dev/token,https://navitt-mcp.marine-356.workers.dev/register,True,,https://navitt-mcp.marine-356.workers.dev,https://navitt-mcp.marine-356.workers.dev/.well-known/oauth-protected-resource/mcp,"Bearer realm=""OAuth"", resource_metadata=""https://navitt-mcp.marine-356.workers.dev/.well-known/oauth-protected-resource/mcp"", error=""invalid_token"", error_description=""Missing or invalid access token""",mcp_registry,
northflank.usefulapi.io,https://northflank.usefulapi.io/api/mcp,A_verified_mcp,oauth,True,403,,,,,https://northflank.usefulapi.io/authorize,https://northflank.usefulapi.io/token,https://northflank.usefulapi.io/register,True,"read,write",https://northflank.usefulapi.io,https://northflank.usefulapi.io/.well-known/oauth-protected-resource/api/mcp,,mcp_registry,
notesbridge.vercel.app,https://notesbridge.vercel.app/mcp,A_verified_mcp,oauth,True,401,,,,,https://notesbridge.vercel.app/oauth/authorize,https://notesbridge.vercel.app/api/oauth/token,https://notesbridge.vercel.app/api/oauth/register,True,notes,https://notesbridge.vercel.app,https://notesbridge.vercel.app/.well-known/oauth-protected-resource/mcp,,mcp_registry,
nourishvedha.com,https://nourishvedha.com/mcp,A_verified_mcp,oauth,True,401,NourishVedha,,,,https://pfngxvdaipcevuemikbw.supabase.co/auth/v1/oauth/authorize,https://pfngxvdaipcevuemikbw.supabase.co/auth/v1/oauth/token,https://pfngxvdaipcevuemikbw.supabase.co/auth/v1/oauth/clients/register,True,"openid,profile,email,phone",https://pfngxvdaipcevuemikbw.supabase.co/auth/v1,https://nourishvedha.com/.well-known/oauth-protected-resource,"Bearer realm=""mcp"", resource_metadata=""https://nourishvedha.com/.well-known/oauth-protected-resource""",mcp_registry,
numbru-mcp-server.numbru.workers.dev,https://numbru-mcp-server.numbru.workers.dev,A_verified_mcp,oauth,True,200,numbrU API,1.0.0,2025-06-18,tools,https://numbru-mcp-server.numbru.workers.dev/authorize,https://numbru-mcp-server.numbru.workers.dev/token,https://numbru-mcp-server.numbru.workers.dev/register,True,,https://numbru-mcp-server.numbru.workers.dev,,,mcp_registry,
open-food-facts-mcp.mcpize.run,https://open-food-facts-mcp.mcpize.run/mcp,A_verified_mcp,oauth,True,200,Food Insights Unlocked,,,,https://open-food-facts-mcp.mcpize.run/oauth/authorize?server_id=55f8ae3d-5a89-4a0d-b25c-27d02fececb4,https://open-food-facts-mcp.mcpize.run/oauth/token,https://open-food-facts-mcp.mcpize.run/oauth/register,True,"mcp:tools,mcp:resources,mcp:prompts",https://open-food-facts-mcp.mcpize.run,https://open-food-facts-mcp.mcpize.run/.well-known/oauth-protected-resource,,mcp_registry,
openapi.longbridge.com,https://openapi.longbridge.com/mcp,A_verified_mcp,oauth,True,401,Longbridge OpenAPI OAuth Server,,,,https://openapi.longbridge.com/oauth2/authorize,https://openapi.longbridge.com/oauth2/token,https://openapi.longbridge.com/oauth2/register,True,"4,6,10,11,12",https://openapi.longbridge.com,https://openapi.longbridge.com/.well-known/oauth-protected-resource/mcp,,mcp_registry,
opps-api.getwarmly.com,https://opps-api.getwarmly.com/api/mcp,A_verified_mcp,oauth,True,401,,,,,https://vigorous-paper-03.authkit.app/oauth2/authorize,https://vigorous-paper-03.authkit.app/oauth2/token,https://vigorous-paper-03.authkit.app/oauth2/register,True,"email,offline_access,openid,profile",https://vigorous-paper-03.authkit.app,https://opps-api.getwarmly.com/.well-known/oauth-protected-resource,"Bearer resource_metadata=""https://opps-api.getwarmly.com/.well-known/oauth-protected-resource"", error=""invalid_token""",umbrella_majestic_apex,
opula.io,https://opula.io/api/mcp,A_verified_mcp,oauth,True,401,,,,,https://kahzxbqbelpcndbmpste.supabase.co/auth/v1/oauth/authorize,https://kahzxbqbelpcndbmpste.supabase.co/auth/v1/oauth/token,https://kahzxbqbelpcndbmpste.supabase.co/auth/v1/oauth/clients/register,True,"openid,profile,email,phone",https://kahzxbqbelpcndbmpste.supabase.co/auth/v1,https://opula.io/.well-known/oauth-protected-resource/api/mcp,,mcp_registry,
opuslog.vercel.app,https://opuslog.vercel.app/mcp,A_verified_mcp,oauth,True,401,,,,,https://opuslog.org/oauth/authorize,https://opuslog.org/oauth/token,https://opuslog.org/api/oauth/register,True,"opuslog.read,opuslog.write,opuslog.publish,opuslog.delete",https://opuslog.org,https://opuslog.vercel.app/.well-known/oauth-protected-resource,,mcp_registry,
orchard-mcp.orchardagentic.workers.dev,https://orchard-mcp.orchardagentic.workers.dev/mcp,A_verified_mcp,oauth,True,401,,,,,https://orchard-mcp.orchardagentic.workers.dev/authorize,https://orchard-mcp.orchardagentic.workers.dev/token,https://orchard-mcp.orchardagentic.workers.dev/register,True,,https://orchard-mcp.orchardagentic.workers.dev,https://orchard-mcp.orchardagentic.workers.dev/.well-known/oauth-protected-resource/mcp,"Bearer realm=""OAuth"", resource_metadata=""https://orchard-mcp.orchardagentic.workers.dev/.well-known/oauth-protected-resource/mcp"", error=""invalid_token"", error_description=""Missing or invalid access t",mcp_registry,
oyosihxkecspjkiligga.supabase.co,https://oyosihxkecspjkiligga.supabase.co/functions/v1/mcp,A_verified_mcp,oauth,True,401,ChangeBook MCP,,,,https://changebook.app/authorize,https://oyosihxkecspjkiligga.supabase.co/functions/v1/mcp-oauth/token,https://oyosihxkecspjkiligga.supabase.co/functions/v1/mcp-oauth/register,True,mcp,https://changebook.app,https://changebook.app/.well-known/oauth-protected-resource,"Bearer resource_metadata=""https://changebook.app/.well-known/oauth-protected-resource"", error=""invalid_token""",mcp_registry,
people-pa.clients6.google.com,https://people-pa.clients6.google.com/mcp,A_verified_mcp,oauth,True,200,StatelessServer,ESF,2025-06-18,tools,https://accounts.google.com/o/oauth2/v2/auth,https://oauth2.googleapis.com/token,,False,https://www.googleapis.com/auth/peopleapi.readwrite,https://accounts.google.com,https://people-pa.clients6.google.com/.well-known/oauth-protected-resource/mcp,,umbrella_majestic_apex,
peppy_weekend--dependency-freshness-mcp.apify.actor,https://peppy_weekend--dependency-freshness-mcp.apify.actor/mcp,A_verified_mcp,oauth,True,401,,,,,https://console.apify.com/authorize/oauth,https://console-backend.apify.com/oauth/apps/token,https://console-backend.apify.com/oauth/apps,True,full_api_access,https://console-backend.apify.com,,,mcp_registry,
permission-proxy-gmxnet.uimserv.net,https://permission-proxy-gmxnet.uimserv.net/api/mcp,A_verified_mcp,oauth,True,401,,,,,,,,False,,,https://permission-proxy-gmxnet.uimserv.net/.well-known/oauth-protected-resource/api/mcp,,umbrella_majestic_apex,
piu-copy-mcp-production.up.railway.app,https://piu-copy-mcp-production.up.railway.app/mcp,A_verified_mcp,oauth,True,401,,,,,https://piu-copy-mcp-production.up.railway.app/authorize,https://piu-copy-mcp-production.up.railway.app/token,https://piu-copy-mcp-production.up.railway.app/register,True,mcp,https://piu-copy-mcp-production.up.railway.app,https://piu-copy-mcp-production.up.railway.app/.well-known/oauth-protected-resource,"Bearer resource_metadata=""https://piu-copy-mcp-production.up.railway.app/.well-known/oauth-protected-resource""",mcp_registry,
platform.cloud.coveo.com,https://platform.cloud.coveo.com/mcp,A_verified_mcp,oauth,True,401,,,,,https://platform.cloud.coveo.com/oauth/authorize,https://platform.cloud.coveo.com/oauth/token,,False,full,https://platform.cloud.coveo.com,https://platform.cloud.coveo.com/.well-known/oauth-protected-resource/mcp,,umbrella_majestic_apex,
plero.ai,https://plero.ai/api/mcp,A_verified_mcp,oauth,True,401,Plero,,,,https://plero.ai/oauth/authorize,https://plero.ai/oauth/token,https://plero.ai/oauth/register,True,"plero:read,plero:write,plero:run,plero:advanced,chloe:run",https://plero.ai,https://plero.ai/.well-known/oauth-protected-resource/api/mcp,,mcp_registry,
poc-v2-mcp-server.amr-dbe.workers.dev,https://poc-v2-mcp-server.amr-dbe.workers.dev/mcp,A_verified_mcp,oauth,True,401,,,,,https://poc-v2-mcp-server.amr-dbe.workers.dev/authorize,https://poc-v2-mcp-server.amr-dbe.workers.dev/token,https://poc-v2-mcp-server.amr-dbe.workers.dev/register,True,mcp.read,https://poc-v2-mcp-server.amr-dbe.workers.dev,https://poc-v2-mcp-server.amr-dbe.workers.dev/.well-known/oauth-protected-resource/mcp,"Bearer realm=""OAuth"", resource_metadata=""https://poc-v2-mcp-server.amr-dbe.workers.dev/.well-known/oauth-protected-resource/mcp"", error=""invalid_token"", error_description=""Missing or invalid access to",mcp_registry,
pro.cloudx.io,https://pro.cloudx.io/mcp,A_verified_mcp,oauth,True,401,CloudX Provisioning MCP,,,,https://auth.cloudx.io/oauth2/authorize,https://auth.cloudx.io/oauth2/token,https://auth.cloudx.io/oauth2/register,True,"email,offline_access,openid,profile",https://auth.cloudx.io,https://pro.cloudx.io/.well-known/oauth-protected-resource,,umbrella_majestic_apex,
product-katalon.katalon.io,https://product-katalon.katalon.io/mcp,A_verified_mcp,oauth,True,401,,,,,https://login.katalon.com/realms/katalon/protocol/openid-connect/auth,https://login.katalon.com/realms/katalon/protocol/openid-connect/token,https://katalon-api.katalon.com/v2/admin/platform/clients,True,mcp:access,https://login.katalon.com/realms/katalon,https://product-katalon.katalon.io/.well-known/oauth-protected-resource/mcp,"Bearer error=""invalid_token"", error_description=""Authentication required"", resource_metadata=""https://product-katalon.katalon.io/.well-known/oauth-protected-resource/mcp""",mcp_registry,
profitspotmcp.mcpize.run,https://profitspotmcp.mcpize.run,A_verified_mcp,oauth,True,401,ProfitSpot,,,,https://profitspotmcp.mcpize.run/oauth/authorize?server_id=92a9dd9a-103f-4ea4-a0fd-94bc5561203e,https://profitspotmcp.mcpize.run/oauth/token,https://profitspotmcp.mcpize.run/oauth/register,True,"mcp:tools,mcp:resources,mcp:prompts",https://profitspotmcp.mcpize.run,https://mcpize.run/.well-known/oauth-protected-resource/profitspotmcp,"Bearer realm=""mcpize"", scope=""mcp:tools mcp:resources mcp:prompts"", resource_metadata=""https://mcpize.run/.well-known/oauth-protected-resource/profitspotmcp""",mcp_registry,
proofx-mcp.fly.dev,https://proofx-mcp.fly.dev/mcp,A_verified_mcp,oauth,True,200,ProofX,1.0.0,2025-06-18,tools,https://proofx-mcp.fly.dev/oauth/authorize,https://proofx-mcp.fly.dev/oauth/token,https://proofx-mcp.fly.dev/oauth/register,True,"protect,verify",https://proofx-mcp.fly.dev,https://proofx-mcp.fly.dev/.well-known/oauth-protected-resource,,mcp_registry,
protonote.io,https://protonote.io/api/mcp,A_verified_mcp,oauth,True,401,,,,,https://ubtoomxbklwtzyspswel.supabase.co/auth/v1/oauth/authorize,https://ubtoomxbklwtzyspswel.supabase.co/auth/v1/oauth/token,https://ubtoomxbklwtzyspswel.supabase.co/auth/v1/oauth/clients/register,True,"openid,profile,email,phone",https://ubtoomxbklwtzyspswel.supabase.co/auth/v1,https://protonote.io/.well-known/oauth-protected-resource,,mcp_registry,
provisioning.cloudx.io,https://provisioning.cloudx.io/mcp,A_verified_mcp,oauth,True,401,CloudX Provisioning MCP,,,,https://auth.cloudx.io/oauth2/authorize,https://auth.cloudx.io/oauth2/token,https://auth.cloudx.io/oauth2/register,True,"email,offline_access,openid,profile",https://auth.cloudx.io,https://provisioning.cloudx.io/.well-known/oauth-protected-resource,,umbrella_majestic_apex,
public-api.wordpress.com,https://public-api.wordpress.com/wpcom/v2/mcp/v1,A_verified_mcp,oauth,True,401,,,,,https://public-api.wordpress.com/oauth2-1/authorize,https://public-api.wordpress.com/oauth2-1/token,https://public-api.wordpress.com/oauth2-1/register,True,"global,auth,openid,profile,email,users,sites,posts,comments,taxonomy,follow,sharing",https://public-api.wordpress.com,https://public-api.wordpress.com/.well-known/oauth-protected-resource?resource=wpcom/v2/mcp/v1,"Bearer resource_metadata=""https://public-api.wordpress.com/.well-known/oauth-protected-resource?resource=wpcom/v2/mcp/v1""",umbrella_majestic_apex,
public-data-ukraine-mcp.mcpize.run,https://public-data-ukraine-mcp.mcpize.run/mcp,A_verified_mcp,oauth,True,200,public_data_ukraine_mcp,1.28.1,2025-06-18,"experimental,prompts,resources,tools",https://public-data-ukraine-mcp.mcpize.run/oauth/authorize?server_id=2a706a20-c896-4b8f-81cd-93db624ee447,https://public-data-ukraine-mcp.mcpize.run/oauth/token,https://public-data-ukraine-mcp.mcpize.run/oauth/register,True,"mcp:tools,mcp:resources,mcp:prompts",https://public-data-ukraine-mcp.mcpize.run,https://public-data-ukraine-mcp.mcpize.run/.well-known/oauth-protected-resource,,mcp_registry,
quaderno.usefulapi.io,https://quaderno.usefulapi.io/mcp,A_verified_mcp,oauth,True,200,quaderno-mcp,1.0.1,2025-06-18,tools,https://quaderno.usefulapi.io/authorize,https://quaderno.usefulapi.io/token,https://quaderno.usefulapi.io/register,True,"read,write",https://quaderno.usefulapi.io,https://quaderno.usefulapi.io/.well-known/oauth-protected-resource/mcp,,mcp_registry,
quetext.com,https://quetext.com/mcp,A_verified_mcp,oauth,True,401,Quetext,,,,https://www.quetext.com/oauth/authorize,https://www.quetext.com/oauth/token,https://www.quetext.com/oauth/register,True,"plagiarism:write,plagiarism:read,ai:write,ai:read,reports:read,reports:delete,account:read",https://www.quetext.com,https://www.quetext.com/.well-known/oauth-protected-resource,"Bearer resource_metadata=""https://www.quetext.com/.well-known/oauth-protected-resource"", error=""invalid_token"", error_description=""Missing bearer token""",umbrella_majestic_apex,
quintadb.com.ua,https://quintadb.com.ua/mcp,A_verified_mcp,oauth,True,200,quintadb,1.0.0,2025-06-18,tools,https://quintadb.com.ua/mcp/oauth/authorize,https://quintadb.com.ua/mcp/oauth/token,https://quintadb.com.ua/mcp/oauth/register,True,mcp,https://quintadb.com.ua,https://quintadb.com.ua/.well-known/oauth-protected-resource,,mcp_registry,
quintadb.ru,https://quintadb.ru/mcp,A_verified_mcp,oauth,True,200,quintadb,1.0.0,2025-06-18,tools,https://quintadb.ru/mcp/oauth/authorize,https://quintadb.ru/mcp/oauth/token,https://quintadb.ru/mcp/oauth/register,True,mcp,https://quintadb.ru,https://quintadb.ru/.well-known/oauth-protected-resource,,mcp_registry,
raisely.usefulapi.io,https://raisely.usefulapi.io/mcp,A_verified_mcp,oauth,True,200,raisely-mcp,1.0.1,2025-06-18,tools,,,,False,"read,write",,https://raisely.usefulapi.io/.well-known/oauth-protected-resource/mcp,,mcp_registry,
receipts-mcp.vercel.app,https://receipts-mcp.vercel.app/api/mcp,A_verified_mcp,oauth,True,200,mcp-typescript server on vercel,0.1.0,2025-06-18,tools,https://giving-citadel-43.authkit.app/oauth2/authorize,https://giving-citadel-43.authkit.app/oauth2/token,https://giving-citadel-43.authkit.app/oauth2/register,True,"email,offline_access,openid,profile",https://giving-citadel-43.authkit.app,https://receipts-mcp.vercel.app/.well-known/oauth-protected-resource,,mcp_registry,
recruiterroles.com,https://recruiterroles.com/api/mcp,A_verified_mcp,oauth,True,200,recruiter-roles,1.0.0,2025-06-18,tools,https://jfhgwztlduphmlswuefu.supabase.co/auth/v1/oauth/authorize,https://jfhgwztlduphmlswuefu.supabase.co/auth/v1/oauth/token,,False,"jobs:read,companies:read,sectors:read,locations:read,stats:read,benchmarks:read",https://jfhgwztlduphmlswuefu.supabase.co/auth/v1,https://recruiterroles.com/.well-known/oauth-protected-resource,,mcp_registry,
regex-safety-audit-mcp.mcpize.run,https://regex-safety-audit-mcp.mcpize.run/mcp,A_verified_mcp,oauth,True,401,regex-safety-audit-mcp,,,,https://regex-safety-audit-mcp.mcpize.run/oauth/authorize?server_id=cf4727d1-c037-4bfc-85a5-a4d1d77eef95,https://regex-safety-audit-mcp.mcpize.run/oauth/token,https://regex-safety-audit-mcp.mcpize.run/oauth/register,True,"mcp:tools,mcp:resources,mcp:prompts",https://regex-safety-audit-mcp.mcpize.run,https://mcpize.run/.well-known/oauth-protected-resource/regex-safety-audit-mcp,"Bearer realm=""mcpize"", scope=""mcp:tools mcp:resources mcp:prompts"", resource_metadata=""https://mcpize.run/.well-known/oauth-protected-resource/regex-safety-audit-mcp""",mcp_registry,
remindersbridge.vercel.app,https://remindersbridge.vercel.app/mcp,A_verified_mcp,oauth,True,401,,,,,https://remindersbridge.vercel.app/oauth/authorize,https://remindersbridge.vercel.app/api/oauth/token,https://remindersbridge.vercel.app/api/oauth/register,True,reminders,https://remindersbridge.vercel.app,https://remindersbridge.vercel.app/.well-known/oauth-protected-resource/mcp,,mcp_registry,
renoolab-mcp.mehdi-boukenouche.workers.dev,https://renoolab-mcp.mehdi-boukenouche.workers.dev/mcp,A_verified_mcp,oauth,True,401,,,,,https://renoolab-mcp.mehdi-boukenouche.workers.dev/authorize,https://renoolab-mcp.mehdi-boukenouche.workers.dev/token,https://renoolab-mcp.mehdi-boukenouche.workers.dev/register,True,,https://renoolab-mcp.mehdi-boukenouche.workers.dev,https://renoolab-mcp.mehdi-boukenouche.workers.dev/.well-known/oauth-protected-resource/mcp,"Bearer realm=""OAuth"", resource_metadata=""https://renoolab-mcp.mehdi-boukenouche.workers.dev/.well-known/oauth-protected-resource/mcp"", error=""invalid_token"", error_description=""Missing or invalid acce",mcp_registry,
renzomacar--multi-scraper-mcp.apify.actor,https://renzomacar--multi-scraper-mcp.apify.actor/mcp?token={apifyToken},A_verified_mcp,oauth,True,401,,,,,https://console.apify.com/authorize/oauth,https://console-backend.apify.com/oauth/apps/token,https://console-backend.apify.com/oauth/apps,True,full_api_access,https://console-backend.apify.com,,,mcp_registry,
research-mcp.mcpize.run,https://research-mcp.mcpize.run/mcp,A_verified_mcp,oauth,True,200,Academic Research Explorer,,,,https://research-mcp.mcpize.run/oauth/authorize?server_id=d8379d53-28a2-4f8f-a9f5-3c8b35d6d984,https://research-mcp.mcpize.run/oauth/token,https://research-mcp.mcpize.run/oauth/register,True,"mcp:tools,mcp:resources,mcp:prompts",https://research-mcp.mcpize.run,https://research-mcp.mcpize.run/.well-known/oauth-protected-resource,,mcp_registry,
ripostiq.com,https://ripostiq.com/mcp,A_verified_mcp,oauth,True,200,Ripostiq,3.4.2,2025-06-18,"experimental,extensions,logging,prompts,resources,tools",https://ripostiq.com/authorize,https://ripostiq.com/token,https://ripostiq.com/register,True,,https://ripostiq.com/,https://ripostiq.com/.well-known/oauth-protected-resource/mcp,,mcp_registry,
rovvafrica.com,https://rovvafrica.com/api/v1/mcp,A_verified_mcp,oauth,True,200,rovv-ride-booking,1.0.0,2025-03-26,tools,https://rovvafrica.com/api/v1/mcp/oauth/authorize,https://rovvafrica.com/api/v1/mcp/oauth/token,https://rovvafrica.com/api/v1/mcp/oauth/register,True,,https://rovvafrica.com,,,mcp_registry,
sansfiction.com,https://sansfiction.com/api/mcp,A_verified_mcp,oauth,True,200,sansfiction-web-mcp,1.1.0,2025-06-18,tools,https://hnkeyftjzwngkcobmiil.supabase.co/auth/v1/oauth/authorize,https://hnkeyftjzwngkcobmiil.supabase.co/auth/v1/oauth/token,https://hnkeyftjzwngkcobmiil.supabase.co/auth/v1/oauth/clients/register,True,"openid,profile,email,phone",https://hnkeyftjzwngkcobmiil.supabase.co/auth/v1,https://sansfiction.com/.well-known/oauth-protected-resource/api/mcp,,smithery_awesome,
savedthat.app,https://savedthat.app/api/mcp,A_verified_mcp,oauth,True,200,savedthat,1.0.1,2025-06-18,tools,https://igsmkyifxygxogpeagjp.supabase.co/auth/v1/oauth/authorize,https://igsmkyifxygxogpeagjp.supabase.co/auth/v1/oauth/token,https://igsmkyifxygxogpeagjp.supabase.co/auth/v1/oauth/clients/register,True,"openid,profile,email",https://igsmkyifxygxogpeagjp.supabase.co/auth/v1,https://savedthat.app/.well-known/oauth-protected-resource,,mcp_registry,
scoreboard.urdr.dev,https://scoreboard.urdr.dev/api/mcp,A_verified_mcp,oauth,True,200,ssi-scoreboard,0.1.0,2025-06-18,"prompts,resources,tools",https://scoreboard.urdr.dev/oauth/authorize,https://scoreboard.urdr.dev/oauth/token,https://scoreboard.urdr.dev/register,True,claudeai,https://scoreboard.urdr.dev,https://scoreboard.urdr.dev/.well-known/oauth-protected-resource/api/mcp,,smithery_awesome,
scout-intel.mcpize.run,https://scout-intel.mcpize.run,A_verified_mcp,oauth,True,401,Scout Intel,,,,https://scout-intel.mcpize.run/oauth/authorize?server_id=47f645be-cd51-4d3c-8fae-bd0ca6f7843c,https://scout-intel.mcpize.run/oauth/token,https://scout-intel.mcpize.run/oauth/register,True,"mcp:tools,mcp:resources,mcp:prompts",https://scout-intel.mcpize.run,https://mcpize.run/.well-known/oauth-protected-resource/scout-intel,"Bearer realm=""mcpize"", scope=""mcp:tools mcp:resources mcp:prompts"", resource_metadata=""https://mcpize.run/.well-known/oauth-protected-resource/scout-intel""",mcp_registry,
secondbrainbridge.vercel.app,https://secondbrainbridge.vercel.app/mcp,A_verified_mcp,oauth,True,401,,,,,https://secondbrainbridge.vercel.app/oauth/authorize,https://secondbrainbridge.vercel.app/api/oauth/token,https://secondbrainbridge.vercel.app/api/oauth/register,True,knowledge,https://secondbrainbridge.vercel.app,https://secondbrainbridge.vercel.app/.well-known/oauth-protected-resource/mcp,,mcp_registry,
security-mcp.mcpize.run,https://security-mcp.mcpize.run/mcp,A_verified_mcp,oauth,True,200,Vulnerability Scanner,,,,https://security-mcp.mcpize.run/oauth/authorize?server_id=9d692ebc-1fd2-4132-a3f4-cfe7513d7e17,https://security-mcp.mcpize.run/oauth/token,https://security-mcp.mcpize.run/oauth/register,True,"mcp:tools,mcp:resources,mcp:prompts",https://security-mcp.mcpize.run,https://security-mcp.mcpize.run/.well-known/oauth-protected-resource,,mcp_registry,
sekichi.fly.dev,https://sekichi.fly.dev/mcp,A_verified_mcp,oauth,True,401,,,,,https://olvmxilvdhmiiczigyaf.supabase.co/auth/v1/oauth/authorize,https://olvmxilvdhmiiczigyaf.supabase.co/auth/v1/oauth/token,https://olvmxilvdhmiiczigyaf.supabase.co/auth/v1/oauth/clients/register,True,"openid,email",https://olvmxilvdhmiiczigyaf.supabase.co/auth/v1,https://sekichi.fly.dev/.well-known/oauth-protected-resource,"Bearer error=""invalid_token"", error_description=""Authentication required"", resource_metadata=""https://sekichi.fly.dev/.well-known/oauth-protected-resource""",mcp_registry,
sellag.vercel.app,https://sellag.vercel.app/api/mcp,A_verified_mcp,oauth,True,200,sella-mcp,0.2.0,2025-06-18,tools,https://www.selltoagent.dev/authorize,https://www.selltoagent.dev/token,https://www.selltoagent.dev/register,True,mcp:tools,https://www.selltoagent.dev,https://sellag.vercel.app/.well-known/oauth-protected-resource/api/mcp,,mcp_registry,
sendgrid.usefulapi.io,https://sendgrid.usefulapi.io/api/mcp,A_verified_mcp,oauth,True,403,,,,,https://sendgrid.usefulapi.io/authorize,https://sendgrid.usefulapi.io/token,https://sendgrid.usefulapi.io/register,True,"read,write",https://sendgrid.usefulapi.io,,,mcp_registry,
server.smithery.ai,https://server.smithery.ai/@Nekzus/npm-sentinel-mcp/mcp,A_verified_mcp,oauth,True,401,,,,,,,,False,,,https://server.smithery.ai/.well-known/oauth-protected-resource/@Nekzus/npm-sentinel-mcp/mcp,"Bearer error=""invalid_token"", error_description=""Missing Authorization header"", resource_metadata=""https://server.smithery.ai/.well-known/oauth-protected-resource/@Nekzus/npm-sentinel-mcp/mcp""",mcp_registry,
services-p1.synxis.com,https://services-p1.synxis.com/mcp,A_verified_mcp,oauth,True,401,,,,,https://labs.avenhospitality.com/aio/mcp/oauth/authorize,https://labs.avenhospitality.com/aio/mcp/oauth/token,,False,,https://labs.avenhospitality.com/aio/mcp/oauth,https://labs.avenhospitality.com/aio/mcp/.well-known/oauth-protected-resource,"Bearer resource_metadata=""https://labs.avenhospitality.com/aio/mcp/.well-known/oauth-protected-resource""",umbrella_majestic_apex,
share-html.zhenjiazhou0127.workers.dev,https://share-html.zhenjiazhou0127.workers.dev/mcp,A_verified_mcp,oauth,True,200,Share HTML,0.1.0,2025-06-18,tools,https://hihvtuyweqxnsmqmegdt.supabase.co/auth/v1/oauth/authorize,https://hihvtuyweqxnsmqmegdt.supabase.co/auth/v1/oauth/token,,False,"openid,email",https://hihvtuyweqxnsmqmegdt.supabase.co/auth/v1,https://share-html.zhenjiazhou0127.workers.dev/.well-known/oauth-protected-resource,,mcp_registry,
shop.app,https://shop.app/mcp,A_verified_mcp,oauth,True,200,shopify-mcp-server,1.0.0,2025-06-18,"resources,tools",https://accounts.shop.app/oauth/authorize,https://accounts.shop.app/oauth/token,,False,agent:access,https://accounts.shop.app,https://shop.app/.well-known/oauth-protected-resource/mcp,,umbrella_majestic_apex,
shortcutsbridge.vercel.app,https://shortcutsbridge.vercel.app/api/mcp,A_verified_mcp,oauth,True,401,,,,,https://shortcutsbridge.vercel.app/oauth/authorize,https://shortcutsbridge.vercel.app/api/oauth/token,https://shortcutsbridge.vercel.app/api/oauth/register,True,shortcuts,https://shortcutsbridge.vercel.app,https://shortcutsbridge.vercel.app/.well-known/oauth-protected-resource/api/mcp,,mcp_registry,
simpletexting.usefulapi.io,https://simpletexting.usefulapi.io/mcp,A_verified_mcp,oauth,True,200,simpletexting-mcp,1.0.0,2025-06-18,tools,https://simpletexting.usefulapi.io/authorize,https://simpletexting.usefulapi.io/token,https://simpletexting.usefulapi.io/register,True,"read,write",https://simpletexting.usefulapi.io,https://simpletexting.usefulapi.io/.well-known/oauth-protected-resource/mcp,,mcp_registry,
singchat.org,https://singchat.org/api/mcp/mcp,A_verified_mcp,oauth,True,200,singchat,0.1.0,2025-06-18,tools,https://singchat.org/oauth/authorize,https://singchat.org/api/oauth/token,https://singchat.org/api/oauth/register,True,"workspace:read,conversations:read,conversations:write,messages:write,knowledge:read,knowledge:write,agent:read,agent:write,faq:read,faq:write,analytics:read",https://singchat.org,https://singchat.org/.well-known/oauth-protected-resource,,mcp_registry,
siprocal.com,https://siprocal.com/wp-json/mcp/mcp-oauth-server,A_verified_mcp,oauth,True,401,,,,,https://siprocal.com/oauth/authorize,https://siprocal.com/oauth/token,,False,mcp,https://siprocal.com,https://siprocal.com/.well-known/oauth-protected-resource,"Bearer realm=""https://siprocal.com"", resource_metadata=""https://siprocal.com/.well-known/oauth-protected-resource""",umbrella_majestic_apex,
sitepulsar-mcp.vercel.app,https://sitepulsar-mcp.vercel.app/mcp,A_verified_mcp,oauth,True,200,sitepulsar-mcp,0.0.1,2025-11-25,tools,https://caring-joy-62.authkit.app/oauth2/authorize,https://caring-joy-62.authkit.app/oauth2/token,https://caring-joy-62.authkit.app/oauth2/register,True,"openid,email,offline_access",https://caring-joy-62.authkit.app,https://sitepulsar-mcp.vercel.app/.well-known/oauth-protected-resource,,mcp_registry,
skynetlab-cortex-saas-mcp.cortex-320.workers.dev,https://skynetlab-cortex-saas-mcp.cortex-320.workers.dev/mcp,A_verified_mcp,oauth,True,401,,,,,https://skynetlab-cortex-saas-mcp.cortex-320.workers.dev/authorize,https://skynetlab-cortex-saas-mcp.cortex-320.workers.dev/token,https://skynetlab-cortex-saas-mcp.cortex-320.workers.dev/register,True,mcp,https://skynetlab-cortex-saas-mcp.cortex-320.workers.dev,https://skynetlab-cortex-saas-mcp.cortex-320.workers.dev/.well-known/oauth-protected-resource,"Bearer resource_metadata=""https://skynetlab-cortex-saas-mcp.cortex-320.workers.dev/.well-known/oauth-protected-resource""",mcp_registry,
slides-api.getalai.com,https://slides-api.getalai.com/mcp,A_verified_mcp,oauth,True,401,,,,,https://eschotthjgljbxjerczn.supabase.co/auth/v1/oauth/authorize,https://eschotthjgljbxjerczn.supabase.co/auth/v1/oauth/token,https://eschotthjgljbxjerczn.supabase.co/auth/v1/oauth/clients/register,True,"openid,profile,email,phone",https://eschotthjgljbxjerczn.supabase.co/auth/v1,https://alai-standalone-backend.getalai.com/.well-known/oauth-protected-resource,"Bearer error=""invalid_token"", error_description=""Authentication failed. The provided bearer token is invalid, expired, or no longer recognized by the server. To resolve: clear authentication tokens in",mcp_registry,
spectra.mcpize.run,https://spectra.mcpize.run,A_verified_mcp,oauth,True,401,Spectra,,,,https://spectra.mcpize.run/oauth/authorize?server_id=8bacc974-c2ba-40a4-b506-9e3ad154ff33,https://spectra.mcpize.run/oauth/token,https://spectra.mcpize.run/oauth/register,True,"mcp:tools,mcp:resources,mcp:prompts",https://spectra.mcpize.run,https://mcpize.run/.well-known/oauth-protected-resource/spectra,"Bearer realm=""mcpize"", scope=""mcp:tools mcp:resources mcp:prompts"", resource_metadata=""https://mcpize.run/.well-known/oauth-protected-resource/spectra""",mcp_registry,
speechmatics.usefulapi.io,https://speechmatics.usefulapi.io/mcp,A_verified_mcp,oauth,True,200,speechmatics-mcp,1.0.1,2025-06-18,tools,https://speechmatics.usefulapi.io/authorize,https://speechmatics.usefulapi.io/token,https://speechmatics.usefulapi.io/register,True,"read,write",https://speechmatics.usefulapi.io,https://speechmatics.usefulapi.io/.well-known/oauth-protected-resource/mcp,,mcp_registry,
spikesh.usefulapi.io,https://spikesh.usefulapi.io/mcp,A_verified_mcp,oauth,True,200,spikesh-mcp,1.0.0,2025-06-18,tools,https://spikesh.usefulapi.io/authorize,https://spikesh.usefulapi.io/token,https://spikesh.usefulapi.io/register,True,"read,write",https://spikesh.usefulapi.io,https://spikesh.usefulapi.io/.well-known/oauth-protected-resource/mcp,,mcp_registry,
squadcast.usefulapi.io,https://squadcast.usefulapi.io/mcp,A_verified_mcp,oauth,True,200,squadcast-mcp,1.0.0,2025-06-18,tools,https://squadcast.usefulapi.io/authorize,https://squadcast.usefulapi.io/token,https://squadcast.usefulapi.io/register,True,"read,write",https://squadcast.usefulapi.io,https://squadcast.usefulapi.io/.well-known/oauth-protected-resource/mcp,,mcp_registry,
sse--mirelia.run.tools,https://sse--mirelia.run.tools/,A_verified_mcp,oauth,True,401,,,,,,,,False,,,https://sse--mirelia.run.tools/.well-known/oauth-protected-resource,"Bearer error=""invalid_token"", error_description=""Missing Authorization header"", resource_metadata=""https://sse--mirelia.run.tools/.well-known/oauth-protected-resource""",mcp_registry,
statuspal.usefulapi.io,https://statuspal.usefulapi.io/mcp,A_verified_mcp,oauth,True,200,statuspal-mcp,1.0.0,2025-06-18,tools,,,,False,"read,write",,https://statuspal.usefulapi.io/.well-known/oauth-protected-resource/mcp,,mcp_registry,
stexa.ru,https://stexa.ru/mcp,A_verified_mcp,oauth,True,403,,,,,https://stexa.ru/mcp/v1/oauth/authorize,https://stexa.ru/mcp/v1/oauth/token,https://stexa.ru/mcp/v1/oauth/register,True,"mcp:tools.call,mcp:tools.read,mcp:tools.write",https://stexa.ru,https://stexa.ru/.well-known/oauth-protected-resource,,smithery_awesome,
sulwhasoo.com,https://sulwhasoo.com/api/mcp,A_verified_mcp,oauth,True,200,cafe24-mcp-server,1.0.0,2025-03-26,"experimental,prompts,resources,tools",https://apsulwhasoo.cafe24api.com/api/v2/oauth/authorize,https://apsulwhasoo.cafe24api.com/api/v2/oauth/token,,False,"openid,mall.read_customer_order,mall.write_customer_order",https://apsulwhasoo.cafe24api.com,https://sulwhasoo.com/.well-known/oauth-protected-resource/api/mcp,,umbrella_majestic_apex,
swagger.mcp.smartbear.com,https://swagger.mcp.smartbear.com/mcp,A_verified_mcp,oauth,True,401,,,,,https://auth.swaggerhub.com/authorize,https://auth.swaggerhub.com/token,https://auth.swaggerhub.com/register,True,"openid,profile,email,offline_access",https://auth.swaggerhub.com,https://swagger.mcp.smartbear.com/.well-known/oauth-protected-resource/mcp,"OAuth resource_metadata=""http://swagger.mcp.smartbear.com/.well-known/oauth-protected-resource""",mcp_registry,
tango.applayer.io,https://tango.applayer.io/mcp,A_verified_mcp,oauth,True,401,Tango,,,,https://lkswxgufweibctqabpoq.supabase.co/auth/v1/oauth/authorize,https://lkswxgufweibctqabpoq.supabase.co/auth/v1/oauth/token,https://lkswxgufweibctqabpoq.supabase.co/auth/v1/oauth/clients/register,True,"openid,profile,email,phone",https://lkswxgufweibctqabpoq.supabase.co/auth/v1,https://tango.applayer.io/.well-known/oauth-protected-resource,"Bearer realm=""mcp"", resource_metadata=""https://tango.applayer.io/.well-known/oauth-protected-resource""",mcp_registry,
tascan-live-event.netlify.app,https://tascan-live-event.netlify.app/mcp,A_verified_mcp,oauth,True,200,tascan,1.3.0,2025-03-26,tools,https://app.tascan.io/oauth/authorize,https://app.tascan.io/oauth/token,https://app.tascan.io/oauth/register,True,"read,write,admin",https://app.tascan.io,https://tascan-live-event.netlify.app/.well-known/oauth-protected-resource,,mcp_registry,
text-intelligence-mcp.mcpize.run,https://text-intelligence-mcp.mcpize.run/mcp,A_verified_mcp,oauth,True,200,text_intelligence_mcp,1.28.1,2025-06-18,"experimental,prompts,resources,tools",https://text-intelligence-mcp.mcpize.run/oauth/authorize?server_id=33be3bae-e51f-447a-b8d9-4162c6cccab1,https://text-intelligence-mcp.mcpize.run/oauth/token,https://text-intelligence-mcp.mcpize.run/oauth/register,True,"mcp:tools,mcp:resources,mcp:prompts",https://text-intelligence-mcp.mcpize.run,https://text-intelligence-mcp.mcpize.run/.well-known/oauth-protected-resource,,mcp_registry,
themineworks--academic-research-mcp.apify.actor,https://themineworks--academic-research-mcp.apify.actor/mcp,A_verified_mcp,oauth,True,401,,,,,https://console.apify.com/authorize/oauth,https://console-backend.apify.com/oauth/apps/token,https://console-backend.apify.com/oauth/apps,True,full_api_access,https://console-backend.apify.com,,,mcp_registry,
themineworks--ecommerce-intel-mcp.apify.actor,https://themineworks--ecommerce-intel-mcp.apify.actor/mcp,A_verified_mcp,oauth,True,401,,,,,https://console.apify.com/authorize/oauth,https://console-backend.apify.com/oauth/apps/token,https://console-backend.apify.com/oauth/apps,True,full_api_access,https://console-backend.apify.com,,,mcp_registry,
themineworks--india-jobs-mcp.apify.actor,https://themineworks--india-jobs-mcp.apify.actor/mcp,A_verified_mcp,oauth,True,401,,,,,https://console.apify.com/authorize/oauth,https://console-backend.apify.com/oauth/apps/token,https://console-backend.apify.com/oauth/apps,True,full_api_access,https://console-backend.apify.com,,,mcp_registry,
themineworks--india-real-estate-mcp.apify.actor,https://themineworks--india-real-estate-mcp.apify.actor/mcp,A_verified_mcp,oauth,True,401,,,,,https://console.apify.com/authorize/oauth,https://console-backend.apify.com/oauth/apps/token,https://console-backend.apify.com/oauth/apps,True,full_api_access,https://console-backend.apify.com,,,mcp_registry,
themineworks--lead-generation-mcp.apify.actor,https://themineworks--lead-generation-mcp.apify.actor/mcp,A_verified_mcp,oauth,True,401,,,,,https://console.apify.com/authorize/oauth,https://console-backend.apify.com/oauth/apps/token,https://console-backend.apify.com/oauth/apps,True,full_api_access,https://console-backend.apify.com,,,mcp_registry,
thoth-slr.vercel.app,https://thoth-slr.vercel.app/api/mcp/mcp,A_verified_mcp,oauth,True,401,,,,,https://suited-alien-1.clerk.accounts.dev/oauth/authorize,https://suited-alien-1.clerk.accounts.dev/oauth/token,https://suited-alien-1.clerk.accounts.dev/oauth/register,True,"openid,profile,email,public_metadata,private_metadata,offline_access",https://suited-alien-1.clerk.accounts.dev,,,mcp_registry,
tmtb-mcp.fly.dev,https://tmtb-mcp.fly.dev/mcp,A_verified_mcp,oauth,True,401,,,,,https://tmtb-mcp.fly.dev/authorize,https://tmtb-mcp.fly.dev/token,https://tmtb-mcp.fly.dev/register,True,,https://tmtb-mcp.fly.dev/,https://tmtb-mcp.fly.dev/.well-known/oauth-protected-resource/mcp,"Bearer resource_metadata=""https://tmtb-mcp.fly.dev/.well-known/oauth-protected-resource/mcp""",mcp_registry,
tradingstrategies.work,https://tradingstrategies.work/api/mcp,A_verified_mcp,oauth,True,200,backtesting-arena,1.2.0,2025-06-18,tools,https://vfplckrqtskcrdclmzdn.supabase.co/auth/v1/oauth/authorize,https://vfplckrqtskcrdclmzdn.supabase.co/auth/v1/oauth/token,https://vfplckrqtskcrdclmzdn.supabase.co/auth/v1/oauth/clients/register,True,openid,https://vfplckrqtskcrdclmzdn.supabase.co/auth/v1,https://tradingstrategies.work/.well-known/oauth-protected-resource/api/mcp,,mcp_registry,
translation-services-mcp.mcpize.run,https://translation-services-mcp.mcpize.run/mcp,A_verified_mcp,oauth,True,200,Effortless Language Solutions,,,,https://translation-services-mcp.mcpize.run/oauth/authorize?server_id=dbefb46a-6533-4574-8f93-59250015b57e,https://translation-services-mcp.mcpize.run/oauth/token,https://translation-services-mcp.mcpize.run/oauth/register,True,"mcp:tools,mcp:resources,mcp:prompts",https://translation-services-mcp.mcpize.run,https://translation-services-mcp.mcpize.run/.well-known/oauth-protected-resource,,mcp_registry,
travel-transportation-mcp.mcpize.run,https://travel-transportation-mcp.mcpize.run/mcp,A_verified_mcp,oauth,True,200,travel_transportation_mcp,1.28.1,2025-06-18,"experimental,prompts,resources,tools",https://travel-transportation-mcp.mcpize.run/oauth/authorize?server_id=f8a3592b-9a5e-4adc-a5a8-c54b325c151c,https://travel-transportation-mcp.mcpize.run/oauth/token,https://travel-transportation-mcp.mcpize.run/oauth/register,True,"mcp:tools,mcp:resources,mcp:prompts",https://travel-transportation-mcp.mcpize.run,https://travel-transportation-mcp.mcpize.run/.well-known/oauth-protected-resource,,mcp_registry,
unit-program-service.churchofjesuschrist.org,https://unit-program-service.churchofjesuschrist.org/mcp,A_verified_mcp,oauth,True,401,,,,,,,,False,,,https://unit-program-service.churchofjesuschrist.org/.well-known/oauth-protected-resource,"Bearer resource_metadata=""https://unit-program-service.churchofjesuschrist.org/.well-known/oauth-protected-resource""",umbrella_majestic_apex,
universalbench-mcp.penantiaglobal.workers.dev,https://universalbench-mcp.penantiaglobal.workers.dev/u/{api_key},A_verified_mcp,oauth,True,401,,,,,https://universalbench-mcp.penantiaglobal.workers.dev/oauth/authorize,https://universalbench-mcp.penantiaglobal.workers.dev/oauth/token,https://universalbench-mcp.penantiaglobal.workers.dev/oauth/register,True,mcp:full,https://universalbench-mcp.penantiaglobal.workers.dev,https://universalbench-mcp.penantiaglobal.workers.dev/.well-known/oauth-protected-resource,"Bearer resource_metadata=""https://universalbench-mcp.penantiaglobal.workers.dev/.well-known/oauth-protected-resource""",mcp_registry,
untap.money,https://untap.money/api/mcp,A_verified_mcp,oauth,True,401,Untap,,,,https://fpngqzqcpxqjypsaxdzm.supabase.co/auth/v1/oauth/authorize,https://fpngqzqcpxqjypsaxdzm.supabase.co/auth/v1/oauth/token,https://fpngqzqcpxqjypsaxdzm.supabase.co/auth/v1/oauth/clients/register,True,"openid,email,profile",https://fpngqzqcpxqjypsaxdzm.supabase.co/auth/v1,https://untap.money/.well-known/oauth-protected-resource,,mcp_registry,
update.frameo.biz,https://update.frameo.biz/mcp,A_verified_mcp,oauth,True,401,,,,,,,,False,,,https://update.frameo.biz/.well-known/oauth-protected-resource/mcp,"Bearer resource_metadata=""http://update.frameo.biz/.well-known/oauth-protected-resource""",umbrella_majestic_apex,
update.frameo.net,https://update.frameo.net/mcp,A_verified_mcp,oauth,True,401,,,,,,,,False,,,https://update.frameo.net/.well-known/oauth-protected-resource/mcp,"Bearer resource_metadata=""http://update.frameo.net/.well-known/oauth-protected-resource""",umbrella_majestic_apex,
uploadcare.usefulapi.io,https://uploadcare.usefulapi.io/mcp,A_verified_mcp,oauth,True,200,uploadcare-mcp,1.0.1,2025-06-18,tools,https://uploadcare.usefulapi.io/authorize,https://uploadcare.usefulapi.io/token,https://uploadcare.usefulapi.io/register,True,"read,write",https://uploadcare.usefulapi.io,https://uploadcare.usefulapi.io/.well-known/oauth-protected-resource/mcp,,mcp_registry,
us1app.churnzero.net,https://us1app.churnzero.net/mcp,A_verified_mcp,oauth,True,401,,,,,https://app.churnzero.net/oauth2/authorize,https://app.churnzero.net/oauth2/token,https://app.churnzero.net/oauth2/register,True,"mcp,offline_access",https://app.churnzero.net,https://app.churnzero.net/.well-known/oauth-protected-resource,"Bearer resource_metadata=""https://app.churnzero.net/.well-known/oauth-protected-resource""",umbrella_majestic_apex,
us2analytics.churnzero.net,https://us2analytics.churnzero.net/mcp,A_verified_mcp,oauth,True,401,,,,,https://app.churnzero.net/oauth2/authorize,https://app.churnzero.net/oauth2/token,https://app.churnzero.net/oauth2/register,True,"mcp,offline_access",https://app.churnzero.net,https://app.churnzero.net/.well-known/oauth-protected-resource,"Bearer resource_metadata=""https://app.churnzero.net/.well-known/oauth-protected-resource""",umbrella_majestic_apex,
us2app.churnzero.net,https://us2app.churnzero.net/mcp,A_verified_mcp,oauth,True,401,,,,,https://app.churnzero.net/oauth2/authorize,https://app.churnzero.net/oauth2/token,https://app.churnzero.net/oauth2/register,True,"mcp,offline_access",https://app.churnzero.net,https://app.churnzero.net/.well-known/oauth-protected-resource,"Bearer resource_metadata=""https://app.churnzero.net/.well-known/oauth-protected-resource""",umbrella_majestic_apex,
use.jitsu.com,https://use.jitsu.com/mcp,A_verified_mcp,oauth,True,401,,,,,https://use.jitsu.com/oauth/authorize,https://use.jitsu.com/oauth/token,https://use.jitsu.com/oauth/register,True,,https://use.jitsu.com,https://use.jitsu.com/.well-known/oauth-protected-resource,"Bearer realm=""jitsu-mcp"", error=""missing_token"", error_description=""Authorization header either missing or malformed"", resource_metadata=""https://use.jitsu.com/.well-known/oauth-protected-resource""",mcp_registry,
vectorsolutions.us1app.churnzero.net,https://vectorsolutions.us1app.churnzero.net/mcp,A_verified_mcp,oauth,True,401,,,,,https://app.churnzero.net/oauth2/authorize,https://app.churnzero.net/oauth2/token,https://app.churnzero.net/oauth2/register,True,"mcp,offline_access",https://app.churnzero.net,https://app.churnzero.net/.well-known/oauth-protected-resource,"Bearer resource_metadata=""https://app.churnzero.net/.well-known/oauth-protected-resource""",umbrella_majestic_apex,
verdigraph-mcp.hartjustin6.workers.dev,https://verdigraph-mcp.hartjustin6.workers.dev/mcp,A_verified_mcp,oauth,True,401,,,,,https://verdigraph-mcp.hartjustin6.workers.dev/authorize,https://verdigraph-mcp.hartjustin6.workers.dev/token,https://verdigraph-mcp.hartjustin6.workers.dev/register,True,,https://verdigraph-mcp.hartjustin6.workers.dev,https://verdigraph-mcp.hartjustin6.workers.dev/.well-known/oauth-protected-resource,"Bearer realm=""OAuth"", resource_metadata=""https://verdigraph-mcp.hartjustin6.workers.dev/.well-known/oauth-protected-resource"", error=""invalid_token"", error_description=""Missing or invalid access token",mcp_registry,
vigia-edgar.mcpize.run,https://vigia-edgar.mcpize.run/mcp,A_verified_mcp,oauth,True,401,vigía EDGAR — Always-on SEC EDGAR watcher,,,,https://vigia-edgar.mcpize.run/oauth/authorize?server_id=64cc4cbe-3341-472d-98c6-f8f62d2e32ce,https://vigia-edgar.mcpize.run/oauth/token,https://vigia-edgar.mcpize.run/oauth/register,True,"mcp:tools,mcp:resources,mcp:prompts",https://vigia-edgar.mcpize.run,https://mcpize.run/.well-known/oauth-protected-resource/vigia-edgar,"Bearer realm=""mcpize"", scope=""mcp:tools mcp:resources mcp:prompts"", resource_metadata=""https://mcpize.run/.well-known/oauth-protected-resource/vigia-edgar""",mcp_registry,
vindata-mcp.vindata.workers.dev,https://vindata-mcp.vindata.workers.dev/mcp,A_verified_mcp,oauth,True,200,VinData MCP,1.0.0,2024-11-05,tools,,,,False,,,https://vindata-mcp.vindata.workers.dev/.well-known/oauth-protected-resource/mcp,,mcp_registry,
vital.usefulapi.io,https://vital.usefulapi.io/mcp,A_verified_mcp,oauth,True,200,vital-mcp,1.0.1,2025-06-18,tools,https://vital.usefulapi.io/authorize,https://vital.usefulapi.io/token,https://vital.usefulapi.io/register,True,"read,write",https://vital.usefulapi.io,https://vital.usefulapi.io/.well-known/oauth-protected-resource/mcp,,mcp_registry,
web-content-extract-mcp.mcpize.run,https://web-content-extract-mcp.mcpize.run/sse,A_verified_mcp,oauth,True,200,web_extract_mcp,1.28.1,2025-06-18,"experimental,prompts,resources,tools",https://web-content-extract-mcp.mcpize.run/oauth/authorize?server_id=eb223181-e0c2-4c08-bb12-9e8caa7ddeac,https://web-content-extract-mcp.mcpize.run/oauth/token,https://web-content-extract-mcp.mcpize.run/oauth/register,True,"mcp:tools,mcp:resources,mcp:prompts",https://web-content-extract-mcp.mcpize.run,https://web-content-extract-mcp.mcpize.run/.well-known/oauth-protected-resource,,mcp_registry,
web-production-44f93.up.railway.app,https://web-production-44f93.up.railway.app/mcp,A_verified_mcp,oauth,True,401,,,,,https://web-production-44f93.up.railway.app/oauth/authorize,https://web-production-44f93.up.railway.app/oauth/token,https://web-production-44f93.up.railway.app/oauth/register,True,mcp,https://web-production-44f93.up.railway.app,https://web-production-44f93.up.railway.app/.well-known/oauth-protected-resource/mcp,"Bearer realm=""journi-mcp"", resource_metadata=""https://web-production-44f93.up.railway.app/.well-known/oauth-protected-resource/mcp""",mcp_registry,
web-production-c3cf.up.railway.app,https://web-production-c3cf.up.railway.app/mcp,A_verified_mcp,oauth,True,200,huangting-flux,5.1.0,2024-11-05,tools,https://mcp.huangting.ai/oauth/authorize,https://mcp.huangting.ai/oauth/token,https://mcp.huangting.ai/oauth/register,True,,https://mcp.huangting.ai,https://web-production-c3cf.up.railway.app/.well-known/oauth-protected-resource/mcp,,mcp_registry,
wild-bird-a412.ybolduc.workers.dev,https://wild-bird-a412.ybolduc.workers.dev/mcp,A_verified_mcp,oauth,True,200,iPayX FX Audit,1.2.0,2025-03-26,"resources,tools",https://api.ipayx.ai/oauth/authorize,https://api.ipayx.ai/oauth/token,,False,"openid,profile,email,offline_access",https://api.ipayx.ai,,,mcp_registry,
writer.swapp1990.org,https://writer.swapp1990.org/mcp/v2,A_verified_mcp,oauth,True,401,,,,,https://dykipshtmpmwtsjwplid.supabase.co/auth/v1/oauth/authorize,https://dykipshtmpmwtsjwplid.supabase.co/auth/v1/oauth/token,https://dykipshtmpmwtsjwplid.supabase.co/auth/v1/oauth/clients/register,True,"openid,profile,email",https://dykipshtmpmwtsjwplid.supabase.co/auth/v1,https://writer.swapp1990.org/.well-known/oauth-protected-resource,"Bearer resource_metadata=""https://writer.swapp1990.org/.well-known/oauth-protected-resource""",mcp_registry,
writingmate.ai,https://writingmate.ai/api/mcp,A_verified_mcp,oauth,True,401,Writingmate MCP,,,,https://ukrdhiywigevlawgvmbj.supabase.co/auth/v1/oauth/authorize,https://ukrdhiywigevlawgvmbj.supabase.co/auth/v1/oauth/token,https://ukrdhiywigevlawgvmbj.supabase.co/auth/v1/oauth/clients/register,True,"openid,email,profile",https://ukrdhiywigevlawgvmbj.supabase.co/auth/v1,https://writingmate.ai/.well-known/oauth-protected-resource/api/mcp,,mcp_registry,
www.audioscrape.com,https://www.audioscrape.com/mcp,A_verified_mcp,oauth,True,401,,,,,https://www.audioscrape.com/oauth/authorize,https://www.audioscrape.com/oauth/token,https://www.audioscrape.com/oauth/register,True,"mcp:search,mcp:read,profile",https://www.audioscrape.com,https://www.audioscrape.com/.well-known/oauth-protected-resource,"Bearer realm=""MCP"", resource_metadata=""https://www.audioscrape.com/.well-known/oauth-protected-resource""",mcp_registry,
www.aveiro.app,https://www.aveiro.app/api/mcp/mcp,A_verified_mcp,oauth,True,401,,,,,https://mritcuhqiyieibsbspwt.supabase.co/auth/v1/oauth/authorize,https://mritcuhqiyieibsbspwt.supabase.co/auth/v1/oauth/token,https://mritcuhqiyieibsbspwt.supabase.co/auth/v1/oauth/clients/register,True,"openid,profile,email,phone",https://mritcuhqiyieibsbspwt.supabase.co/auth/v1,https://www.aveiro.app/.well-known/oauth-protected-resource/api/mcp/mcp,,mcp_registry,
www.avocadoai.co,https://www.avocadoai.co/api/mcp,A_verified_mcp,oauth,True,401,,,,,https://clerk.avocadoai.co/oauth/authorize,https://clerk.avocadoai.co/oauth/token,https://clerk.avocadoai.co/oauth/register,True,"openid,profile,email",https://clerk.avocadoai.co,https://www.avocadoai.co/.well-known/oauth-protected-resource,,mcp_registry,
www.bamboosnow.co,https://www.bamboosnow.co/mcp,A_verified_mcp,oauth,True,200,openparty-chatgpt-app,0.1.0,2025-06-18,"resources,tools",https://play-openparty.vercel.app/oauth/authorize,https://play-openparty.vercel.app/oauth/token,https://play-openparty.vercel.app/oauth/register,True,openparty:play,https://play-openparty.vercel.app,https://www.bamboosnow.co/.well-known/oauth-protected-resource/mcp,,mcp_registry,
www.bonsave.app,https://www.bonsave.app/api/mcp,A_verified_mcp,oauth,True,401,,,,,https://www.bonsave.app/authorize,https://www.bonsave.app/api/mcp/token,,False,,https://www.bonsave.app,https://www.bonsave.app/.well-known/oauth-protected-resource/api/mcp,,mcp_registry,
www.bonussok.no,https://www.bonussok.no/mcp,A_verified_mcp,oauth,True,401,Bonussøk,,,,https://vtcodubvnyftgirhqxim.supabase.co/auth/v1/oauth/authorize,https://vtcodubvnyftgirhqxim.supabase.co/auth/v1/oauth/token,https://vtcodubvnyftgirhqxim.supabase.co/auth/v1/oauth/clients/register,True,"openid,profile,email,phone",https://vtcodubvnyftgirhqxim.supabase.co/auth/v1,https://www.bonussok.no/.well-known/oauth-protected-resource/mcp,,mcp_registry,
www.conversoriaecnae.es,https://www.conversoriaecnae.es/api/mcp/mcp,A_verified_mcp,oauth,True,403,,,,,https://lctcvzapdeljxhjoevvp.supabase.co/auth/v1/oauth/authorize,https://lctcvzapdeljxhjoevvp.supabase.co/auth/v1/oauth/token,https://lctcvzapdeljxhjoevvp.supabase.co/auth/v1/oauth/clients/register,True,"openid,profile,email,phone",https://lctcvzapdeljxhjoevvp.supabase.co/auth/v1,https://www.conversoriaecnae.es/.well-known/oauth-protected-resource,,mcp_registry,
www.loacare.com,https://www.loacare.com/api/mcp,A_verified_mcp,oauth,True,200,loacare,1.0.1,2025-06-18,tools,https://eknkfyyjqxuvgdzocccu.supabase.co/auth/v1/oauth/authorize,https://eknkfyyjqxuvgdzocccu.supabase.co/auth/v1/oauth/token,https://eknkfyyjqxuvgdzocccu.supabase.co/auth/v1/oauth/clients/register,True,"openid,email,profile",https://eknkfyyjqxuvgdzocccu.supabase.co/auth/v1,https://www.loacare.com/.well-known/oauth-protected-resource,,mcp_registry,
www.machupicchu.org,https://www.machupicchu.org/wp-json/wonders-mcp/v1/jsonrpc,A_verified_mcp,oauth,True,200,wonders-mcp,1.1.1,2025-06-18,"resources,tools",,,,False,,,https://www.machupicchu.org/.well-known/oauth-protected-resource,,mcp_registry,
www.martini.film,https://www.martini.film/mcp,A_verified_mcp,oauth,True,401,,,,,https://qccjhofczngztnljyqqr.supabase.co/auth/v1/oauth/authorize,https://qccjhofczngztnljyqqr.supabase.co/auth/v1/oauth/token,https://qccjhofczngztnljyqqr.supabase.co/auth/v1/oauth/clients/register,True,"openid,profile,email,phone",https://qccjhofczngztnljyqqr.supabase.co/auth/v1,https://www.martini.film/.well-known/oauth-protected-resource,,mcp_registry,
www.misar.blog,https://www.misar.blog/api/mcp,A_verified_mcp,oauth,True,200,misarblog,1.0.5,2025-06-18,tools,https://www.misar.blog/api/oauth/authorize,https://www.misar.blog/api/oauth/token,https://www.misar.blog/api/oauth/register,True,"read,write,analytics,newsletter",https://www.misar.blog,,,mcp_registry,
www.post-bridge.com,https://www.post-bridge.com/api/mcp/mcp,A_verified_mcp,oauth,True,401,,,,,https://www.post-bridge.com/authorize,https://www.post-bridge.com/api/oauth/token,https://www.post-bridge.com/api/oauth/register,True,"posts:read,posts:write,analytics:read,accounts:read,media:read,media:write",https://www.post-bridge.com,https://www.post-bridge.com/.well-known/oauth-protected-resource,,mcp_registry,
www.replyargus.com,https://www.replyargus.com/api/mcp,A_verified_mcp,oauth,True,401,,,,,https://jxoqtyisuqvaudtibrpx.supabase.co/auth/v1/oauth/authorize,https://jxoqtyisuqvaudtibrpx.supabase.co/auth/v1/oauth/token,https://jxoqtyisuqvaudtibrpx.supabase.co/auth/v1/oauth/clients/register,True,"openid,profile,email,phone",https://jxoqtyisuqvaudtibrpx.supabase.co/auth/v1,https://www.replyargus.com/.well-known/oauth-protected-resource,,mcp_registry,
www.vivaldo.shop,https://www.vivaldo.shop/mcp,A_verified_mcp,oauth,True,200,vivaldo-shop-mcp,1.1.1,2025-03-26,"prompts,resources,tools",https://www.vivaldo.shop/account/login,https://www.vivaldo.shop/oauth2/token,https://www.vivaldo.shop/agent/identity,True,"discovery.read,storefront.read,catalog.read",https://www.vivaldo.shop,https://www.vivaldo.shop/.well-known/oauth-protected-resource,,smithery_awesome,
xavio.in,https://xavio.in/api/mcp/storefront,A_verified_mcp,oauth,True,403,,,,,https://xavio.in/api/ucp/agents/register,https://xavio.in/api/ucp/agents/register,https://xavio.in/api/ucp/agents/register,True,"ucp.catalog.read,ucp.checkout.write,ucp.leads.write,ucp.mandates.write",https://xavio.in,https://xavio.in/.well-known/oauth-protected-resource,,mcp_registry,
youcanbookme.usefulapi.io,https://youcanbookme.usefulapi.io/mcp,A_verified_mcp,oauth,True,200,youcanbookme-mcp,1.0.1,2025-06-18,tools,https://youcanbookme.usefulapi.io/authorize,https://youcanbookme.usefulapi.io/token,https://youcanbookme.usefulapi.io/register,True,"read,write",https://youcanbookme.usefulapi.io,https://youcanbookme.usefulapi.io/.well-known/oauth-protected-resource/mcp,,mcp_registry,
zephyr.mcp.smartbear.com,https://zephyr.mcp.smartbear.com/mcp,A_verified_mcp,oauth,True,401,,,,,https://app.tm4j.smartbear.com/backend/oauthproxy/authorize,https://app.tm4j.smartbear.com/backend/oauthproxy/token,https://app.tm4j.smartbear.com/backend/oauthproxy/register,True,api,https://app.tm4j.smartbear.com/backend/oauthproxy,https://zephyr.mcp.smartbear.com/.well-known/oauth-protected-resource/mcp,"OAuth resource_metadata=""http://zephyr.mcp.smartbear.com/.well-known/oauth-protected-resource""",mcp_registry,
zlurp.ai,https://zlurp.ai/mcp,A_verified_mcp,oauth,True,200,zlurp,1.0.0,2025-06-18,tools,https://x402.org,,,False,"scrape,probe",https://zlurp.ai,https://zlurp.ai/.well-known/oauth-protected-resource,,smithery_awesome,
zsign-z72c.onrender.com,https://zsign-z72c.onrender.com/mcp,A_verified_mcp,oauth,True,401,,,,,https://zsign.io/oauth/authorize,https://zsign.io/oauth/token,https://zsign.io/oauth/register,True,"account:read,credits:purchase,credits:read,envelopes:read,envelopes:send",https://zsign.io,https://zsign.io/.well-known/oauth-protected-resource/mcp,"Bearer resource_metadata=""https://zsign.io/.well-known/oauth-protected-resource/mcp""",mcp_registry,
4dayweek.io,https://4dayweek.io/api/mcp,A_verified_mcp,none_public,False,200,4dayweek.io,1.0.0,2025-06-18,"logging,tools",,,,False,,,,,umbrella_majestic_apex,
70ug3hqb29.execute-api.us-east-1.amazonaws.com,https://70ug3hqb29.execute-api.us-east-1.amazonaws.com/mcp,A_verified_mcp,none_public,False,200,sinoconnection-esim,1.0.0,2025-06-18,tools,,,,False,,,,,mcp_registry,
a2a-artifact-handoff.onrender.com,https://a2a-artifact-handoff.onrender.com/mcp,A_verified_mcp,none_public,False,200,Artifact Handoff,1.29.0,2025-06-18,"experimental,prompts,resources,tools",,,,False,,,,,mcp_registry,
a2a2p.com,https://a2a2p.com/mcp,A_verified_mcp,none_public,False,200,a2a2p,1.12.0,2025-06-18,tools,,,,False,,,,,mcp_registry,
acc-mcp.itmartin24.workers.dev,https://acc-mcp.itmartin24.workers.dev/mcp,A_verified_mcp,none_public,False,200,acc-mcp,1.0.1,2024-11-05,tools,,,,False,,,,,mcp_registry,
acjlabs-catalog-normalizer.acjlabs.workers.dev,https://acjlabs-catalog-normalizer.acjlabs.workers.dev/mcp,A_verified_mcp,none_public,False,200,catalog-attribute-normalizer,0.2.0,2025-06-18,tools,,,,False,,,,,mcp_registry,
acjlabs-receipt-extraction.acjlabs.workers.dev,https://acjlabs-receipt-extraction.acjlabs.workers.dev/mcp,A_verified_mcp,none_public,False,200,receipt-extraction,0.1.6,2025-06-18,tools,,,,False,,,,,mcp_registry,
aeo-mcp-server.amdal-dev.workers.dev,https://aeo-mcp-server.amdal-dev.workers.dev/mcp,A_verified_mcp,none_public,False,200,aeo-audit,0.4.1,2025-06-18,tools,,,,False,,,,,mcp_registry,
agent-api-production-169b.up.railway.app,https://agent-api-production-169b.up.railway.app/mcp/mcp,A_verified_mcp,none_public,False,200,agent-utility-api,1.28.1,2025-06-18,"experimental,prompts,resources,tools",,,,False,,,,,mcp_registry,
agent-cold-email-api.yaakovscher.workers.dev,https://agent-cold-email-api.yaakovscher.workers.dev/mcp,A_verified_mcp,none_public,False,200,agent-cold-email,0.2.2,2025-06-18,tools,,,,False,,,,,mcp_registry,
agent-commerce-guard.vercel.app,https://agent-commerce-guard.vercel.app/api/mcp,A_verified_mcp,none_public,False,200,agent-commerce-guard,1.2.0,2025-06-18,"prompts,resources,tools",,,,False,,,,,mcp_registry,
agent-handoff-production-573c.up.railway.app,https://agent-handoff-production-573c.up.railway.app/mcp,A_verified_mcp,none_public,False,200,agent-handoff,1.0.0,2025-06-18,tools,,,,False,,,,,mcp_registry,
agent-hub-henna.vercel.app,https://agent-hub-henna.vercel.app/api/mcp,A_verified_mcp,none_public,False,200,agent-hub,1.12.0,2025-06-18,tools,,,,False,,,,,mcp_registry,
agent-memory-api.vercel.app,https://agent-memory-api.vercel.app/mcp,A_verified_mcp,none_public,False,200,mifactory-agent-memory,1.0.0,2024-11-05,tools,,,,False,,,,,mcp_registry,
agent-pulse-seven.vercel.app,https://agent-pulse-seven.vercel.app/mcp,A_verified_mcp,none_public,False,200,agent-pulse,1.3.5,2025-06-18,tools,,,,False,,,,,mcp_registry,
agent-radar.zation1.workers.dev,https://agent-radar.zation1.workers.dev/api/mcp,A_verified_mcp,none_public,False,200,io.github.zation/agent-radar,0.9.2,2025-06-18,tools,,,,False,,,,,mcp_registry,
agent-rescue-desk.netlify.app,https://agent-rescue-desk.netlify.app/mcp,A_verified_mcp,none_public,False,200,agent-rescue-desk-production-triage,1.0.0,2025-06-18,tools,,,,False,,,,,mcp_registry,
agent-rescue.vercel.app,https://agent-rescue.vercel.app/api/mcp,A_verified_mcp,none_public,False,200,agent-rescue,0.1.0,2025-06-18,tools,,,,False,,,,,mcp_registry,
agent-scrape.healingsunhaven.workers.dev,https://agent-scrape.healingsunhaven.workers.dev/mcp,A_verified_mcp,none_public,False,200,agent-scrape,0.6.0,2025-06-18,tools,,,,False,,,,,mcp_registry,
agent-services-seven.vercel.app,https://agent-services-seven.vercel.app/api/gateway,A_verified_mcp,none_public,False,200,base-mcp-resolver,2.0.0,2024-11-05,tools,,,,False,,,,,mcp_registry,
agent-web.foomworks.workers.dev,https://agent-web.foomworks.workers.dev/mcp,A_verified_mcp,none_public,False,200,agent-web,0.9.0,2025-06-18,tools,,,,False,,,,,mcp_registry,
agentaegis-mcp-production.up.railway.app,https://agentaegis-mcp-production.up.railway.app/mcp,A_verified_mcp,none_public,False,200,agentaegis,0.2.0,2025-06-18,tools,,,,False,,,,,mcp_registry,
agentdata-api.sander-van-aard.workers.dev,https://agentdata-api.sander-van-aard.workers.dev/mcp,A_verified_mcp,none_public,False,200,agentdata-nl,0.3.0,2025-06-18,tools,,,,False,,,,,mcp_registry,
agentdatum.com,https://agentdatum.com/mcp,A_verified_mcp,none_public,False,200,agentdatum-datahub,1.0.0,2025-06-18,tools,,,,False,,,,,mcp_registry,
agentdeals-production.up.railway.app,https://agentdeals-production.up.railway.app/mcp,A_verified_mcp,none_public,False,200,agentdeals,0.3.1,2025-06-18,"completions,prompts,resources,tools",,,,False,,,,,mcp_registry,
agentdevx.onrender.com,https://agentdevx.onrender.com/mcp,A_verified_mcp,none_public,False,200,AgentDevX Gateway,1.0.0,2025-03-26,tools,,,,False,,,,,smithery_awesome,
agentforge-taupe.vercel.app,https://agentforge-taupe.vercel.app/mcp,A_verified_mcp,none_public,False,200,agentforge,1.0.0,2025-06-18,tools,,,,False,,,,,mcp_registry,
agentic-ai-production-e711.up.railway.app,https://agentic-ai-production-e711.up.railway.app/mcp,A_verified_mcp,none_public,False,200,agentic-ai,1.28.1,2025-06-18,"experimental,prompts,resources,tools",,,,False,,,,,mcp_registry,
agentlair-mcp-server.amdal-dev.workers.dev,https://agentlair-mcp-server.amdal-dev.workers.dev/mcp,A_verified_mcp,none_public,False,200,agentlair,1.1.0,2025-03-26,"prompts,resources,tools",,,,False,,,,,mcp_registry,
agentndx.ai,https://agentndx.ai/mcp,A_verified_mcp,none_public,False,200,AgentNDX,1.0.0,2025-03-26,tools,,,,False,,,,,smithery_awesome,
agentrider.vercel.app,https://agentrider.vercel.app/api/mcp,A_verified_mcp,none_public,False,200,AgentRider,1.0.0,2025-06-18,tools,,,,False,,,,,mcp_registry,
agents.lilaonthegrid.com,https://agents.lilaonthegrid.com/mcp,A_verified_mcp,unknown,False,200,,,,,,,,False,,,,,mcp_registry,
agentsearch-mcp.vercel.app,https://agentsearch-mcp.vercel.app/mcp,A_verified_mcp,none_public,False,200,agentsearch,1.0.0,2025-06-18,tools,,,,False,,,,,mcp_registry,
agentsec-mcp.agentsec-mcp.workers.dev,https://agentsec-mcp.agentsec-mcp.workers.dev/mcp,A_verified_mcp,none_public,False,200,AgentSec MCP,0.1.0,2025-11-25,tools,,,,False,,,,,mcp_registry,
agentsec.kernora.ai,https://agentsec.kernora.ai/mcp,A_verified_mcp,none_public,False,200,kernora-agent-security,0.1.0,2025-06-18,tools,,,,False,,,,,mcp_registry,
ai-automation-operating-pack.vercel.app,https://ai-automation-operating-pack.vercel.app/api/mcp,A_verified_mcp,none_public,False,200,no-shell-agent-architect-mcp,0.1.2,2025-06-18,tools,,,,False,,,,,mcp_registry,
ai-compliance-monitor.sgdata.workers.dev,https://ai-compliance-monitor.sgdata.workers.dev/mcp,A_verified_mcp,none_public,False,200,ai-compliance-monitor,1.0.0,2024-11-05,tools,,,,False,,,,,mcp_registry,
ai-hunterz-mcp.hunterzai.workers.dev,https://ai-hunterz-mcp.hunterzai.workers.dev,A_verified_mcp,none_public,False,200,ai-hunterz,1.0.0,2024-11-05,tools,,,,False,,,,,mcp_registry,
ai-visibility-scanner-production.up.railway.app,https://ai-visibility-scanner-production.up.railway.app/mcp,A_verified_mcp,none_public,False,200,AI Visibility Scanner,1.0.0,2025-06-18,"resources,tools",,,,False,,,,,mcp_registry,
aicomglobal.onrender.com,https://aicomglobal.onrender.com/mcp,A_verified_mcp,none_public,False,200,aicomglobal,0.15.0,2025-06-18,tools,,,,False,,,,,mcp_registry,
airy-enthusiasm-production.up.railway.app,https://airy-enthusiasm-production.up.railway.app/mcp,A_verified_mcp,none_public,False,200,ai-commerce,1.0.0,2025-06-18,tools,,,,False,,,,,mcp_registry,
all-quiet.usefulapi.io,https://all-quiet.usefulapi.io/mcp,A_verified_mcp,none_public,False,200,all-quiet-mcp,1.0.0,2025-06-18,tools,,,,False,,,,,mcp_registry,
android-security-analyzer.ako-labs.workers.dev,https://android-security-analyzer.ako-labs.workers.dev/mcp,A_verified_mcp,none_public,False,200,android-security-analyzer,1.0.0,2025-03-26,tools,,,,False,,,,,mcp_registry,
anvil.usefulapi.io,https://anvil.usefulapi.io/mcp,A_verified_mcp,none_public,False,200,anvil-mcp,1.0.1,2025-06-18,tools,,,,False,,,,,mcp_registry,
api.auctiontrace.com,https://api.auctiontrace.com/mcp,A_verified_mcp,none_public,False,200,auctiontrace-finished-intelligence,1.0.0,2025-06-18,"resources,tools",,,,False,,,,,mcp_registry,
api.digeguigui.com,https://api.digeguigui.com/mcp,A_verified_mcp,auth_required_scheme_unknown,False,401,,,,,,,,False,,,,,awesome_lists,
api.endorso.com,https://api.endorso.com/api/v1/mcp,A_verified_mcp,none_public,False,200,endorso,1.0.0,2025-06-18,tools,,,,False,,,,,mcp_registry,
api.fineshare.com,https://api.fineshare.com/mcp,A_verified_mcp,none_public,False,200,Starter Kit,1.0.0,2025-06-18,"resources,tools",,,,False,,,,,umbrella_majestic_apex,
api.gcp.bmw.cloud,https://api.gcp.bmw.cloud/mcp,A_verified_mcp,bearer_token,False,401,,,,,,,,False,,,,"Bearer realm=""mcp"", resource_metadata=""https://emea.prod.alpha.sso.bmwgroup.com/auth/oauth2/realms/root/realms/alpha/.well-known/openid-configuration""",umbrella_majestic_apex,
api.luniumpay.com,https://api.luniumpay.com/mcp,A_verified_mcp,none_public,False,200,lunium-mcp,1.0.0,2025-06-18,tools,,,,False,,,,,mcp_registry,
api.motorloop.com.au,https://api.motorloop.com.au/api/mcp,A_verified_mcp,none_public,False,200,motorloop,1.0.0,2025-06-18,"logging,tools",,,,False,,,,,mcp_registry,
api.openmandate.ai,https://api.openmandate.ai/mcp,A_verified_mcp,none_public,False,200,openmandate,0.6.0,2025-03-26,tools,,,,False,,,,,mcp_registry,
api.pkgseek.com,https://api.pkgseek.com/mcp,A_verified_mcp,unknown,False,400,,,,,,,,False,,,,,mcp_registry,
api.pnllabs.com,https://api.pnllabs.com/mcp,A_verified_mcp,none_public,False,200,pnllabs,0.3.0-agent,2025-06-18,tools,,,,False,,,,,mcp_registry,
api.startup.jobs,https://api.startup.jobs/mcp,A_verified_mcp,none_public,False,200,startup-jobs,1.0.0,2025-06-18,"logging,prompts,resources,tools",,,,False,,,,,mcp_registry,
api.tempo.io,https://api.tempo.io/mcp,A_verified_mcp,bearer_token,False,401,,,,,,,,False,,,,"Bearer realm=""tempo-mcp""",umbrella_majestic_apex,
apistatuscheck.com,https://apistatuscheck.com/api/mcp,A_verified_mcp,none_public,False,200,apistatuscheck,0.1.0,2025-06-18,tools,,,,False,,,,,mcp_registry,
app.lakpura.com,https://app.lakpura.com/api/mcp,A_verified_mcp,none_public,False,200,com.lakpura/mcp,1.0.1,2025-06-18,tools,,,,False,,,,,mcp_registry,
app.mindola.ai,https://app.mindola.ai/mcp/lens,A_verified_mcp,none_public,False,200,mindola-lens,0.1.0,2025-06-18,tools,,,,False,,,,,mcp_registry,
archangel-agency-mcp.jordan-trana.workers.dev,https://archangel-agency-mcp.jordan-trana.workers.dev/mcp,A_verified_mcp,none_public,False,200,archangel-agency-mcp,1.2.0,2024-11-05,tools,,,,False,,,,,mcp_registry,
arcology-mcp.fly.dev,https://arcology-mcp.fly.dev/mcp,A_verified_mcp,none_public,False,200,Arcology Knowledge Node,3.1.0,2025-06-18,"experimental,extensions,prompts,resources,tools",,,,False,,,,,mcp_registry,
arctura-reef-mcp.fly.dev,https://arctura-reef-mcp.fly.dev/mcp,A_verified_mcp,auth_required_scheme_unknown,False,401,,,,,,,,False,,,,,mcp_registry,
aspicio-api.dmitri-66a.workers.dev,https://aspicio-api.dmitri-66a.workers.dev/mcp,A_verified_mcp,none_public,False,200,aspicio,0.9.0,2025-06-18,"resources,tools",,,,False,,,,,mcp_registry,
asynthetic.up.railway.app,https://asynthetic.up.railway.app/mcp,A_verified_mcp,none_public,False,200,asynthetic,0.1.3,2025-06-18,tools,,,,False,,,,,mcp_registry,
atom-mcp-server-production.up.railway.app,https://atom-mcp-server-production.up.railway.app/mcp,A_verified_mcp,none_public,False,200,atom-mcp-server,1.1.0,2025-06-18,tools,,,,False,,,,,mcp_registry,
attest-mcp-remote.it-e3f.workers.dev,https://attest-mcp-remote.it-e3f.workers.dev/mcp,A_verified_mcp,none_public,False,200,spazio-genesi-attestation,1.0.0,2025-06-18,tools,,,,False,,,,,mcp_registry,
ausecon-mcp-server.onrender.com,https://ausecon-mcp-server.onrender.com/mcp,A_verified_mcp,none_public,False,200,ausecon-mcp-server,1.14.0,2025-06-18,"experimental,extensions,logging,prompts,resources,tools",,,,False,,,,,mcp_registry,
autoscrape-api-seven.vercel.app,https://autoscrape-api-seven.vercel.app/mcp,A_verified_mcp,none_public,False,200,autoscrape-data-api,1.0.0,2025-03-26,tools,,,,False,,,,,mcp_registry,
avenity-agentic-audit.onrender.com,https://avenity-agentic-audit.onrender.com/mcp,A_verified_mcp,none_public,False,200,avenity-ai-visibility,3.4.4,2025-06-18,"experimental,extensions,logging,prompts,resources,tools",,,,False,,,,,mcp_registry,
avisradar-production.up.railway.app,https://avisradar-production.up.railway.app/mcp,A_verified_mcp,none_public,False,200,MainStreet,0.9.0,2024-11-05,tools,,,,False,,,,,mcp_registry,
awesome-mcp.tools,https://awesome-mcp.tools/mcp,A_verified_mcp,none_public,False,200,awesome-mcp.tools,1.0.0,2025-06-18,"logging,tools",,,,False,,,,,awesome_lists,
axcess-mcp-server.fly.dev,https://axcess-mcp-server.fly.dev/mcp,A_verified_mcp,none_public,False,200,axcess-mcp-server,0.1.0,2025-06-18,tools,,,,False,,,,,mcp_registry,
backend.alia-prod.com,https://backend.alia-prod.com/mcp,A_verified_mcp,auth_required_scheme_unknown,False,401,,,,,,,,False,,,,,umbrella_majestic_apex,
bart-mcp.srivastsh.workers.dev,https://bart-mcp.srivastsh.workers.dev/mcp,A_verified_mcp,none_public,False,200,bart-mcp-server,1.1.0,2025-06-18,tools,,,,False,,,,,mcp_registry,
basinwise.vercel.app,https://basinwise.vercel.app/api/mcp,A_verified_mcp,none_public,False,200,basinwise,1.0.0,2025-06-18,tools,,,,False,,,,,mcp_registry,
baton-mcp-production.up.railway.app,https://baton-mcp-production.up.railway.app/mcp,A_verified_mcp,none_public,False,200,baton,0.4.1,2025-06-18,"resources,tools",,,,False,,,,,mcp_registry,
bazi-api.kunstudio.workers.dev,https://bazi-api.kunstudio.workers.dev/mcp,A_verified_mcp,none_public,False,200,bazi-api,1.0.0,2025-06-18,tools,,,,False,,,,,mcp_registry,
bc-curriculum-mcp.fly.dev,https://bc-curriculum-mcp.fly.dev/mcp,A_verified_mcp,none_public,False,200,bc-curriculum-mcp-server,1.1.1,2025-06-18,tools,,,,False,,,,,mcp_registry,
belt.fabtally.com,https://belt.fabtally.com/mcp,A_verified_mcp,none_public,False,200,fabtally-belt,1.0.0,2025-06-18,tools,,,,False,,,,,mcp_registry,
bench.virajmishratakehome.workers.dev,https://bench.virajmishratakehome.workers.dev/mcp,A_verified_mcp,none_public,False,200,Bench Agent Discovery,0.1.0,2025-06-18,tools,,,,False,,,,,mcp_registry,
besot.com,https://besot.com/catalogue/mcp,A_verified_mcp,none_public,False,200,besot-catalogue,1.1.0,2025-06-18,tools,,,,False,,,,,mcp_registry,
biii-production.up.railway.app,https://biii-production.up.railway.app/mcp,A_verified_mcp,none_public,False,200,biii,0.1.0,2024-11-05,tools,,,,False,,,,,mcp_registry,
biocosm-mcp.fly.dev,https://biocosm-mcp.fly.dev/mcp,A_verified_mcp,none_public,False,200,BioCosm,3.4.4,2025-06-18,"experimental,extensions,logging,prompts,resources,tools",,,,False,,,,,mcp_registry,
biome-commons-production.up.railway.app,https://biome-commons-production.up.railway.app/mcp,A_verified_mcp,none_public,False,200,biome-mcp,0.1,2025-06-18,tools,,,,False,,,,,mcp_registry,
bizfile-mcp-production.up.railway.app,https://bizfile-mcp-production.up.railway.app,A_verified_mcp,none_public,False,200,bizfile-mcp,4.10.55,2024-11-05,"prompts,resources,tools",,,,False,,,,,mcp_registry,
blogcaster-mcp.rrpb2580.workers.dev,https://blogcaster-mcp.rrpb2580.workers.dev/mcp,A_verified_mcp,none_public,False,200,blogcaster-mcp,0.2.0,2025-06-18,tools,,,,False,,,,,mcp_registry,
bookstore4agents-mcp.bookstore4agents.workers.dev,https://bookstore4agents-mcp.bookstore4agents.workers.dev/mcp,A_verified_mcp,none_public,False,200,bookstore4agents,0.0.1,2025-06-18,"prompts,resources,tools",,,,False,,,,,mcp_registry,
botguard-agent-production.up.railway.app,https://botguard-agent-production.up.railway.app/mcp,A_verified_mcp,none_public,False,200,BotGuard Pro,1.28.1,2025-06-18,"experimental,prompts,resources,tools",,,,False,,,,,mcp_registry,
bountyverdict-agent-production.mimirslab.workers.dev,https://bountyverdict-agent-production.mimirslab.workers.dev/mcp?source=mcp-registry,A_verified_mcp,none_public,False,200,BountyVerdict,1.1.23,2025-06-18,tools,,,,False,,,,,mcp_registry,
bqixfybgflusxwnvzjwu.supabase.co,https://bqixfybgflusxwnvzjwu.supabase.co/functions/v1/mcp,A_verified_mcp,none_public,False,200,frankspace-mcp,0.3.0,2025-06-18,tools,,,,False,,,,,mcp_registry,
buff.163.com,https://buff.163.com/mcp,A_verified_mcp,none_public,False,200,buff163-mcp-server,1.26.0,2025-06-18,"experimental,prompts,resources,tools",,,,False,,,,,umbrella_majestic_apex,
buildercheck-mcp.jaco-veldsman.workers.dev,https://buildercheck-mcp.jaco-veldsman.workers.dev,A_verified_mcp,none_public,False,200,BuilderVet,0.1.0,2025-06-18,tools,,,,False,,,,,mcp_registry,
cancun4-mcp.fly.dev,https://cancun4-mcp.fly.dev/mcp,A_verified_mcp,none_public,False,200,Cancun4me,1.28.1,2025-06-18,"experimental,prompts,resources,tools",,,,False,,,,,mcp_registry,
cannabis-mcp-server.rootsbybenda.workers.dev,https://cannabis-mcp-server.rootsbybenda.workers.dev/mcp,A_verified_mcp,none_public,False,200,roots-cannabis-regulatory,1.0.2,2025-06-18,tools,,,,False,,,,,mcp_registry,
cap-rate-signals-mcp-production.up.railway.app,https://cap-rate-signals-mcp-production.up.railway.app/mcp,A_verified_mcp,none_public,False,200,metro-catalyst,1.27.0,2025-06-18,"experimental,resources,tools",,,,False,,,,,mcp_registry,
captcha-mcp.powforge.dev,https://captcha-mcp.powforge.dev,A_verified_mcp,none_public,False,200,@powforge/captcha-mcp,0.2.0,2024-11-05,tools,,,,False,,,,,awesome_lists,
catalog-normalizer.acjlabs.com,https://catalog-normalizer.acjlabs.com/mcp,A_verified_mcp,none_public,False,200,catalog-attribute-normalizer,0.2.0,2025-06-18,tools,,,,False,,,,,mcp_registry,
catchr.perch-app.workers.dev,https://catchr.perch-app.workers.dev/mcp,A_verified_mcp,none_public,False,200,catchr,1.0.0,2025-06-18,tools,,,,False,,,,,mcp_registry,
causallayer-mcp-demo.zykm9qkk7j.workers.dev,https://causallayer-mcp-demo.zykm9qkk7j.workers.dev/mcp,A_verified_mcp,none_public,False,200,causallayer-mcp,0.4.1,2025-06-18,tools,,,,False,,,,,mcp_registry,
celestium-cosmic-compass.fly.dev,https://celestium-cosmic-compass.fly.dev/mcp,A_verified_mcp,none_public,False,200,celestium-cosmic-compass,0.5.1,2025-06-18,tools,,,,False,,,,,mcp_registry,
census.caseyjhand.com,https://census.caseyjhand.com/mcp,A_verified_mcp,none_public,False,200,census-mcp-server,0.3.2,2025-06-18,"logging,prompts,resources,tools",,,,False,,,,,awesome_lists,
cf-worker.selbyventurecap.workers.dev,https://cf-worker.selbyventurecap.workers.dev/mcp,A_verified_mcp,none_public,False,200,apollo-salesforce-mapper,1.0.0,2025-06-18,tools,,,,False,,,,,mcp_registry,
chain.fabtally.com,https://chain.fabtally.com/mcp,A_verified_mcp,none_public,False,200,fabtally-chain,1.0.0,2025-06-18,tools,,,,False,,,,,mcp_registry,
chartwire.helpfulbutton140.workers.dev,https://chartwire.helpfulbutton140.workers.dev/mcp,A_verified_mcp,auth_required_scheme_unknown,False,401,,,,,,,,False,,,,,mcp_registry,
chem-mcp-server.rootsbybenda.workers.dev,https://chem-mcp-server.rootsbybenda.workers.dev/mcp,A_verified_mcp,none_public,False,200,roots-chemical-safety,1.1.2,2025-06-18,tools,,,,False,,,,,mcp_registry,
chesswithclaw.vercel.app,https://chesswithclaw.vercel.app/api/mcp,A_verified_mcp,none_public,False,200,chesswithclaw,1.0.0,2025-06-18,"prompts,tools",,,,False,,,,,mcp_registry,
china-phone-mcp.vercel.app,https://china-phone-mcp.vercel.app/api/index,A_verified_mcp,none_public,False,200,china-phone,1.0,2025-11-25,tools,,,,False,,,,,mcp_registry,
cipher-x402-mcp.vercel.app,https://cipher-x402-mcp.vercel.app/mcp,A_verified_mcp,none_public,False,200,cipher-x402-mcp,0.1.0,2025-06-18,tools,,,,False,,,,,mcp_registry,
citeguard.boundy.workers.dev,https://citeguard.boundy.workers.dev/mcp,A_verified_mcp,none_public,False,200,citeguard,0.1.2,2025-06-18,tools,,,,False,,,,,mcp_registry,
claudereviews.com,https://claudereviews.com/mcp,A_verified_mcp,none_public,False,200,claudereviews,1.0.0,2024-11-05,tools,,,,False,,,,,smithery_awesome,
click.mailchimp.com,https://click.mailchimp.com/mcp,A_verified_mcp,unknown,False,200,,,,,,,,False,,,,,umbrella_majestic_apex,
codeforces-oj-mcp.lantangtang54.workers.dev,https://codeforces-oj-mcp.lantangtang54.workers.dev/mcp,A_verified_mcp,none_public,False,200,codeforces-mcp-server,0.1.0,2025-06-18,tools,,,,False,,,,,mcp_registry,
coin-signal.airblock2026.workers.dev,https://coin-signal.airblock2026.workers.dev/mcp,A_verified_mcp,none_public,False,200,coin-signal,0.1.0,2024-11-05,tools,,,,False,,,,,mcp_registry,
colorado-business-storefront.onrender.com,https://colorado-business-storefront.onrender.com/mcp,A_verified_mcp,none_public,False,200,colorado-business,1.0.0,2025-06-18,tools,,,,False,,,,,mcp_registry,
commercebridge-isaiahduprees-projects.vercel.app,https://commercebridge-isaiahduprees-projects.vercel.app/api/mcp,A_verified_mcp,none_public,False,200,commercebridge,1.0.0,2025-06-18,tools,,,,False,,,,,mcp_registry,
commodity-signal.airblock2026.workers.dev,https://commodity-signal.airblock2026.workers.dev/mcp,A_verified_mcp,none_public,False,200,commodity-signal,0.1.0,2024-11-05,tools,,,,False,,,,,mcp_registry,
comparefairly.com,https://comparefairly.com/mcp,A_verified_mcp,none_public,False,200,comparefairly,1.0.0,2025-06-18,tools,,,,False,,,,,mcp_registry,
compliancecn.netlify.app,https://compliancecn.netlify.app/mcp,A_verified_mcp,none_public,False,200,compliancecn,0.3.1,2025-06-18,"resources,tools",,,,False,,,,,mcp_registry,
conducted-mcp.jonathanmostov.workers.dev,https://conducted-mcp.jonathanmostov.workers.dev/mcp,A_verified_mcp,none_public,False,200,conducted-mcp,0.1.0,2025-06-18,"prompts,resources,tools",,,,False,,,,,mcp_registry,
connectivity-index-mcp-cloudflare.futuremultihousing.workers.dev,https://connectivity-index-mcp-cloudflare.futuremultihousing.workers.dev/mcp,A_verified_mcp,none_public,False,200,Connectivity Index MCP,1.0.0,2025-06-18,tools,,,,False,,,,,mcp_registry,
content-intelligence-mcp.wajih-hyder55.workers.dev,https://content-intelligence-mcp.wajih-hyder55.workers.dev,A_verified_mcp,none_public,False,200,content-intelligence-api,2.4.0,2024-11-05,tools,,,,False,,,,,mcp_registry,
corvid.perch-app.workers.dev,https://corvid.perch-app.workers.dev/mcp,A_verified_mcp,none_public,False,200,corvid,1.0.0,2025-06-18,tools,,,,False,,,,,mcp_registry,
country_data_mcp.mcpize.run,https://country_data_mcp.mcpize.run/mcp,A_verified_mcp,unknown,False,500,,,,,,,,False,,,,,mcp_registry,
coverage-rights.com,https://coverage-rights.com/api/mcp,A_verified_mcp,unknown,False,405,,,,,,,,False,,,,,mcp_registry,
crashstory-mcp-production.up.railway.app,https://crashstory-mcp-production.up.railway.app/mcp,A_verified_mcp,none_public,False,200,crashstory,1.0.0,2025-06-18,"logging,tools",,,,False,,,,,mcp_registry,
crcrwtjzqzinfzokianr.supabase.co,https://crcrwtjzqzinfzokianr.supabase.co/functions/v1/mcp-server,A_verified_mcp,none_public,False,200,nynch-crm,3.0.0,2025-06-18,"resources,tools",,,,False,,,,,mcp_registry,
cron-explainer.cron-explainer-prod.workers.dev,https://cron-explainer.cron-explainer-prod.workers.dev/mcp,A_verified_mcp,none_public,False,200,cron-explainer,0.1.2,2025-06-18,tools,,,,False,,,,,mcp_registry,
cronping.cronping-oren.workers.dev,https://cronping.cronping-oren.workers.dev/mcp,A_verified_mcp,none_public,False,200,cronping,1.0.0,2024-11-05,tools,,,,False,,,,,mcp_registry,
crypto-prices-mcp.mcpize.run,https://crypto-prices-mcp.mcpize.run/mcp,A_verified_mcp,unknown,False,500,,,,,,,,False,,,,,mcp_registry,
cryptodata-api.datachain.workers.dev,https://cryptodata-api.datachain.workers.dev/mcp,A_verified_mcp,none_public,False,200,CryptoData API,3.0.0,2025-03-26,"logging,tools",,,,False,,,,,mcp_registry,
currency_converter_mcp.mcpize.run,https://currency_converter_mcp.mcpize.run/mcp,A_verified_mcp,unknown,False,500,,,,,,,,False,,,,,mcp_registry,
customswise-api.onrender.com,https://customswise-api.onrender.com/mcp,A_verified_mcp,none_public,False,200,CustomsWise,0.1.0,2025-06-18,tools,,,,False,,,,,mcp_registry,
cuttingtoolsai-mcp.memmizgezgin.workers.dev,https://cuttingtoolsai-mcp.memmizgezgin.workers.dev,A_verified_mcp,none_public,False,200,cuttingtoolsai-xref,1.0.0,2025-06-18,tools,,,,False,,,,,mcp_registry,
dappgrade.vercel.app,https://dappgrade.vercel.app/api/mcp,A_verified_mcp,none_public,False,200,dappgrade,0.2.0,2025-06-18,tools,,,,False,,,,,mcp_registry,
data-compliance-mcp-production.up.railway.app,https://data-compliance-mcp-production.up.railway.app,A_verified_mcp,none_public,False,200,data-compliance-mcp,1.0.33,2024-11-05,"prompts,resources,tools",,,,False,,,,,mcp_registry,
debtfree.rugscore.workers.dev,https://debtfree.rugscore.workers.dev/mcp,A_verified_mcp,none_public,False,200,debt-payoff,1.0.0,2025-06-18,tools,,,,False,,,,,mcp_registry,
decode.fabtally.com,https://decode.fabtally.com/mcp,A_verified_mcp,none_public,False,200,fabtally-decode,1.0.0,2025-06-18,tools,,,,False,,,,,mcp_registry,
defi-webhook.m-zikriz.workers.dev,https://defi-webhook.m-zikriz.workers.dev/mcp,A_verified_mcp,none_public,False,200,wallet-doctor-mcp,0.5.0,2025-06-18,tools,,,,False,,,,,mcp_registry,
defianceinternational.io,https://defianceinternational.io/mcp,A_verified_mcp,none_public,False,200,defiance-storefront,2026-07-02,2025-06-18,tools,,,,False,,,,,mcp_registry,
deltamesh-agent-beacon.giuelvy.workers.dev,https://deltamesh-agent-beacon.giuelvy.workers.dev/mcp,A_verified_mcp,none_public,False,200,DeltaMesh Web Freshness,4.0.0,2025-06-18,tools,,,,False,,,,,mcp_registry,
denialpath.vercel.app,https://denialpath.vercel.app/api/mcp,A_verified_mcp,none_public,False,200,denialpath,1.0.0,2025-06-18,tools,,,,False,,,,,mcp_registry,
dev-ai.seliseblocks.com,https://dev-ai.seliseblocks.com/mcp,A_verified_mcp,none_public,False,200,blocks-mcp-server,1.14.0,2025-06-18,"experimental,prompts,resources,tools",,,,False,,,,,mcp_registry,
device-house-mcp.fly.dev,https://device-house-mcp.fly.dev/mcp,A_verified_mcp,none_public,False,200,device-house,0.1.0,2025-06-18,tools,,,,False,,,,,mcp_registry,
devplan-mcp-server.mike-c63.workers.dev,https://devplan-mcp-server.mike-c63.workers.dev/mcp,A_verified_mcp,unknown,False,400,,,,,,,,False,,,,,mcp_registry,
devstack-mcp.vercel.app,https://devstack-mcp.vercel.app/mcp,A_verified_mcp,none_public,False,200,devstack,1.0.0,2025-06-18,tools,,,,False,,,,,mcp_registry,
dgymaetjyvzdblryurmi.supabase.co,https://dgymaetjyvzdblryurmi.supabase.co/functions/v1/mcp-server,A_verified_mcp,none_public,False,200,calmactiva,1.0.0,2025-06-18,tools,,,,False,,,,,mcp_registry,
diagrams-mcp-production.up.railway.app,https://diagrams-mcp-production.up.railway.app/mcp,A_verified_mcp,none_public,False,200,diagrams,3.2.3,2025-06-18,"experimental,extensions,logging,prompts,resources,tools",,,,False,,,,,mcp_registry,
docs.lanonasis.com,https://docs.lanonasis.com/api/mcp,A_verified_mcp,none_public,False,200,LanOnasis Documentation MCP Server,1.0.0,2024-11-05,tools,,,,False,,,,,smithery_awesome,
docs.optimism.io,https://docs.optimism.io/mcp,A_verified_mcp,none_public,False,200,Optimism Documentation,1.0.0,2025-06-18,"resources,tools",,,,False,,,,,umbrella_majestic_apex,
docs.zenable.io,https://docs.zenable.io/mcp,A_verified_mcp,none_public,False,200,Zenable Governance Platform,1.0.0,2025-06-18,"resources,tools",,,,False,,,,,awesome_lists,
document-integrity-validator-mcp-production.up.railway.app,https://document-integrity-validator-mcp-production.up.railway.app/mcp,A_verified_mcp,none_public,False,200,document-integrity-validator-mcp,1.0.30,2025-06-18,tools,,,,False,,,,,mcp_registry,
domain-finder-theta.vercel.app,https://domain-finder-theta.vercel.app/api/mcp,A_verified_mcp,none_public,False,200,domain-finder,0.1.0,2025-06-18,tools,,,,False,,,,,mcp_registry,
dominion-observatory.sgdata.workers.dev,https://dominion-observatory.sgdata.workers.dev/mcp,A_verified_mcp,none_public,False,200,Dominion Observatory,1.0.0,2025-11-05,"prompts,resources,tools",,,,False,,,,,mcp_registry,
dotsweep.com,https://dotsweep.com/mcp,A_verified_mcp,none_public,False,200,dotsweep,0.1.0,2025-06-18,tools,,,,False,,,,,mcp_registry,
dropbin.org,https://dropbin.org/mcp,A_verified_mcp,none_public,False,200,dropbin-mcp-server,1.0.0,2024-11-05,"logging,resources,tools",,,,False,,,,,awesome_lists,
dubai-property-signal.airblock2026.workers.dev,https://dubai-property-signal.airblock2026.workers.dev/mcp,A_verified_mcp,none_public,False,200,dubai-property-signal,0.1.0,2024-11-05,tools,,,,False,,,,,mcp_registry,
e3d.ai,https://e3d.ai/mcp,A_verified_mcp,none_public,False,200,e3d-ai,1.0.0,2025-06-18,tools,,,,False,,,,,smithery_awesome,
edinet-mcp.easakura.workers.dev,https://edinet-mcp.easakura.workers.dev/mcp,A_verified_mcp,none_public,False,200,edinet-mcp,0.1.0,2025-06-18,tools,,,,False,,,,,mcp_registry,
education_mcp.mcpize.run,https://education_mcp.mcpize.run/mcp,A_verified_mcp,unknown,False,500,,,,,,,,False,,,,,mcp_registry,
egbtsqygtbkdfkywjofb.supabase.co,https://egbtsqygtbkdfkywjofb.supabase.co/functions/v1/sukimalabo-tester,A_verified_mcp,none_public,False,200,sukimalabo-tester,1.0.0,2025-06-18,tools,,,,False,,,,,mcp_registry,
el-buen-agente-mcp-production.up.railway.app,https://el-buen-agente-mcp-production.up.railway.app/mcp,A_verified_mcp,none_public,False,200,el-buen-agente,2.8.1,2025-06-18,"prompts,resources,tools",,,,False,,,,,mcp_registry,
elephant-mcp.fly.dev,https://elephant-mcp.fly.dev/mcp,A_verified_mcp,none_public,False,200,elephant-accountability,1.0.1,2024-11-05,"resources,tools",,,,False,,,,,mcp_registry,
elkassabgidata-mcp.elkassabgi.workers.dev,https://elkassabgidata-mcp.elkassabgi.workers.dev/mcp,A_verified_mcp,none_public,False,200,elkassabgidata,1.0.0,2025-06-18,"prompts,resources,tools",,,,False,,,,,mcp_registry,
engine-production-3bdc.up.railway.app,https://engine-production-3bdc.up.railway.app/mcp,A_verified_mcp,none_public,False,200,vhgengine,2.3.0,2025-06-18,"experimental,prompts,resources,tools",,,,False,,,,,mcp_registry,
estat-mcp.easakura.workers.dev,https://estat-mcp.easakura.workers.dev/mcp,A_verified_mcp,none_public,False,200,estat-mcp,0.1.0,2025-06-18,tools,,,,False,,,,,mcp_registry,
etapa-mcp-production.up.railway.app,https://etapa-mcp-production.up.railway.app/mcp,A_verified_mcp,unknown,False,503,,,,,,,,False,,,,,mcp_registry,
eutsoqdpjurknjsshxes.supabase.co,https://eutsoqdpjurknjsshxes.supabase.co/functions/v1/agent-mcp-server,A_verified_mcp,none_public,False,200,harris-boat-works-mercury,1.0.0,2024-11-05,tools,,,,False,,,,,mcp_registry,
eventchat-events-mcp-production.up.railway.app,https://eventchat-events-mcp-production.up.railway.app/mcp,A_verified_mcp,none_public,False,200,eventchat-events,0.6.0,2025-06-18,tools,,,,False,,,,,mcp_registry,
fable-maker.pendia-community.workers.dev,https://fable-maker.pendia-community.workers.dev/mcp,A_verified_mcp,none_public,False,200,fable-maker-mcp,1.60.0,2025-03-26,tools,,,,False,,,,,mcp_registry,
fcefnmdlggldmfusydix.supabase.co,https://fcefnmdlggldmfusydix.supabase.co/functions/v1/mcp,A_verified_mcp,none_public,False,200,zooidfund-mcp,1.0.0,2024-11-05,tools,,,,False,,,,,mcp_registry,
fd-property-mortgage-mcp.fdcommercial-uk.workers.dev,https://fd-property-mortgage-mcp.fdcommercial-uk.workers.dev/mcp,A_verified_mcp,none_public,False,200,fd-property-mortgage,0.2.0,2025-06-18,tools,,,,False,,,,,mcp_registry,
fdc-property-finance-mcp.fdcommercial-uk.workers.dev,https://fdc-property-finance-mcp.fdcommercial-uk.workers.dev/mcp,A_verified_mcp,none_public,False,200,fdc-property-finance,0.1.0,2025-06-18,tools,,,,False,,,,,mcp_registry,
fde-mcp.mj-mcp-tools.workers.dev,https://fde-mcp.mj-mcp-tools.workers.dev/mcp,A_verified_mcp,none_public,False,200,FDE Agent — AI Workflow Pre-mortem,1.0.0,2025-06-18,tools,,,,False,,,,,mcp_registry,
fermi.krobar.ai,https://fermi.krobar.ai/mcp/sse,A_verified_mcp,none_public,False,200,fermi,1.28.1,2025-06-18,"experimental,prompts,resources,tools",,,,False,,,,,mcp_registry,
fflpdljiuruqdnewvwkk.supabase.co,https://fflpdljiuruqdnewvwkk.supabase.co/functions/v1/mcp,A_verified_mcp,none_public,False,200,xportalx,4.0.0,2024-11-05,"resilience,tools,x402",,,,False,,,,,mcp_registry,
filtrous-mcp-catalog.filtrous.workers.dev,https://filtrous-mcp-catalog.filtrous.workers.dev/mcp,A_verified_mcp,none_public,False,200,filtrous-mcp-catalog,1.0.0,2025-06-18,tools,,,,False,,,,,mcp_registry,
fitness-tools-mcp.ajwallacemusic.workers.dev,https://fitness-tools-mcp.ajwallacemusic.workers.dev/mcp,A_verified_mcp,none_public,False,200,@almostjacked/fitness-tools-mcp,0.3.2,2025-06-18,tools,,,,False,,,,,mcp_registry,
flipr-x402.fly.dev,https://flipr-x402.fly.dev/mcp,A_verified_mcp,none_public,False,200,flipr-x402,0.1.0,2025-06-18,tools,,,,False,,,,,mcp_registry,
food-mcp-server.rootsbybenda.workers.dev,https://food-mcp-server.rootsbybenda.workers.dev/mcp,A_verified_mcp,none_public,False,200,roots-food-safety,1.0.2,2025-06-18,tools,,,,False,,,,,mcp_registry,
foyekanoxpnkydoibaas.supabase.co,https://foyekanoxpnkydoibaas.supabase.co/functions/v1/faith-mcp,A_verified_mcp,none_public,False,200,soapbox-faith,1.1.1,2025-06-18,"resources,tools",,,,False,,,,,mcp_registry,
france-data-mcp.vercel.app,https://france-data-mcp.vercel.app/mcp,A_verified_mcp,none_public,False,200,france-data-mcp,0.26.3,2025-06-18,"prompts,resources,tools",,,,False,,,,,mcp_registry,
free-blueprints-mcp.agentblueprint.workers.dev,https://free-blueprints-mcp.agentblueprint.workers.dev/mcp,A_verified_mcp,none_public,False,200,agent-blueprint-free,1.0.0,2025-06-18,tools,,,,False,,,,,mcp_registry,
freelax.cz,https://freelax.cz/api/mcp,A_verified_mcp,none_public,False,200,freelax-tax-engine,1.0.0,2025-06-18,tools,,,,False,,,,,mcp_registry,
fresh-feeds.foomworks.workers.dev,https://fresh-feeds.foomworks.workers.dev/mcp,A_verified_mcp,none_public,False,200,fresh-feeds,1.5.0,2025-06-18,tools,,,,False,,,,,mcp_registry,
freshcontext-mcp.gimmanuel73.workers.dev,https://freshcontext-mcp.gimmanuel73.workers.dev/mcp,A_verified_mcp,none_public,False,200,freshcontext-mcp,0.4.0,2025-06-18,tools,,,,False,,,,,mcp_registry,
friday-seller-tools-production.up.railway.app,https://friday-seller-tools-production.up.railway.app/mcp,A_verified_mcp,none_public,False,200,friday-seller-tools,0.3.5,2025-06-18,tools,,,,False,,,,,mcp_registry,
fudousan-mcp.easakura.workers.dev,https://fudousan-mcp.easakura.workers.dev/mcp,A_verified_mcp,none_public,False,200,fudousan-mcp,0.1.0,2025-06-18,tools,,,,False,,,,,mcp_registry,
fuechvghummojkgliyha.supabase.co,https://fuechvghummojkgliyha.supabase.co/functions/v1/mcp,A_verified_mcp,none_public,False,200,SaaSforIT Directory,1.0.0,2024-11-05,"resources,tools",,,,False,,,,,mcp_registry,
fx-signal.airblock2026.workers.dev,https://fx-signal.airblock2026.workers.dev/mcp,A_verified_mcp,none_public,False,200,fx-signal,0.1.0,2024-11-05,tools,,,,False,,,,,mcp_registry,
fyndling.de,https://fyndling.de/mcp,A_verified_mcp,none_public,False,200,fyndling,1.4.0,2025-06-18,tools,,,,False,,,,,smithery_awesome,
gammarips-mcp-406581297632.us-central1.run.app,https://gammarips-mcp-406581297632.us-central1.run.app/mcp,A_verified_mcp,none_public,False,200,gammarips,1.29.0,2025-06-18,"experimental,prompts,resources,tools",,,,False,,,,,mcp_registry,
gbiz-leads-mcp.easakura.workers.dev,https://gbiz-leads-mcp.easakura.workers.dev/mcp,A_verified_mcp,none_public,False,200,gbiz-leads-mcp,0.1.0,2025-06-18,tools,,,,False,,,,,mcp_registry,
geczbtsjfbvfukdzdemr.supabase.co,https://geczbtsjfbvfukdzdemr.supabase.co/functions/v1/mcp-server,A_verified_mcp,auth_required_scheme_unknown,False,401,,,,,,,,False,,,,,mcp_registry,
geiant-agentcore-production.up.railway.app,https://geiant-agentcore-production.up.railway.app/mcp,A_verified_mcp,none_public,False,200,geiant-agentcore,0.1.0,2025-06-18,tools,,,,False,,,,,mcp_registry,
ghostdom.jason-12c.workers.dev,https://ghostdom.jason-12c.workers.dev/mcp,A_verified_mcp,none_public,False,200,ghostdom,1.0.0,2024-11-05,tools,,,,False,,,,,mcp_registry,
git.top,https://git.top/mcp/core,A_verified_mcp,none_public,False,200,git-top,0.1.0,2025-06-18,tools,,,,False,,,,,mcp_registry,
git_diff_mcp.mcpize.run,https://git_diff_mcp.mcpize.run/mcp,A_verified_mcp,unknown,False,500,,,,,,,,False,,,,,mcp_registry,
github-public-repos-mcp.mcpize.run,https://github-public-repos-mcp.mcpize.run/mcp,A_verified_mcp,unknown,False,500,,,,,,,,False,,,,,mcp_registry,
gleaming-cassata-d41682.netlify.app,https://gleaming-cassata-d41682.netlify.app/api/mcp?src=mcpregistry_domain_v1_1,A_verified_mcp,none_public,False,200,lion-trend-intent-mcp,0.4.0,2025-03-26,tools,,,,False,,,,,mcp_registry,
goanywhere.guru,https://goanywhere.guru/api/mcp,A_verified_mcp,none_public,False,200,goanywhere-storefront,0.2.1,2025-06-18,tools,,,,False,,,,,mcp_registry,
gogs.io,https://gogs.io/mcp,A_verified_mcp,none_public,False,200,Gogs: A painless self-hosted Git service,1.0.0,2025-06-18,"resources,tools",,,,False,,,,,umbrella_majestic_apex,
gold-silver-analytics-mcp-production.up.railway.app,https://gold-silver-analytics-mcp-production.up.railway.app/mcp,A_verified_mcp,none_public,False,200,gold-silver-analytics,0.1.1,2025-06-18,tools,,,,False,,,,,mcp_registry,
google-mcp.battox.workers.dev,https://google-mcp.battox.workers.dev/mcp,A_verified_mcp,auth_required_scheme_unknown,False,401,,,,,,,,False,,,,,mcp_registry,
gridscoot.vercel.app,https://gridscoot.vercel.app/api/mcp,A_verified_mcp,unknown,False,404,,,,,,,,False,,,,,mcp_registry,
ground-truth-mcp.anishdasmail.workers.dev,https://ground-truth-mcp.anishdasmail.workers.dev/mcp,A_verified_mcp,none_public,False,200,ground-truth,0.5.4,2025-06-18,tools,,,,False,,,,,mcp_registry,
gsb-swarm-production.up.railway.app,https://gsb-swarm-production.up.railway.app/api/local-intel/mcp,A_verified_mcp,none_public,False,200,localintel,1.0.0,2024-11-05,"prompts,resources,tools",,,,False,,,,,mcp_registry,
guard.fabtally.com,https://guard.fabtally.com/mcp,A_verified_mcp,none_public,False,200,fabtally-guard,1.0.0,2025-06-18,tools,,,,False,,,,,mcp_registry,
guesty-mcp-server.vercel.app,https://guesty-mcp-server.vercel.app/mcp,A_verified_mcp,none_public,False,200,guesty-mcp-server,0.8.2,2024-11-05,"resources,tools",,,,False,,,,,mcp_registry,
gulltoppr-mcp.fly.dev,https://gulltoppr-mcp.fly.dev/mcp,A_verified_mcp,none_public,False,200,gulltoppr,0.2.2,2025-06-18,tools,,,,False,,,,,mcp_registry,
gw1-mcp.graphmaxer.workers.dev,https://gw1-mcp.graphmaxer.workers.dev/mcp,A_verified_mcp,none_public,False,200,gw1-mcp,0.9.1,2025-06-18,"resources,tools",,,,False,,,,,mcp_registry,
hacker-news-mcp.mcpize.run,https://hacker-news-mcp.mcpize.run/mcp,A_verified_mcp,unknown,False,500,,,,,,,,False,,,,,mcp_registry,
haveny-mcp.havenyy.workers.dev,https://haveny-mcp.havenyy.workers.dev/mcp,A_verified_mcp,none_public,False,200,Haveny HOA Law (California),0.1.1,2025-06-18,tools,,,,False,,,,,mcp_registry,
hawaii-conditions.vercel.app,https://hawaii-conditions.vercel.app/api/mcp,A_verified_mcp,none_public,False,200,HawaiiConditions,1.0.0,2024-11-05,tools,,,,False,,,,,mcp_registry,
hawudqgbvwmgwhhcbthb.supabase.co,https://hawudqgbvwmgwhhcbthb.supabase.co/functions/v1/mcp-public,A_verified_mcp,none_public,False,200,refugio-san-bernardo-public,0.1.0,2025-06-18,tools,,,,False,,,,,mcp_registry,
healthcovered-mcp.onrender.com,https://healthcovered-mcp.onrender.com/mcp,A_verified_mcp,none_public,False,200,HealthCovered ACA Assistant,1.26.0,2025-06-18,"experimental,prompts,resources,tools",,,,False,,,,,mcp_registry,
hexpm-mcp.fly.dev,https://hexpm-mcp.fly.dev/mcp,A_verified_mcp,none_public,False,200,hexpm-mcp,0.3.7,2025-06-18,"prompts,resources,tools",,,,False,,,,,mcp_registry,
hive-mcp-compute-grid.onrender.com,https://hive-mcp-compute-grid.onrender.com/mcp,A_verified_mcp,none_public,False,200,hive-mcp-compute-grid,1.1.0,2024-11-05,tools,,,,False,,,,,mcp_registry,
hive-mcp-compute.onrender.com,https://hive-mcp-compute.onrender.com/mcp,A_verified_mcp,none_public,False,200,hivecompute-mcp,1.0.0,2024-11-05,"prompts,resources,tools",,,,False,,,,,mcp_registry,
hive-mcp-connector.onrender.com,https://hive-mcp-connector.onrender.com/mcp,A_verified_mcp,none_public,False,200,hive-civilization-mcp,1.0.0,2024-11-05,tools,,,,False,,,,,mcp_registry,
hive-mcp-depin.onrender.com,https://hive-mcp-depin.onrender.com/mcp,A_verified_mcp,none_public,False,200,hive-mcp-depin,1.0.0,2024-11-05,tools,,,,False,,,,,mcp_registry,
hive-mcp-evaluator.onrender.com,https://hive-mcp-evaluator.onrender.com/mcp,A_verified_mcp,none_public,False,200,hive-mcp-evaluator,1.0.0,2024-11-05,tools,,,,False,,,,,mcp_registry,
hive-mcp-trade.onrender.com,https://hive-mcp-trade.onrender.com/mcp,A_verified_mcp,none_public,False,200,hive-mcp-trade,1.0.0,2024-11-05,tools,,,,False,,,,,mcp_registry,
hive-mcp-wallet.onrender.com,https://hive-mcp-wallet.onrender.com/mcp,A_verified_mcp,none_public,False,200,hive-mcp-wallet,1.1.1,2024-11-05,tools,,,,False,,,,,mcp_registry,
hojokin-mcp.easakura.workers.dev,https://hojokin-mcp.easakura.workers.dev/mcp,A_verified_mcp,none_public,False,200,hojokin-mcp,0.2.0,2025-06-18,tools,,,,False,,,,,mcp_registry,
holiday-forever-2.vercel.app,https://holiday-forever-2.vercel.app/mcp,A_verified_mcp,none_public,False,200,holiday-forever-mcp,1.0.0,2025-06-18,"resources,tools",,,,False,,,,,mcp_registry,
holiday-photo-plus-2.vercel.app,https://holiday-photo-plus-2.vercel.app/mcp,A_verified_mcp,none_public,False,200,mcp-typescript server on vercel,0.1.0,2025-06-18,tools,,,,False,,,,,mcp_registry,
holiday-photo-plus.vercel.app,https://holiday-photo-plus.vercel.app/mcp,A_verified_mcp,none_public,False,200,mcp-typescript server on vercel,0.1.0,2025-06-18,tools,,,,False,,,,,mcp_registry,
holidayforever.vercel.app,https://holidayforever.vercel.app/mcp,A_verified_mcp,none_public,False,200,holidayforever,1.27.1,2025-06-18,"experimental,prompts,resources,tools",,,,False,,,,,mcp_registry,
holidayforeverphoto.vercel.app,https://holidayforeverphoto.vercel.app/mcp,A_verified_mcp,none_public,False,200,holidayforever-airbnb-directory,1.27.1,2025-06-18,"experimental,prompts,resources,tools",,,,False,,,,,mcp_registry,
home-automation-mcp.mcpize.run,https://home-automation-mcp.mcpize.run/mcp,A_verified_mcp,unknown,False,500,,,,,,,,False,,,,,mcp_registry,
homepage-flax-two.vercel.app,https://homepage-flax-two.vercel.app/api/mcp,A_verified_mcp,none_public,False,200,ask-ogino,1.0.0,2025-06-18,tools,,,,False,,,,,mcp_registry,
hoo-mcp.glasswerkskimny.workers.dev,https://hoo-mcp.glasswerkskimny.workers.dev/mcp,A_verified_mcp,auth_required_scheme_unknown,False,401,,,,,,,,False,,,,,mcp_registry,
horei-mcp.easakura.workers.dev,https://horei-mcp.easakura.workers.dev/mcp,A_verified_mcp,none_public,False,200,horei-mcp,0.1.0,2025-06-18,tools,,,,False,,,,,mcp_registry,
hoshy.negimaru1025.workers.dev,https://hoshy.negimaru1025.workers.dev/mcp,A_verified_mcp,none_public,False,200,HoShy,0.4.0,2025-06-18,tools,,,,False,,,,,mcp_registry,
hqy-servicecenterprod.my.connect.aws,https://hqy-servicecenterprod.my.connect.aws/mcp,A_verified_mcp,unknown,False,200,,,,,,,,False,,,,,umbrella_majestic_apex,
hs-audit-app.oga-surf-project.workers.dev,https://hs-audit-app.oga-surf-project.workers.dev/mcp,A_verified_mcp,none_public,False,200,hs-audit-app,0.1.0,2025-06-18,"resources,tools",,,,False,,,,,mcp_registry,
hs-code-classifier-mcp-server-production.up.railway.app,https://hs-code-classifier-mcp-server-production.up.railway.app/mcp,A_verified_mcp,none_public,False,200,hs-code-classifier-mcp-server,1.0.33,2025-06-18,tools,,,,False,,,,,mcp_registry,
hs-hearing.oga-surf-project.workers.dev,https://hs-hearing.oga-surf-project.workers.dev/mcp,A_verified_mcp,none_public,False,200,HORIZON SHIELD YAKUMO,2.2.0,2025-06-18,"completions,prompts,resources,tools",,,,False,,,,,mcp_registry,
hs-mcp.oga-surf-project.workers.dev,https://hs-mcp.oga-surf-project.workers.dev,A_verified_mcp,none_public,False,200,horizon-shield,1.0.0,2025-06-18,"prompts,tools",,,,False,,,,,mcp_registry,
hs-webmcp.oga-surf-project.workers.dev,https://hs-webmcp.oga-surf-project.workers.dev/mcp,A_verified_mcp,none_public,False,200,hs-webmcp,0.5.0,2025-06-18,"completions,logging,prompts,resources,tools",,,,False,,,,,mcp_registry,
httiyebjgxxwtgggkpgw.supabase.co,https://httiyebjgxxwtgggkpgw.supabase.co/functions/v1/mcp-server-streamable,A_verified_mcp,none_public,False,200,PodLearn Transcripts,1.0.0,2025-06-18,"resources,tools",,,,False,,,,,mcp_registry,
hummatch.me,https://hummatch.me/api/mcp,A_verified_mcp,none_public,False,200,hummatch,1.0.0,2025-06-18,tools,,,,False,,,,,mcp_registry,
hypertune.usefulapi.io,https://hypertune.usefulapi.io/mcp,A_verified_mcp,none_public,False,200,hypertune-mcp,1.0.1,2025-06-18,tools,,,,False,,,,,mcp_registry,
iban-validated.othmen-mohammadi.workers.dev,https://iban-validated.othmen-mohammadi.workers.dev/mcp,A_verified_mcp,none_public,False,200,mon-premier-mcp,1.0.0,2025-06-18,tools,,,,False,,,,,mcp_registry,
icd-mcp-server.staycek.workers.dev,https://icd-mcp-server.staycek.workers.dev/mcp,A_verified_mcp,none_public,False,200,icd-mcp-server,1.0.0,2025-06-18,tools,,,,False,,,,,mcp_registry,
iconlab.op0.workers.dev,https://iconlab.op0.workers.dev/mcp,A_verified_mcp,none_public,False,200,iconlab,0.2.0,2025-06-18,tools,,,,False,,,,,mcp_registry,
iconserve.icons-for-agents.workers.dev,https://iconserve.icons-for-agents.workers.dev/mcp,A_verified_mcp,none_public,False,200,iconserve,0.1.0,2024-11-05,tools,,,,False,,,,,mcp_registry,
image-mcp.thankfulfield-a7857897.eastus.azurecontainerapps.io,https://image-mcp.thankfulfield-a7857897.eastus.azurecontainerapps.io/mcp,A_verified_mcp,none_public,False,200,brainiall-image,2.14.5,2025-06-18,"experimental,prompts,resources,tasks,tools",,,,False,,,,,mcp_registry,
inferventis.ai,https://inferventis.ai/mcp,A_verified_mcp,none_public,False,200,mcp-server-platform,1.0.0,2025-06-18,tools,,,,False,,,,,smithery_awesome,
inflation-signal.airblock2026.workers.dev,https://inflation-signal.airblock2026.workers.dev/mcp,A_verified_mcp,none_public,False,200,inflation-signal,0.1.0,2024-11-05,tools,,,,False,,,,,mcp_registry,
inktdlomgdqrsqaalpey.supabase.co,https://inktdlomgdqrsqaalpey.supabase.co/functions/v1/mcp,A_verified_mcp,none_public,False,200,advertising-protocols-mcp,0.1.0,2025-06-18,tools,,,,False,,,,,mcp_registry,
integritypulse.marywomack.workers.dev,https://integritypulse.marywomack.workers.dev/mcp,A_verified_mcp,none_public,False,200,integritypulse,1.1.0,2025-06-18,"prompts,resources,tools",,,,False,,,,,mcp_registry,
ipnex.onrender.com,https://ipnex.onrender.com/mcp,A_verified_mcp,none_public,False,200,ipnex,0.2.0,2024-11-05,tools,,,,False,,,,,mcp_registry,
is-real-biz.is-real-biz.workers.dev,https://is-real-biz.is-real-biz.workers.dev/mcp,A_verified_mcp,none_public,False,200,is-real-biz,0.1.0,2024-11-05,tools,,,,False,,,,,mcp_registry,
ivnmscuuljqubunqcgkh.supabase.co,https://ivnmscuuljqubunqcgkh.supabase.co/functions/v1/mcp-server/mcp,A_verified_mcp,none_public,False,200,insurelink-mcp,1.0.0,2025-06-18,tools,,,,False,,,,,mcp_registry,
jmspfggpztykyubyzvlx.supabase.co,https://jmspfggpztykyubyzvlx.supabase.co/functions/v1/laen-mcp,A_verified_mcp,none_public,False,200,laen,1.0.0,2025-06-18,tools,,,,False,,,,,mcp_registry,
jobdonebot.com,https://jobdonebot.com/api/mcp,A_verified_mcp,none_public,False,200,JobDoneBot,1.0.0,2025-06-18,tools,,,,False,,,,,mcp_registry,
jobs.workable.com,https://jobs.workable.com/mcp,A_verified_mcp,none_public,False,200,workable-jobs,1.695.0,2025-06-18,tools,,,,False,,,,,mcp_registry,
jobstack-mcp.vercel.app,https://jobstack-mcp.vercel.app/mcp,A_verified_mcp,none_public,False,200,jobstack,1.0.0,2025-06-18,tools,,,,False,,,,,mcp_registry,
joomil-mcp.snowy-surf-deec.workers.dev,https://joomil-mcp.snowy-surf-deec.workers.dev/sse,A_verified_mcp,unknown,False,405,,,,,,,,False,,,,,mcp_registry,
jooq-mcp.martinelli.ch,https://jooq-mcp.martinelli.ch/mcp,A_verified_mcp,none_public,False,200,jooq-documentation-mcp,@project.version@,2025-06-18,"completions,logging,prompts,resources,tools",,,,False,,,,,mcp_registry,
joy-connect.fly.dev,https://joy-connect.fly.dev/mcp,A_verified_mcp,none_public,False,200,joy,2.43.0,2025-06-18,tools,,,,False,,,,,mcp_registry,
jp-data-api-production.up.railway.app,https://jp-data-api-production.up.railway.app/mcp,A_verified_mcp,none_public,False,200,jp-data-api,1.0.0,2025-06-18,tools,,,,False,,,,,mcp_registry,
jsonaut.jsonaut-shaurya.workers.dev,https://jsonaut.jsonaut-shaurya.workers.dev/mcp,A_verified_mcp,none_public,False,200,jsonaut,0.1.0,2025-06-18,tools,,,,False,,,,,mcp_registry,
jsonshelf.vercel.app,https://jsonshelf.vercel.app/mcp,A_verified_mcp,none_public,False,200,jsonshelf,1.0.0,2024-11-05,tools,,,,False,,,,,mcp_registry,
juicy-designs-quote.black-voice-76e6.workers.dev,https://juicy-designs-quote.black-voice-76e6.workers.dev/mcp,A_verified_mcp,none_public,False,200,juicy-designs-quote,1.1.0,2025-06-18,tools,,,,False,,,,,mcp_registry,
juno-health-tools.vercel.app,https://juno-health-tools.vercel.app/api/mcp,A_verified_mcp,none_public,False,200,Juno Health Tools,1.1.0,2025-06-18,"resources,tools",,,,False,,,,,mcp_registry,
jusho-mcp.easakura.workers.dev,https://jusho-mcp.easakura.workers.dev/mcp,A_verified_mcp,none_public,False,200,jusho-mcp,0.1.0,2025-06-18,tools,,,,False,,,,,mcp_registry,
kaka-mcp-server-production.up.railway.app,https://kaka-mcp-server-production.up.railway.app/mcp,A_verified_mcp,none_public,False,200,kaka-mcp-server,1.0.0,2025-06-18,tools,,,,False,,,,,mcp_registry,
kansei-link-mcp-production-b054.up.railway.app,https://kansei-link-mcp-production-b054.up.railway.app/mcp,A_verified_mcp,none_public,False,200,kansei-link,1.0.0,2025-06-18,"completions,prompts,resources,tools",,,,False,,,,,mcp_registry,
kapoost-humanmcp.fly.dev,https://kapoost-humanmcp.fly.dev/mcp,A_verified_mcp,none_public,False,200,humanMCP — kapoost,0.2.0-dev,2024-11-05,tools,,,,False,,,,,mcp_registry,
kcaldata.onrender.com,https://kcaldata.onrender.com/mcp-server/mcp,A_verified_mcp,none_public,False,200,kcaldata,3.4.4,2025-06-18,"experimental,extensions,logging,prompts,resources,tools",,,,False,,,,,mcp_registry,
kdata-gate.vercel.app,https://kdata-gate.vercel.app/mcp,A_verified_mcp,none_public,False,200,kdata-gate,0.1.0,2025-06-18,tools,,,,False,,,,,mcp_registry,
keyboardia.dev,https://keyboardia.dev/mcp,A_verified_mcp,none_public,False,200,keyboardia,1.1.0,2025-06-18,tools,,,,False,,,,,mcp_registry,
keycloak-mcp.test.happi.hafslund.no,https://keycloak-mcp.test.happi.hafslund.no/mcp,A_verified_mcp,none_public,False,200,keycloak-expert,1.26.0,2025-06-18,"experimental,prompts,resources,tools",,,,False,,,,,mcp_registry,
kfdadgtwmcmgehstagbe.supabase.co,https://kfdadgtwmcmgehstagbe.supabase.co/functions/v1/mcp-server,A_verified_mcp,auth_required_scheme_unknown,False,401,,,,,,,,False,,,,,mcp_registry,
kokkai-mcp.easakura.workers.dev,https://kokkai-mcp.easakura.workers.dev/mcp,A_verified_mcp,none_public,False,200,kokkai-mcp,0.1.0,2025-06-18,tools,,,,False,,,,,mcp_registry,
konstruct-api.aerynw.workers.dev,https://konstruct-api.aerynw.workers.dev/mcp,A_verified_mcp,auth_required_scheme_unknown,False,401,,,,,,,,False,,,,,mcp_registry,
konstruct.aerware.ai,https://konstruct.aerware.ai/mcp,A_verified_mcp,auth_required_scheme_unknown,False,401,,,,,,,,False,,,,,mcp_registry,
korean-agriculture-mcp.onrender.com,https://korean-agriculture-mcp.onrender.com/mcp,A_verified_mcp,none_public,False,200,Korean Agriculture Market,1.26.0,2025-06-18,"experimental,prompts,resources,tools",,,,False,,,,,mcp_registry,
korean-news-mcp.onrender.com,https://korean-news-mcp.onrender.com/mcp,A_verified_mcp,none_public,False,200,korean-news-hub,1.26.0,2025-06-18,"experimental,prompts,resources,tools",,,,False,,,,,mcp_registry,
korean-public-data-mcp.onrender.com,https://korean-public-data-mcp.onrender.com/mcp,A_verified_mcp,none_public,False,200,Korean Public Data,1.26.0,2025-06-18,"experimental,prompts,resources,tools",,,,False,,,,,mcp_registry,
korean-stock-mcp.onrender.com,https://korean-stock-mcp.onrender.com/mcp,A_verified_mcp,none_public,False,200,Korean Stock Market,1.26.0,2025-06-18,"experimental,prompts,resources,tools",,,,False,,,,,mcp_registry,
krmfxedkxoyzkeqnijcd.supabase.co,https://krmfxedkxoyzkeqnijcd.supabase.co/functions/v1/mcp,A_verified_mcp,none_public,False,200,servicewindow-mcp,1.0.0,2024-11-05,tools,,,,False,,,,,mcp_registry,
kubik-mcp.m-kubriak.workers.dev,https://kubik-mcp.m-kubriak.workers.dev/mcp,A_verified_mcp,none_public,False,200,kubik-tools,1.0.0,2025-06-18,tools,,,,False,,,,,mcp_registry,
labelhead-mcp-public-production.up.railway.app,https://labelhead-mcp-public-production.up.railway.app/mcp,A_verified_mcp,none_public,False,200,labelhead-artist-momentum,0.1.0,2025-06-18,tools,,,,False,,,,,mcp_registry,
latchshot.fly.dev,https://latchshot.fly.dev/mcp,A_verified_mcp,bearer_token,False,401,,,,,,,,False,,,,Bearer,mcp_registry,
lawmadi-os-v60-938146962157.asia-northeast3.run.app,https://lawmadi-os-v60-938146962157.asia-northeast3.run.app/mcp,A_verified_mcp,none_public,False,200,Lawmadi OS,v60.0.0,2024-11-05,tools,,,,False,,,,,mcp_registry,
lead-enrichment-mcp.agent-infra.workers.dev,https://lead-enrichment-mcp.agent-infra.workers.dev/mcp,A_verified_mcp,none_public,False,200,lead-enrichment-mcp,1.0.0,2025-03-26,tools,,,,False,,,,,mcp_registry,
lead-stampede-mcp-server-production.up.railway.app,https://lead-stampede-mcp-server-production.up.railway.app/mcp,A_verified_mcp,none_public,False,200,lead-stampede,0.3.0,2025-06-18,tools,,,,False,,,,,mcp_registry,
legal_mcp.mcpize.run,https://legal_mcp.mcpize.run/mcp,A_verified_mcp,unknown,False,500,,,,,,,,False,,,,,mcp_registry,
lex-oracle.artificerworkshop.sk,https://lex-oracle.artificerworkshop.sk/mcp,A_verified_mcp,none_public,False,200,lex-oracle,0.5.0,2025-06-18,tools,,,,False,,,,,smithery_awesome,
librarymcp.vercel.app,https://librarymcp.vercel.app/api/mcp,A_verified_mcp,none_public,False,200,Library,1.0.0,2025-06-18,tools,,,,False,,,,,mcp_registry,
linkpulse-neon.vercel.app,https://linkpulse-neon.vercel.app/mcp,A_verified_mcp,none_public,False,200,linkpulse,1.0.0,2024-11-05,tools,,,,False,,,,,mcp_registry,
lion-x402.lionmaster-operations.workers.dev,https://lion-x402.lionmaster-operations.workers.dev/api/mcp,A_verified_mcp,none_public,False,200,lion-x402,bible-cdp-1,2024-11-05,tools,,,,False,,,,,mcp_registry,
local-model-suitability-mcp-production.up.railway.app,https://local-model-suitability-mcp-production.up.railway.app,A_verified_mcp,none_public,False,200,local-model-suitability-mcp,1.1.30,2024-11-05,"prompts,resources,tools",,,,False,,,,,mcp_registry,
lodgedeck.vercel.app,https://lodgedeck.vercel.app/api/mcp,A_verified_mcp,none_public,False,200,lodgedeck,1.0.0,2024-11-05,tools,,,,False,,,,,mcp_registry,
lotus-wisdom-mcp.linxule.workers.dev,https://lotus-wisdom-mcp.linxule.workers.dev/mcp,A_verified_mcp,none_public,False,200,lotus-wisdom,0.8.0,2025-06-18,"extensions,prompts,resources,tools",,,,False,,,,,mcp_registry,
lrqkraglvppygtmwwsie.supabase.co,https://lrqkraglvppygtmwwsie.supabase.co/functions/v1/mcp,A_verified_mcp,none_public,False,200,zandomeni-mcp,0.1.0,2025-06-18,tools,,,,False,,,,,mcp_registry,
lsoatzzwpltpydwyfqqv.supabase.co,https://lsoatzzwpltpydwyfqqv.supabase.co/functions/v1/vigo-mcp,A_verified_mcp,none_public,False,200,orphicone-vigo,3.1.0,2024-11-05,tools,,,,False,,,,,mcp_registry,
luogu-mcp-server.lantangtang54.workers.dev,https://luogu-mcp-server.lantangtang54.workers.dev/mcp,A_verified_mcp,none_public,False,200,luogu-mcp-server,0.2.1,2025-06-18,tools,,,,False,,,,,mcp_registry,
mailerlite.usefulapi.io,https://mailerlite.usefulapi.io/mcp,A_verified_mcp,none_public,False,200,mailerlite-mcp,1.0.1,2025-06-18,tools,,,,False,,,,,mcp_registry,
mansaapi.com,https://mansaapi.com/api/mcp,A_verified_mcp,none_public,False,200,mansa-african-identity,1.0.0,2025-06-18,tools,,,,False,,,,,mcp_registry,
manseryeok-mcp.mj-mcp-tools.workers.dev,https://manseryeok-mcp.mj-mcp-tools.workers.dev/mcp,A_verified_mcp,none_public,False,200,Korean Saju Calculator,1.0.0,2025-06-18,tools,,,,False,,,,,mcp_registry,
mcp-automations.fly.dev,https://mcp-automations.fly.dev/mcp,A_verified_mcp,none_public,False,200,mcp-automations,1.27.1,2025-06-18,"experimental,prompts,resources,tools",,,,False,,,,,mcp_registry,
mcp-bizintel-production.up.railway.app,https://mcp-bizintel-production.up.railway.app/mcp,A_verified_mcp,none_public,False,200,bizintel-mcp,2.14.7,2025-06-18,"experimental,prompts,resources,tasks,tools",,,,False,,,,,mcp_registry,
mcp-catalog.soullight.workers.dev,https://mcp-catalog.soullight.workers.dev/mcp,A_verified_mcp,none_public,False,200,tantra-authority-catalog-remote,1.0.0,2025-06-18,tools,,,,False,,,,,mcp_registry,
mcp-javabin-archieve.fly.dev,https://mcp-javabin-archieve.fly.dev/mcp,A_verified_mcp,none_public,False,200,kcp-agent,0.13.0,2025-06-18,tools,,,,False,,,,,mcp_registry,
mcp-judge.onrender.com,https://mcp-judge.onrender.com/mcp,A_verified_mcp,none_public,False,200,MCP Judge,0.2.0,2025-06-18,tools,,,,False,,,,,mcp_registry,
mcp-music-studio.linxule.workers.dev,https://mcp-music-studio.linxule.workers.dev/mcp,A_verified_mcp,none_public,False,200,Music Studio,0.4.2,2025-06-18,"extensions,prompts,resources,tools",,,,False,,,,,mcp_registry,
mcp-server-nani-v3-20.up.railway.app,https://mcp-server-nani-v3-20.up.railway.app/mcp,A_verified_mcp,none_public,False,200,aloha-fyi-hawaii,1.0.0,2025-06-18,"logging,tools",,,,False,,,,,mcp_registry,
mcp-service-public.nhaultcoeur.workers.dev,https://mcp-service-public.nhaultcoeur.workers.dev/mcp,A_verified_mcp,none_public,False,200,service-public,1.14.8,2025-03-26,"prompts,tools",,,,False,,,,,mcp_registry,
mcp-uptime.theopslog.workers.dev,https://mcp-uptime.theopslog.workers.dev/mcp,A_verified_mcp,none_public,False,200,mcp-uptime,0.1.0,2025-06-18,tools,,,,False,,,,,mcp_registry,
mcp.aeoess.com,https://mcp.aeoess.com/mcp,A_verified_mcp,none_public,False,200,agent-passport-mcp,3.3.0,2025-06-18,"prompts,tools",,,,False,,,,,mcp_registry,
mcp.aibvf.com,https://mcp.aibvf.com/api/mcp,A_verified_mcp,none_public,False,200,io.github.Craig-Horton/aibvf-mcp,0.14.0,2025-06-18,tools,,,,False,,,,,mcp_registry,
mcp.aikstockdata.com,https://mcp.aikstockdata.com/mcp,A_verified_mcp,none_public,False,200,aikstockdata-mcp,2.0.0,2025-06-18,tools,,,,False,,,,,mcp_registry,
mcp.api.stairwell.com,https://mcp.api.stairwell.com/mcp,A_verified_mcp,none_public,False,200,Stairwell Object Metadata,1.0.0,2025-06-18,"prompts,resources,tools",,,,False,,,,,umbrella_majestic_apex,
mcp.bormeapi.com,https://mcp.bormeapi.com/mcp,A_verified_mcp,none_public,False,200,borme,1.29.0,2025-06-18,"experimental,prompts,resources,tools",,,,False,,,,,awesome_lists,
mcp.byteask.ai,https://mcp.byteask.ai/mcp,A_verified_mcp,none_public,False,200,code-search-mcp,1.28.0,2025-06-18,"experimental,prompts,resources,tools",,,,False,,,,,mcp_registry,
mcp.canalnav.com,https://mcp.canalnav.com/mcp,A_verified_mcp,none_public,False,200,canal-nav,1.0.0,2025-06-18,tools,,,,False,,,,,mcp_registry,
mcp.cars.co.za,https://mcp.cars.co.za/mcp,A_verified_mcp,none_public,False,200,cars-co-za-carla,0.2.0,2025-06-18,"extensions,resources,tools",,,,False,,,,,umbrella_majestic_apex,
mcp.cars24.com,https://mcp.cars24.com/,A_verified_mcp,none_public,False,200,mother-mcp-MCPCars24,3.0.0,2025-06-18,"prompts,resources,tools",,,,False,,,,,umbrella_majestic_apex,
mcp.churnzero.net,https://mcp.churnzero.net/,A_verified_mcp,none_public,False,200,ChurnZeroMCP,1.0.0.0,2025-06-18,"logging,tools",,,,False,,,,,umbrella_majestic_apex,
mcp.claude-world.com,https://mcp.claude-world.com/mcp,A_verified_mcp,none_public,False,200,worlds-knowledge-mcp-server,0.3.0,2025-06-18,"prompts,resources,tools",,,,False,,,,,mcp_registry,
mcp.cspr.trade,https://mcp.cspr.trade/mcp,A_verified_mcp,none_public,False,200,cspr-trade,0.7.0,2025-06-18,tools,,,,False,,,,,awesome_lists,
mcp.dataplex-consulting.com,https://mcp.dataplex-consulting.com/mcp,A_verified_mcp,none_public,False,200,dataplex-healthcare-data,1.0.0,2025-06-18,tools,,,,False,,,,,mcp_registry,
mcp.deeprecall.io,https://mcp.deeprecall.io/mcp,A_verified_mcp,none_public,False,200,deeprecall,1.26.0,2025-06-18,"experimental,prompts,resources,tools",,,,False,,,,,mcp_registry,
mcp.eucompliance.tools,https://mcp.eucompliance.tools/mcp,A_verified_mcp,none_public,False,200,eu-finance-tools,,2025-06-18,"experimental,prompts,resources,tools",,,,False,,,,,mcp_registry,
mcp.fin-discovery.com,https://mcp.fin-discovery.com/mcp,A_verified_mcp,none_public,False,200,finToolsServer,1.26.0,2025-06-18,"experimental,prompts,resources,tools",,,,False,,,,,mcp_registry,
mcp.geomelon.dev,https://mcp.geomelon.dev/mcp,A_verified_mcp,none_public,False,200,geomelon,1.1.1,2025-06-18,tools,,,,False,,,,,awesome_lists,
mcp.grammaropolis.com,https://mcp.grammaropolis.com/api/mcp,A_verified_mcp,none_public,False,200,grammaropolis,1.0.0,2025-06-18,tools,,,,False,,,,,umbrella_majestic_apex,
mcp.hosco.com,https://mcp.hosco.com/mcp/public,A_verified_mcp,none_public,False,200,Hosco Hospitality Jobs,1.0.0,2025-06-18,"prompts,resources,tools",,,,False,,,,,mcp_registry,
mcp.ipce.broadcom.com,https://mcp.ipce.broadcom.com/mcp,A_verified_mcp,none_public,False,200,broadcom-global-mcp-server,1.0.0,2025-06-18,tools,,,,False,,,,,umbrella_majestic_apex,
mcp.ipinfo.io,https://mcp.ipinfo.io/,A_verified_mcp,none_public,False,200,ipinfo,3.1.1,2025-06-18,"experimental,extensions,prompts,resources,tools",,,,False,,,,,umbrella_majestic_apex,
mcp.jobdatalake.com,https://mcp.jobdatalake.com/mcp,A_verified_mcp,none_public,False,200,jobdatalake,1.0.0,2025-06-18,tools,,,,False,,,,,umbrella_majestic_apex,
mcp.kidsstay.workers.dev,https://mcp.kidsstay.workers.dev/mcp,A_verified_mcp,none_public,False,200,kids-stay,1.1.0,2025-06-18,tools,,,,False,,,,,mcp_registry,
mcp.lemma.workers.dev,https://mcp.lemma.workers.dev/mcp,A_verified_mcp,none_public,False,200,@lemmaoracle/mcp,0.0.23,2025-06-18,tools,,,,False,,,,,mcp_registry,
mcp.link.com,https://mcp.link.com/,A_verified_mcp,none_public,False,200,link-mcp-srv,1.0.0,2025-03-26,"prompts,resources,tools",,,,False,,,,,umbrella_majestic_apex,
mcp.livetex.ru,https://mcp.livetex.ru/,A_verified_mcp,none_public,False,200,livetex-mcp,1,2025-06-18,"logging,tools",,,,False,,,,,umbrella_majestic_apex,
mcp.lowtoxgear.com,https://mcp.lowtoxgear.com/mcp,A_verified_mcp,none_public,False,200,com.lowtoxgear/storefront,1.0.0,2025-06-18,tools,,,,False,,,,,mcp_registry,
mcp.map.qq.com,https://mcp.map.qq.com/mcp,A_verified_mcp,none_public,False,200,TencentMapMCPWebService,1.2.0,2025-06-18,"prompts,tasks,tools",,,,False,,,,,umbrella_majestic_apex,
mcp.meritvalue.com,https://mcp.meritvalue.com/mcp,A_verified_mcp,none_public,False,200,meritvalue,2.0.0,2025-06-18,tools,,,,False,,,,,mcp_registry,
mcp.musette.cc,https://mcp.musette.cc,A_verified_mcp,none_public,False,200,musette-de-soigneur,1.0.0,2025-06-18,tools,,,,False,,,,,mcp_registry,
mcp.myshipi.com,https://mcp.myshipi.com/api/mcp,A_verified_mcp,none_public,False,200,mcp-typescript server on vercel,0.1.0,2025-06-18,tools,,,,False,,,,,awesome_lists,
mcp.nanocart.io,https://mcp.nanocart.io/mcp,A_verified_mcp,auth_required_scheme_unknown,False,401,,,,,,,,False,,,,,mcp_registry,
mcp.pointr.cloud,https://mcp.pointr.cloud/,A_verified_mcp,none_public,False,200,Pointr Cloud MCP Server,3.0.2,2025-06-18,"experimental,extensions,prompts,resources,tools",,,,False,,,,,umbrella_majestic_apex,
mcp.revnuvo.site,https://mcp.revnuvo.site/mcp,A_verified_mcp,none_public,False,200,Revnuvo MCP,1.5.0,2025-03-26,tools,,,,False,,,,,awesome_lists,
mcp.rosesonly.com.au,https://mcp.rosesonly.com.au/,A_verified_mcp,none_public,False,200,FlowersCorpMcp,1.0.0.0,2025-06-18,"logging,tools",,,,False,,,,,umbrella_majestic_apex,
mcp.run402.com,https://mcp.run402.com/mcp,A_verified_mcp,none_public,False,200,run402-remote,0.1.0,2025-06-18,tools,,,,False,,,,,mcp_registry,
mcp.sheetbest.com,https://mcp.sheetbest.com,A_verified_mcp,unknown,False,200,,,,,,,,False,,,,,mcp_registry,
mcp.socialdatax.com,https://mcp.socialdatax.com/kuaishou/mcp,A_verified_mcp,none_public,False,200,kuaishou_mcp,3.0.0,2025-06-18,"experimental,extensions,prompts,resources,tools",,,,False,,,,,mcp_registry,
mcp.songstoyoureyes.com,https://mcp.songstoyoureyes.com/mcp,A_verified_mcp,none_public,False,200,stye_catalog,0.3.0,2025-06-18,"experimental,prompts,resources,tools",,,,False,,,,,mcp_registry,
mcp.sparklingtracks.com,https://mcp.sparklingtracks.com/mcp,A_verified_mcp,none_public,False,200,sparkling-tracks,1.0.0,2025-06-18,tools,,,,False,,,,,mcp_registry,
mcp.verificate.ai,https://mcp.verificate.ai/mcp,A_verified_mcp,none_public,False,200,verificate-mcp-http,0.7.1,2024-11-05,"logging,prompts,resources,tools",,,,False,,,,,mcp_registry,
mcp.workers-rights.com,https://mcp.workers-rights.com,A_verified_mcp,none_public,False,200,workers-rights,0.1.0,2025-06-18,tools,,,,False,,,,,mcp_registry,
mcplint-web.vercel.app,https://mcplint-web.vercel.app/api/mcp,A_verified_mcp,none_public,False,200,mcplint,0.1.13,2025-06-18,tools,,,,False,,,,,mcp_registry,
mcpregistrysearchwilfredleejr.vercel.app,https://mcpregistrysearchwilfredleejr.vercel.app/api/mcp,A_verified_mcp,none_public,False,200,mcp-registry-search,1.0.0,2025-06-18,tools,,,,False,,,,,mcp_registry,
mcpv.compoid.com,https://mcpv.compoid.com/mcp,A_verified_mcp,none_public,False,200,compoid-mcp,1.25.0,2025-06-18,"experimental,prompts,resources,tools",,,,False,,,,,mcp_registry,
medical-terminologies-mcp.sidneybissoli.workers.dev,https://medical-terminologies-mcp.sidneybissoli.workers.dev/mcp,A_verified_mcp,none_public,False,200,medical-terminologies-mcp,1.5.7,2025-06-18,"prompts,resources,tools",,,,False,,,,,mcp_registry,
meetwhen.perch-app.workers.dev,https://meetwhen.perch-app.workers.dev/mcp,A_verified_mcp,none_public,False,200,meetwhen,1.0.0,2025-06-18,tools,,,,False,,,,,mcp_registry,
menteorama-fiscal-mcp.menteorama.workers.dev,https://menteorama-fiscal-mcp.menteorama.workers.dev/mcp,A_verified_mcp,none_public,False,200,menteorama-fiscal,0.4.0,2025-06-18,"resources,tools",,,,False,,,,,mcp_registry,
mesquared-mcp-server.vercel.app,https://mesquared-mcp-server.vercel.app/mcp,A_verified_mcp,none_public,False,200,mesquared-visibility-mcp,0.2.4,2025-06-18,"logging,prompts,resources,tools",,,,False,,,,,mcp_registry,
met-museum-mcp.mcpize.run,https://met-museum-mcp.mcpize.run/mcp,A_verified_mcp,unknown,False,500,,,,,,,,False,,,,,mcp_registry,
metastampv3-production.up.railway.app,https://metastampv3-production.up.railway.app/mcp,A_verified_mcp,none_public,False,200,meta-stamp-pockets,1.0.0,2024-11-05,tools,,,,False,,,,,mcp_registry,
micropay-test-suite.netlify.app,https://micropay-test-suite.netlify.app/api/mcp,A_verified_mcp,none_public,False,200,micropay-test-suite,0.1.0,2025-06-18,tools,,,,False,,,,,mcp_registry,
mifactory-email.vercel.app,https://mifactory-email.vercel.app/mcp,A_verified_mcp,none_public,False,200,mifactory-email,1.0.0,2024-11-05,tools,,,,False,,,,,mcp_registry,
mifactory-payments.vercel.app,https://mifactory-payments.vercel.app/mcp,A_verified_mcp,none_public,False,200,mifactory-payments,1.0.0,2024-11-05,tools,,,,False,,,,,mcp_registry,
mifactory-pdf.vercel.app,https://mifactory-pdf.vercel.app/mcp,A_verified_mcp,none_public,False,200,mifactory-pdf,1.0.0,2024-11-05,tools,,,,False,,,,,mcp_registry,
mindee.usefulapi.io,https://mindee.usefulapi.io/mcp,A_verified_mcp,none_public,False,200,mindee-mcp,1.0.1,2025-06-18,tools,,,,False,,,,,mcp_registry,
missive.usefulapi.io,https://missive.usefulapi.io/mcp,A_verified_mcp,none_public,False,200,missive-mcp,1.0.0,2025-06-18,tools,,,,False,,,,,mcp_registry,
mmvdabzadclebfxyzudg.supabase.co,https://mmvdabzadclebfxyzudg.supabase.co/functions/v1/forge-mcp,A_verified_mcp,none_public,False,200,forge,0.1.0,2025-06-18,tools,,,,False,,,,,mcp_registry,
mockbird.mockbird.workers.dev,https://mockbird.mockbird.workers.dev/mcp,A_verified_mcp,none_public,False,200,mockbird,1.0.0,2025-06-18,tools,,,,False,,,,,mcp_registry,
moltpe.com,https://moltpe.com/mcp,A_verified_mcp,none_public,False,200,moltpe-mcp-server,1.0.0,2025-06-18,tools,,,,False,,,,,smithery_awesome,
monthsleft.netlify.app,https://monthsleft.netlify.app/.netlify/functions/mcp,A_verified_mcp,none_public,False,200,monthsleft-cfo-tools,1.0.0,2025-03-26,tools,,,,False,,,,,mcp_registry,
morpheus-node-807471100455.us-east4.run.app,https://morpheus-node-807471100455.us-east4.run.app/mcp,A_verified_mcp,none_public,False,200,leap-morpheus-dreamgate,0.1.0,2025-06-18,tools,,,,False,,,,,smithery_awesome,
motherwise-api.onrender.com,https://motherwise-api.onrender.com/mcp,A_verified_mcp,none_public,False,200,MotherWise,2.0.0,2025-06-18,tools,,,,False,,,,,mcp_registry,
muffed.ai,https://muffed.ai/api/mcp,A_verified_mcp,none_public,False,200,muffed,1.0.0,2025-06-18,tools,,,,False,,,,,mcp_registry,
muni-mcp.srivastsh.workers.dev,https://muni-mcp.srivastsh.workers.dev/mcp,A_verified_mcp,none_public,False,200,muni-mcp-server,1.1.0,2025-06-18,tools,,,,False,,,,,mcp_registry,
my-tv-channel.com,https://my-tv-channel.com/api/mytvchannel/mcp,A_verified_mcp,none_public,False,200,my-tv-channel,1.0.0,2025-06-18,tools,,,,False,,,,,mcp_registry,
myrsu-mcp.vidhidev.workers.dev,https://myrsu-mcp.vidhidev.workers.dev/mcp,A_verified_mcp,none_public,False,200,myrsu-mcp,0.4.0,2025-06-18,tools,,,,False,,,,,mcp_registry,
mythaitaxes-mcp.hannwill999.workers.dev,https://mythaitaxes-mcp.hannwill999.workers.dev/mcp,A_verified_mcp,none_public,False,200,mythaitaxes-mcp,1.0.0,2025-06-18,tools,,,,False,,,,,mcp_registry,
name-demographics-mcp.mcpize.run,https://name-demographics-mcp.mcpize.run/mcp,A_verified_mcp,unknown,False,500,,,,,,,,False,,,,,mcp_registry,
navisworks-mcp.itmartin24.workers.dev,https://navisworks-mcp.itmartin24.workers.dev/mcp,A_verified_mcp,none_public,False,200,navisworks-mcp,1.1.0,2024-11-05,tools,,,,False,,,,,mcp_registry,
nda-mcp-production.up.railway.app,https://nda-mcp-production.up.railway.app/mcp,A_verified_mcp,none_public,False,200,ndasentry,1.27.1,2025-06-18,"experimental,prompts,resources,tools",,,,False,,,,,mcp_registry,
nexaaly.com,https://nexaaly.com/mcp,A_verified_mcp,none_public,False,200,nexaaly-a11y,1.2.0,2025-06-18,tools,,,,False,,,,,mcp_registry,
nexgendata-mcp-proxy.steve-corbeil.workers.dev,https://nexgendata-mcp-proxy.steve-corbeil.workers.dev/finance-mcp-server/mcp,A_verified_mcp,none_public,False,200,Finance & Market Data MCP Server,1.0.0,2024-11-05,"prompts,resources,tools",,,,False,,,,,mcp_registry,
nexus-agent-xa12.onrender.com,https://nexus-agent-xa12.onrender.com/mcp,A_verified_mcp,none_public,False,200,NEXUS Agent Services,1.1,2025-03-26,tools,,,,False,,,,,smithery_awesome,
nist-nvd.caseyjhand.com,https://nist-nvd.caseyjhand.com/mcp,A_verified_mcp,none_public,False,200,nist-nvd-mcp-server,0.2.0,2025-06-18,"logging,prompts,resources,tools",,,,False,,,,,awesome_lists,
nlp-mcp.thankfulfield-a7857897.eastus.azurecontainerapps.io,https://nlp-mcp.thankfulfield-a7857897.eastus.azurecontainerapps.io/mcp,A_verified_mcp,none_public,False,200,brainiall-nlp,2.14.5,2025-06-18,"experimental,prompts,resources,tasks,tools",,,,False,,,,,mcp_registry,
no-shell-agent-architect-mcp.vercel.app,https://no-shell-agent-architect-mcp.vercel.app/api/mcp,A_verified_mcp,none_public,False,200,no-shell-agent-architect-mcp,0.1.2,2025-06-18,tools,,,,False,,,,,mcp_registry,
nodeproxy-production.up.railway.app,https://nodeproxy-production.up.railway.app/mcp,A_verified_mcp,none_public,False,200,nodeproxy,1.1.0,2025-06-18,tools,,,,False,,,,,mcp_registry,
nordic-data-mcp-production.up.railway.app,https://nordic-data-mcp-production.up.railway.app/mcp/auth,A_verified_mcp,none_public,False,200,nordic-data-mcp,1.5.3,2025-06-18,"prompts,resources,tools",,,,False,,,,,mcp_registry,
note-mcp.vercel.app,https://note-mcp.vercel.app/mcp,A_verified_mcp,auth_required_scheme_unknown,False,401,,,,,,,,False,,,,,mcp_registry,
npm-package-info-mcp.mcpize.run,https://npm-package-info-mcp.mcpize.run/mcp,A_verified_mcp,unknown,False,500,,,,,,,,False,,,,,mcp_registry,
npm-package-ws-has-241560546-w-production.up.railway.app,https://npm-package-ws-has-241560546-w-production.up.railway.app/mcp,A_verified_mcp,none_public,False,200,nexus-npm-package-ws-has-241560546-weekly-down,1.28.1,2025-06-18,"experimental,prompts,resources,tools",,,,False,,,,,mcp_registry,
numeral.usefulapi.io,https://numeral.usefulapi.io/mcp,A_verified_mcp,none_public,False,200,numeral-mcp,1.0.0,2025-06-18,tools,,,,False,,,,,mcp_registry,
numerology-api.kunstudio.workers.dev,https://numerology-api.kunstudio.workers.dev/mcp,A_verified_mcp,none_public,False,200,numerology-api,1.0.0,2025-06-18,tools,,,,False,,,,,mcp_registry,
nylas.usefulapi.io,https://nylas.usefulapi.io/mcp,A_verified_mcp,none_public,False,200,nylas-mcp,1.0.1,2025-06-18,tools,,,,False,,,,,mcp_registry,
ohio-business-storefront.onrender.com,https://ohio-business-storefront.onrender.com/mcp,A_verified_mcp,none_public,False,200,ohio-business,1.0.0,2025-06-18,tools,,,,False,,,,,mcp_registry,
omnarai.vercel.app,https://omnarai.vercel.app/api/mcp,A_verified_mcp,none_public,False,200,omnarai,1.0.0,2025-06-18,tools,,,,False,,,,,mcp_registry,
omniology-engine.fly.dev,https://omniology-engine.fly.dev/mcp,A_verified_mcp,none_public,False,200,omniology,1.0.0,2025-06-18,tools,,,,False,,,,,mcp_registry,
onlyharness.com,https://onlyharness.com/mcp,A_verified_mcp,none_public,False,200,superskill,0.3.1,2025-06-18,tools,,,,False,,,,,mcp_registry,
openclaw-finops.marywomack.workers.dev,https://openclaw-finops.marywomack.workers.dev/mcp,A_verified_mcp,auth_required_scheme_unknown,False,401,,,,,,,,False,,,,,mcp_registry,
openclaw-intel-mcp.yagami8095.workers.dev,https://openclaw-intel-mcp.yagami8095.workers.dev/mcp,A_verified_mcp,none_public,False,200,openclaw-intel,3.0.0,2025-03-26,tools,,,,False,,,,,mcp_registry,
openunfurl.vercel.app,https://openunfurl.vercel.app/api/mcp,A_verified_mcp,none_public,False,200,openunfurl,0.1.0,2025-06-18,tools,,,,False,,,,,mcp_registry,
openworkdays.vercel.app,https://openworkdays.vercel.app/api/mcp,A_verified_mcp,none_public,False,200,openworkdays,0.1.0,2025-06-18,tools,,,,False,,,,,mcp_registry,
operant-mcp.saagar210.workers.dev,https://operant-mcp.saagar210.workers.dev/mcp,A_verified_mcp,none_public,False,200,operant-mcp,0.1.1,2025-06-18,"prompts,resources,tools",,,,False,,,,,mcp_registry,
oracles-production.up.railway.app,https://oracles-production.up.railway.app/mcp,A_verified_mcp,none_public,False,200,signal-oracle,0.1.0,2025-06-18,tools,,,,False,,,,,mcp_registry,
orb.usefulapi.io,https://orb.usefulapi.io/mcp,A_verified_mcp,none_public,False,200,orb-mcp,1.0.1,2025-06-18,tools,,,,False,,,,,mcp_registry,
os-automation-mcp.mcpize.run,https://os-automation-mcp.mcpize.run/mcp,A_verified_mcp,unknown,False,500,,,,,,,,False,,,,,mcp_registry,
packagesmcp-perception-production.up.railway.app,https://packagesmcp-perception-production.up.railway.app/mcp,A_verified_mcp,none_public,False,200,geiant-perception,0.3.0,2025-06-18,"resources,tools",,,,False,,,,,mcp_registry,
painel.concorde-painel.workers.dev,https://painel.concorde-painel.workers.dev/mcp,A_verified_mcp,none_public,False,200,painel-sintetico-concorde,1.0.0,2025-06-18,tools,,,,False,,,,,mcp_registry,
parabol.usefulapi.io,https://parabol.usefulapi.io/mcp,A_verified_mcp,none_public,False,200,parabol-mcp,1.0.1,2025-06-18,tools,,,,False,,,,,mcp_registry,
patchistry-mcp-server.vercel.app,https://patchistry-mcp-server.vercel.app/rpc,A_verified_mcp,none_public,False,200,patchistry-mcp,0.3.0,2025-03-26,tools,,,,False,,,,,mcp_registry,
paycrow-app.fly.dev,https://paycrow-app.fly.dev/mcp,A_verified_mcp,none_public,False,200,paycrow,1.2.0,2025-06-18,tools,,,,False,,,,,mcp_registry,
payotte-mcp.payotte.workers.dev,https://payotte-mcp.payotte.workers.dev/mcp,A_verified_mcp,none_public,False,200,payotte,1.4.0,2025-06-18,tools,,,,False,,,,,mcp_registry,
pcghrrzwqshejvifoxjq.supabase.co,https://pcghrrzwqshejvifoxjq.supabase.co/functions/v1/friction-mcp,A_verified_mcp,none_public,False,200,copilot-studio-friction-index,1.0.0,2025-06-18,tools,,,,False,,,,,mcp_registry,
pdf-tables-mcp.vercel.app,https://pdf-tables-mcp.vercel.app/api/mcp,A_verified_mcp,auth_required_scheme_unknown,False,401,,,,,,,,False,,,,,mcp_registry,
persis-api.aerynw.workers.dev,https://persis-api.aerynw.workers.dev/mcp,A_verified_mcp,auth_required_scheme_unknown,False,401,,,,,,,,False,,,,,mcp_registry,
persis.aerware.ai,https://persis.aerware.ai/mcp,A_verified_mcp,auth_required_scheme_unknown,False,401,,,,,,,,False,,,,,mcp_registry,
pharma-mcp-server.rootsbybenda.workers.dev,https://pharma-mcp-server.rootsbybenda.workers.dev/mcp,A_verified_mcp,none_public,False,200,roots-pharma-regulatory,1.0.2,2025-06-18,tools,,,,False,,,,,mcp_registry,
pinescript-mcp.fly.dev,https://pinescript-mcp.fly.dev/mcp,A_verified_mcp,none_public,False,200,pinescript-docs,3.3.0,2025-06-18,"experimental,extensions,logging,prompts,resources,tools",,,,False,,,,,mcp_registry,
pitchiq-mcp-production.up.railway.app,https://pitchiq-mcp-production.up.railway.app/mcp,A_verified_mcp,none_public,False,200,chuhching,0.2.0,2025-06-18,tools,,,,False,,,,,mcp_registry,
pixie-vacations-mcp-production.up.railway.app,https://pixie-vacations-mcp-production.up.railway.app/mcp,A_verified_mcp,none_public,False,200,pixie-vacations,1.2.1,2025-06-18,tools,,,,False,,,,,mcp_registry,
poc-backend.amdal-dev.workers.dev,https://poc-backend.amdal-dev.workers.dev/mcp,A_verified_mcp,none_public,False,200,proof-of-commitment,1.14.0,2025-06-18,tools,,,,False,,,,,mcp_registry,
pohjola-api.nousulabs.workers.dev,https://pohjola-api.nousulabs.workers.dev/mcp,A_verified_mcp,none_public,False,200,pohjola-api,0.4.0,2025-06-18,tools,,,,False,,,,,mcp_registry,
portlandmaps-mcp.vercel.app,https://portlandmaps-mcp.vercel.app/mcp/v2,A_verified_mcp,none_public,False,200,portlandmaps-mcp-v2,0.2.5,2025-06-18,"prompts,resources,tools",,,,False,,,,,mcp_registry,
postapp.win,https://postapp.win/mcp,A_verified_mcp,none_public,False,200,postapp,0.1.0,2025-06-18,"resources,tools",,,,False,,,,,mcp_registry,
prediction-router-chi.vercel.app,https://prediction-router-chi.vercel.app/mcp,A_verified_mcp,none_public,False,200,mantis,1.1.4,2025-06-18,tools,,,,False,,,,,mcp_registry,
printinglabs.com,https://printinglabs.com/mcp,A_verified_mcp,none_public,False,200,printing-labs,1.0.0,2025-06-18,tools,,,,False,,,,,mcp_registry,
product-management-mcp.mcpize.run,https://product-management-mcp.mcpize.run/mcp,A_verified_mcp,unknown,False,500,,,,,,,,False,,,,,mcp_registry,
promptibus.com,https://promptibus.com/api/mcp,A_verified_mcp,none_public,False,200,promptibus,0.4.2,2025-06-18,"prompts,resources,tools",,,,False,,,,,awesome_lists,
prompts.chat,https://prompts.chat/api/mcp,A_verified_mcp,none_public,False,200,prompts-chat,1.0.0,2025-06-18,"prompts,tools",,,,False,,,,,mcp_registry,
pronunciation-mcp.thankfulfield-a7857897.eastus.azurecontainerapps.io,https://pronunciation-mcp.thankfulfield-a7857897.eastus.azurecontainerapps.io/mcp,A_verified_mcp,none_public,False,200,speech-ai,2.14.5,2025-06-18,"experimental,prompts,resources,tasks,tools",,,,False,,,,,mcp_registry,
proofbeforepay.vercel.app,https://proofbeforepay.vercel.app/gatecheck/mcp,A_verified_mcp,none_public,False,200,gatecheck-larrybuildsai-mcp,0.1.1,2024-11-05,tools,,,,False,,,,,mcp_registry,
proofetch-vektoris-ai-workflows.vercel.app,https://proofetch-vektoris-ai-workflows.vercel.app/mcp,A_verified_mcp,auth_required_scheme_unknown,False,401,,,,,,,,False,,,,,mcp_registry,
property-shared.fly.dev,https://property-shared.fly.dev/mcp,A_verified_mcp,none_public,False,200,property-data,1.12.0,2025-06-18,"experimental,extensions,logging,prompts,resources,tools",,,,False,,,,,mcp_registry,
protectwith-kb.burademirung.workers.dev,https://protectwith-kb.burademirung.workers.dev/mcp,A_verified_mcp,none_public,False,200,protectwith-kb,0.1.0,2025-06-18,tools,,,,False,,,,,mcp_registry,
protein.caseyjhand.com,https://protein.caseyjhand.com/mcp,A_verified_mcp,none_public,False,200,protein-mcp-server,0.4.0,2025-06-18,"logging,prompts,resources,tools",,,,False,,,,,mcp_registry,
prozorro_tender_monitor_mcp.mcpize.run,https://prozorro_tender_monitor_mcp.mcpize.run/mcp,A_verified_mcp,unknown,False,500,,,,,,,,False,,,,,mcp_registry,
public-data-catalog-mcp.yusuke8h.workers.dev,https://public-data-catalog-mcp.yusuke8h.workers.dev/mcp,A_verified_mcp,none_public,False,200,public-data-catalog,0.4.0,2025-06-18,tools,,,,False,,,,,mcp_registry,
public_holidays_mcp.mcpize.run,https://public_holidays_mcp.mcpize.run/mcp,A_verified_mcp,unknown,False,500,,,,,,,,False,,,,,mcp_registry,
pubsec-sales-mcp.kabrawala.workers.dev,https://pubsec-sales-mcp.kabrawala.workers.dev/mcp,A_verified_mcp,none_public,False,200,pubsec-sales,0.1.0,2025-06-18,tools,,,,False,,,,,mcp_registry,
pure-report.fly.dev,https://pure-report.fly.dev/mcp,A_verified_mcp,none_public,False,200,pure-report-news,1.0.2,2025-06-18,tools,,,,False,,,,,mcp_registry,
qafetzoqccqafbbspjcp.supabase.co,https://qafetzoqccqafbbspjcp.supabase.co/functions/v1/mcp,A_verified_mcp,none_public,False,200,entrida-mcp,0.3.0,2025-06-18,tools,,,,False,,,,,mcp_registry,
qahxbracftdyarpzplzf.supabase.co,https://qahxbracftdyarpzplzf.supabase.co/functions/v1/mcp,A_verified_mcp,none_public,False,200,harness-atlas,0.1.0,2025-06-18,tools,,,,False,,,,,mcp_registry,
qiniso.qinisolabs.workers.dev,https://qiniso.qinisolabs.workers.dev/mcp,A_verified_mcp,none_public,False,200,qiniso,0.5.0,2025-06-18,tools,,,,False,,,,,mcp_registry,
qtest.qtestnet.com,https://qtest.qtestnet.com/mcp,A_verified_mcp,auth_required_scheme_unknown,False,401,,,,,,,,False,,,,,umbrella_majestic_apex,
quantabble-api.chemandphysicsmastery.workers.dev,https://quantabble-api.chemandphysicsmastery.workers.dev,A_verified_mcp,none_public,False,200,quantabble,1.0.0,2024-11-05,tools,,,,False,,,,,mcp_registry,
quantrisk-mcp.quantrisk.workers.dev,https://quantrisk-mcp.quantrisk.workers.dev/mcp,A_verified_mcp,none_public,False,200,quantrisk,1.0.0,2025-06-18,tools,,,,False,,,,,mcp_registry,
quantum-suitability-validator-mcp-production.up.railway.app,https://quantum-suitability-validator-mcp-production.up.railway.app/mcp,A_verified_mcp,none_public,False,200,quantum-suitability-validator-mcp-server,1.0.27,2025-06-18,tools,,,,False,,,,,mcp_registry,
quiver-production-c3a8.up.railway.app,https://quiver-production-c3a8.up.railway.app/mcp,A_verified_mcp,none_public,False,200,quiver-risk-brain,0.1.0,2025-06-18,tools,,,,False,,,,,mcp_registry,
radar.healthai.com,https://radar.healthai.com/api/mcp,A_verified_mcp,none_public,False,200,com.healthai/radar,0.5.3,2025-06-18,tools,,,,False,,,,,mcp_registry,
real_estate_mcp.mcpize.run,https://real_estate_mcp.mcpize.run/mcp,A_verified_mcp,unknown,False,500,,,,,,,,False,,,,,mcp_registry,
realty.sallim.app,https://realty.sallim.app/mcp,A_verified_mcp,none_public,False,200,realty_mcp,0.10.1,2025-06-18,"experimental,prompts,resources,tools",,,,False,,,,,mcp_registry,
realtystack-mcp.vercel.app,https://realtystack-mcp.vercel.app/mcp,A_verified_mcp,none_public,False,200,realtystack,1.0.0,2025-06-18,tools,,,,False,,,,,mcp_registry,
receipt-extraction.acjlabs.com,https://receipt-extraction.acjlabs.com/mcp,A_verified_mcp,none_public,False,200,receipt-extraction,0.1.6,2025-06-18,tools,,,,False,,,,,mcp_registry,
recharge.usefulapi.io,https://recharge.usefulapi.io/mcp,A_verified_mcp,none_public,False,200,recharge-mcp,1.0.0,2025-06-18,tools,,,,False,,,,,mcp_registry,
recurly.usefulapi.io,https://recurly.usefulapi.io/mcp,A_verified_mcp,none_public,False,200,recurly-mcp,1.0.1,2025-06-18,tools,,,,False,,,,,mcp_registry,
regexforge.jason-12c.workers.dev,https://regexforge.jason-12c.workers.dev/mcp,A_verified_mcp,none_public,False,200,regexforge,1.0.0,2024-11-05,tools,,,,False,,,,,mcp_registry,
research-sprint.vercel.app,https://research-sprint.vercel.app/api/mcp,A_verified_mcp,none_public,False,200,research-sprint,1.0.0,2024-11-05,tools,,,,False,,,,,mcp_registry,
resultrail-larrybuildsai.vercel.app,https://resultrail-larrybuildsai.vercel.app/mcp,A_verified_mcp,none_public,False,200,gatecheck-larrybuildsai-mcp,0.1.0,2025-06-18,tools,,,,False,,,,,smithery_awesome,
review-mcp-production.up.railway.app,https://review-mcp-production.up.railway.app/mcp,A_verified_mcp,none_public,False,200,review-mcp,0.1.0,2025-06-18,tools,,,,False,,,,,mcp_registry,
revit-mcp.itmartin24.workers.dev,https://revit-mcp.itmartin24.workers.dev/mcp,A_verified_mcp,none_public,False,200,revit-mcp,1.1.0,2024-11-05,tools,,,,False,,,,,mcp_registry,
rnfonkwthefktfvfwypr.supabase.co,https://rnfonkwthefktfvfwypr.supabase.co/functions/v1/mcp-server,A_verified_mcp,none_public,False,200,ai.readypermit/geo,1.2.4,2024-11-05,"prompts,resources,tools",,,,False,,,,,mcp_registry,
rogerthat.chat,https://rogerthat.chat/mcp,A_verified_mcp,none_public,False,200,apuchat,0.1.0,2025-03-26,tools,,,,False,,,,,mcp_registry,
roots-mcp-server.rootsbybenda.workers.dev,https://roots-mcp-server.rootsbybenda.workers.dev/mcp,A_verified_mcp,none_public,False,200,roots-by-benda,1.1.5,2025-06-18,tools,,,,False,,,,,mcp_registry,
rtcelwjnrbmfmrywacky.supabase.co,https://rtcelwjnrbmfmrywacky.supabase.co/functions/v1/mcp,A_verified_mcp,none_public,False,200,central-command-x402,1.2.0,2025-03-26,"prompts,resources,tools",,,,False,,,,,mcp_registry,
runpay-backend-visibility-production.up.railway.app,https://runpay-backend-visibility-production.up.railway.app/mcp,A_verified_mcp,none_public,False,200,runpay-marketplace,1.0.0,2024-11-05,tools,,,,False,,,,,mcp_registry,
runwayleft.netlify.app,https://runwayleft.netlify.app/.netlify/functions/mcp,A_verified_mcp,none_public,False,200,runwayleft-cfo-tools,1.0.0,2025-03-26,tools,,,,False,,,,,mcp_registry,
safe.fabtally.com,https://safe.fabtally.com/mcp,A_verified_mcp,none_public,False,200,fabtally-safe,1.0.0,2025-06-18,tools,,,,False,,,,,mcp_registry,
sailtix.com,https://sailtix.com/mcp,A_verified_mcp,none_public,False,200,sailtix,1.0.0,2025-06-18,tools,,,,False,,,,,mcp_registry,
sakina-mcp.fly.dev,https://sakina-mcp.fly.dev/mcp,A_verified_mcp,none_public,False,200,sakina-islamic-knowledge,1.3.0,2025-06-18,"resources,tools",,,,False,,,,,mcp_registry,
sanctuary-mcp.vercel.app,https://sanctuary-mcp.vercel.app/api/mcp/mcp,A_verified_mcp,none_public,False,200,Sanctuary,1.0.0,2025-06-18,"resources,tools",,,,False,,,,,mcp_registry,
sati-search.fly.dev,https://sati-search.fly.dev/mcp,A_verified_mcp,none_public,False,200,sati-search,3.4.4,2025-06-18,"experimental,extensions,logging,prompts,resources,tools",,,,False,,,,,mcp_registry,
scanbim-mcp.itmartin24.workers.dev,https://scanbim-mcp.itmartin24.workers.dev/mcp,A_verified_mcp,none_public,False,200,scanbim-mcp,1.0.5,2024-11-05,tools,,,,False,,,,,mcp_registry,
scraping-api-alpha.vercel.app,https://scraping-api-alpha.vercel.app/mcp,A_verified_mcp,none_public,False,200,mifactory-scraping-api,1.0.0,2024-11-05,tools,,,,False,,,,,mcp_registry,
searchshopai-mcp.fly.dev,https://searchshopai-mcp.fly.dev/mcp/la-luer,A_verified_mcp,none_public,False,200,La Luer Shopping,0.3.0,2025-06-18,"resources,tools",,,,False,,,,,mcp_registry,
sec-filings-mcp-1065601264332.us-central1.run.app,https://sec-filings-mcp-1065601264332.us-central1.run.app/mcp,A_verified_mcp,none_public,False,200,SEC Filings Agent Marketplace,1.26.0,2025-06-18,"experimental,prompts,resources,tools",,,,False,,,,,mcp_registry,
sefaria-mcp.shimonkolodny.workers.dev,https://sefaria-mcp.shimonkolodny.workers.dev/mcp,A_verified_mcp,none_public,False,200,Sefaria,1.0.0,2025-06-18,tools,,,,False,,,,,mcp_registry,
senado-br-mcp.sidneybissoli.workers.dev,https://senado-br-mcp.sidneybissoli.workers.dev/mcp,A_verified_mcp,none_public,False,200,senado-br-mcp,3.4.3,2025-06-18,"prompts,resources,tools",,,,False,,,,,mcp_registry,
sentimatix-production.up.railway.app,https://sentimatix-production.up.railway.app/mcp,A_verified_mcp,none_public,False,200,Sentimatix,1.0.0,2024-11-05,tools,,,,False,,,,,smithery_awesome,
seoul-apt-signal.airblock2026.workers.dev,https://seoul-apt-signal.airblock2026.workers.dev/mcp,A_verified_mcp,none_public,False,200,seoul-apt-signal,0.1.0,2024-11-05,tools,,,,False,,,,,mcp_registry,
shortlist-mcp.vercel.app,https://shortlist-mcp.vercel.app/mcp,A_verified_mcp,none_public,False,200,shortlist-price-index,1.1.0,2025-06-18,tools,,,,False,,,,,mcp_registry,
similarity-search-api-production.up.railway.app,https://similarity-search-api-production.up.railway.app/mcp,A_verified_mcp,none_public,False,200,nexus-similarity-search-api,1.28.1,2025-06-18,"experimental,prompts,resources,tools",,,,False,,,,,mcp_registry,
skillaudit.vercel.app,https://skillaudit.vercel.app/mcp,A_verified_mcp,none_public,False,200,skillaudit,1.1.0,2025-03-26,tools,,,,False,,,,,smithery_awesome,
slipstream-pi.vercel.app,https://slipstream-pi.vercel.app/api/mcp,A_verified_mcp,none_public,False,200,mcp-typescript server on vercel,0.1.0,2025-06-18,tools,,,,False,,,,,mcp_registry,
smard-energy-prices-x402.favo.workers.dev,https://smard-energy-prices-x402.favo.workers.dev/mcp,A_verified_mcp,none_public,False,200,SMARD Prices,0.1.0,2025-06-18,tools,,,,False,,,,,mcp_registry,
smarts.md,https://smarts.md/mcp,A_verified_mcp,none_public,False,200,smarts,0.1.0,2025-06-18,"logging,prompts,resources,tools",,,,False,,,,,smithery_awesome,
socialbridge-mcp.vercel.app,https://socialbridge-mcp.vercel.app/mcp,A_verified_mcp,none_public,False,200,socialbridge,1.0.0,2025-06-18,tools,,,,False,,,,,mcp_registry,
solrisk.rugscore.workers.dev,https://solrisk.rugscore.workers.dev/mcp,A_verified_mcp,none_public,False,200,solrisk,1.0.0,2025-06-18,tools,,,,False,,,,,mcp_registry,
spec-api-mcp.vercel.app,https://spec-api-mcp.vercel.app/mcp,A_verified_mcp,none_public,False,200,mifactory-spec-api,1.0.0,2024-11-05,tools,,,,False,,,,,mcp_registry,
speechtotext_mcp.mcpize.run,https://speechtotext_mcp.mcpize.run/mcp,A_verified_mcp,unknown,False,500,,,,,,,,False,,,,,mcp_registry,
sqlguard-io.fly.dev,https://sqlguard-io.fly.dev/mcp,A_verified_mcp,none_public,False,200,sqlguard,1.1.58,2025-06-18,"prompts,resources,tools",,,,False,,,,,mcp_registry,
steadyfetch-production.up.railway.app,https://steadyfetch-production.up.railway.app/mcp,A_verified_mcp,none_public,False,200,steadyfetch,1.27.0,2025-06-18,"experimental,prompts,resources,tools",,,,False,,,,,mcp_registry,
stillos-edge-gate-edge.stillos.workers.dev,https://stillos-edge-gate-edge.stillos.workers.dev/mcp,A_verified_mcp,none_public,False,200,stillos-edge-gate-edge,1.0.0,2025-06-18,tools,,,,False,,,,,mcp_registry,
stillos-kya-edge.stillos.workers.dev,https://stillos-kya-edge.stillos.workers.dev/mcp,A_verified_mcp,none_public,False,200,stillos-kya-edge,1.0.0,2025-06-18,tools,,,,False,,,,,mcp_registry,
stillos-notary-mcp-edge.stillos.workers.dev,https://stillos-notary-mcp-edge.stillos.workers.dev/mcp,A_verified_mcp,none_public,False,200,stillos-notary-mcp-edge,1.0.0,2025-06-18,tools,,,,False,,,,,mcp_registry,
stock-signal-kr.airblock2026.workers.dev,https://stock-signal-kr.airblock2026.workers.dev/mcp,A_verified_mcp,none_public,False,200,stock-signal-kr,0.1.0,2024-11-05,tools,,,,False,,,,,mcp_registry,
stock-signal-us.airblock2026.workers.dev,https://stock-signal-us.airblock2026.workers.dev/mcp,A_verified_mcp,none_public,False,200,stock-signal-us,0.1.0,2024-11-05,tools,,,,False,,,,,mcp_registry,
stockfilm.com,https://stockfilm.com/mcp,A_verified_mcp,none_public,False,200,stockfilm,1.0.0,2025-06-18,"prompts,resources,tools",,,,False,,,,,smithery_awesome,
stoop-mcp-server.stoop.workers.dev,https://stoop-mcp-server.stoop.workers.dev/mcp,A_verified_mcp,none_public,False,200,stoop-mcp-server,1.0.0,2024-11-05,tools,,,,False,,,,,mcp_registry,
storebridge-mcp.vercel.app,https://storebridge-mcp.vercel.app/mcp,A_verified_mcp,none_public,False,200,storebridge,1.0.0,2025-06-18,tools,,,,False,,,,,mcp_registry,
stratoforce-mcp.stratoforce.workers.dev,https://stratoforce-mcp.stratoforce.workers.dev/mcp,A_verified_mcp,auth_required_scheme_unknown,False,401,,,,,,,,False,,,,,mcp_registry,
stream.usefulapi.io,https://stream.usefulapi.io/mcp,A_verified_mcp,none_public,False,200,stream-mcp,1.0.1,2025-06-18,tools,,,,False,,,,,mcp_registry,
subwayinfo.nyc,https://subwayinfo.nyc/mcp,A_verified_mcp,none_public,False,200,mta-subway-mcp-server,1.0.0,2025-06-18,"prompts,resources,tools",,,,False,,,,,smithery_awesome,
sunrise-sunset-mcp.mcpize.run,https://sunrise-sunset-mcp.mcpize.run/mcp,A_verified_mcp,unknown,False,500,,,,,,,,False,,,,,mcp_registry,
support-service-management-mcp.mcpize.run,https://support-service-management-mcp.mcpize.run/mcp,A_verified_mcp,unknown,False,500,,,,,,,,False,,,,,mcp_registry,
syftly.vercel.app,https://syftly.vercel.app/api/mcp,A_verified_mcp,none_public,False,200,syftly,0.1.0,2025-06-18,tools,,,,False,,,,,mcp_registry,
symbols-of-wealth-studio-mcp.vercel.app,https://symbols-of-wealth-studio-mcp.vercel.app/api/mcp,A_verified_mcp,none_public,False,200,symbols-of-wealth-studio-mcp,1.0.0,2025-06-18,tools,,,,False,,,,,mcp_registry,
synmerco.com,https://synmerco.com/mcp,A_verified_mcp,none_public,False,200,synmerco,2.0.0,2025-03-26,tools,,,,False,,,,,smithery_awesome,
tagvault.rugscore.workers.dev,https://tagvault.rugscore.workers.dev/mcp,A_verified_mcp,none_public,False,200,etsy-tags,1.0.0,2025-06-18,tools,,,,False,,,,,mcp_registry,
taiwan-payroll.simoko.workers.dev,https://taiwan-payroll.simoko.workers.dev/mcp,A_verified_mcp,none_public,False,200,taiwan-payroll-mcp,1.4.1,2025-06-18,tools,,,,False,,,,,mcp_registry,
tc39-mcp.chicoxyzzy.workers.dev,https://tc39-mcp.chicoxyzzy.workers.dev/mcp,A_verified_mcp,none_public,False,200,tc39-mcp,0.6.1,2024-11-05,"prompts,tools",,,,False,,,,,mcp_registry,
tdueqhfxyojmjgactdyc.supabase.co,https://tdueqhfxyojmjgactdyc.supabase.co/functions/v1/mcp-server,A_verified_mcp,none_public,False,200,agentsfinance-ai,8.0.0,2025-03-26,tools,,,,False,,,,,mcp_registry,
tender-mcp-production.up.railway.app,https://tender-mcp-production.up.railway.app,A_verified_mcp,none_public,False,200,tender-mcp,1.3.5,2024-11-05,"prompts,resources,tools",,,,False,,,,,mcp_registry,
tenki-mcp.easakura.workers.dev,https://tenki-mcp.easakura.workers.dev/mcp,A_verified_mcp,none_public,False,200,tenki-mcp,0.1.0,2025-06-18,tools,,,,False,,,,,mcp_registry,
texttospeech-mcp.mcpize.run,https://texttospeech-mcp.mcpize.run/mcp,A_verified_mcp,unknown,False,500,,,,,,,,False,,,,,mcp_registry,
tgden.com,https://tgden.com/api/mcp,A_verified_mcp,none_public,False,200,tgden,1.0.0,2025-06-18,"resources,tools",,,,False,,,,,mcp_registry,
thebotwire.com,https://thebotwire.com/mcp,A_verified_mcp,none_public,False,200,botwire,1.0.0,2025-06-18,tools,,,,False,,,,,mcp_registry,
thefloor-dashboard-production.up.railway.app,https://thefloor-dashboard-production.up.railway.app/mcp,A_verified_mcp,none_public,False,200,the-floor,1.2.0,2025-06-18,tools,,,,False,,,,,mcp_registry,
thenutritrackerapp-creator-nutribal.vercel.app,https://thenutritrackerapp-creator-nutribal.vercel.app/mcp,A_verified_mcp,none_public,False,200,nutribalance-mcp,1.0.0,2025-06-18,"prompts,resources,tools",,,,False,,,,,smithery_awesome,
tick-mcp-production.up.railway.app,https://tick-mcp-production.up.railway.app/mcp,A_verified_mcp,none_public,False,200,tick,1.1.0,2025-06-18,tools,,,,False,,,,,mcp_registry,
tjcjvxibsrxizwuajypz.supabase.co,https://tjcjvxibsrxizwuajypz.supabase.co/functions/v1/mcp,A_verified_mcp,none_public,False,200,continueops-public,0.2.0,2025-06-18,tools,,,,False,,,,,mcp_registry,
tldraw-mcp-app.tldraw.workers.dev,https://tldraw-mcp-app.tldraw.workers.dev/mcp,A_verified_mcp,none_public,False,200,tldraw,1.0.0,2025-06-18,"resources,tools",,,,False,,,,,mcp_registry,
to1-intel.deadbeatradar.workers.dev,https://to1-intel.deadbeatradar.workers.dev/mcp/fleet,A_verified_mcp,none_public,False,200,to1-fleet,1.0.0,2025-06-18,tools,,,,False,,,,,mcp_registry,
token-intel-x402.echolonius.deno.net,https://token-intel-x402.echolonius.deno.net/mcp,A_verified_mcp,none_public,False,200,token-intel-x402,1.0.0,2025-06-18,tools,,,,False,,,,,mcp_registry,
tokkyo-maru.fly.dev,https://tokkyo-maru.fly.dev/mcp,A_verified_mcp,none_public,False,200,tokkyo-maru,0.1.0,2024-11-05,tools,,,,False,,,,,mcp_registry,
top-gun-mcp-server.vercel.app,https://top-gun-mcp-server.vercel.app/api/mcp,A_verified_mcp,none_public,False,200,top-gun-geo-lens,1.0.0,2025-06-18,tools,,,,False,,,,,mcp_registry,
torify-mcp.torify.workers.dev,https://torify-mcp.torify.workers.dev,A_verified_mcp,none_public,False,200,torify,0.2.0,2025-06-18,tools,,,,False,,,,,mcp_registry,
tsung-mcp-custom.a0985344368.workers.dev,https://tsung-mcp-custom.a0985344368.workers.dev/mcp,A_verified_mcp,auth_required_scheme_unknown,False,401,,,,,,,,False,,,,,mcp_registry,
tv-maze-mcp.mcpize.run,https://tv-maze-mcp.mcpize.run/mcp,A_verified_mcp,unknown,False,500,,,,,,,,False,,,,,mcp_registry,
twinmotion-mcp.itmartin24.workers.dev,https://twinmotion-mcp.itmartin24.workers.dev/mcp,A_verified_mcp,none_public,False,200,twinmotion-mcp,1.1.0,2024-11-05,tools,,,,False,,,,,mcp_registry,
twuluxmoognlwtmaoqgo.supabase.co,https://twuluxmoognlwtmaoqgo.supabase.co/functions/v1/freedom-mcp,A_verified_mcp,none_public,False,200,freedomos-mcp,3.2.0,2024-11-05,tools,,,,False,,,,,mcp_registry,
ua_e_commerce_price_tracker_mcp.mcpize.run,https://ua_e_commerce_price_tracker_mcp.mcpize.run/,A_verified_mcp,unknown,False,500,,,,,,,,False,,,,,mcp_registry,
ua_postal_tracking_mcp.mcpize.run,https://ua_postal_tracking_mcp.mcpize.run/sse,A_verified_mcp,unknown,False,500,,,,,,,,False,,,,,mcp_registry,
ucpg.ai,https://ucpg.ai/mcp,A_verified_mcp,none_public,False,200,the-agent-times-ucp-gateway,0.1.0,2024-11-05,"prompts,resources,tools",,,,False,,,,,smithery_awesome,
uk-legal-mcp.fly.dev,https://uk-legal-mcp.fly.dev/mcp,A_verified_mcp,none_public,False,200,uk-legal-mcp,0.6.0,2025-06-18,"experimental,extensions,logging,prompts,resources,tools",,,,False,,,,,mcp_registry,
uk-postcodes-mcp.mcpize.run,https://uk-postcodes-mcp.mcpize.run/sse,A_verified_mcp,unknown,False,500,,,,,,,,False,,,,,mcp_registry,
umxgvoxlxznnpdvkgnaj.supabase.co,https://umxgvoxlxznnpdvkgnaj.supabase.co/functions/v1/mcp,A_verified_mcp,none_public,False,200,ideabob-validation,1.0.0,2025-06-18,"prompts,resources,tools",,,,False,,,,,mcp_registry,
up-mcp.unpluggedfeed.workers.dev,https://up-mcp.unpluggedfeed.workers.dev,A_verified_mcp,auth_required_scheme_unknown,False,401,,,,,,,,False,,,,,mcp_registry,
uproad.design,https://uproad.design/mcp,A_verified_mcp,auth_required_scheme_unknown,False,401,,,,,,,,False,,,,,mcp_registry,
url-safety-validator-mcp-production.up.railway.app,https://url-safety-validator-mcp-production.up.railway.app,A_verified_mcp,none_public,False,200,url-safety-validator-mcp,1.2.35,2024-11-05,"prompts,resources,tools",,,,False,,,,,mcp_registry,
us-central1-philongevity-aiapp-v2.cloudfunctions.net,https://us-central1-philongevity-aiapp-v2.cloudfunctions.net/phi-mcp-remote,A_verified_mcp,none_public,False,200,phi-longevity,0.7.2,2025-06-18,"prompts,resources,tools",,,,False,,,,,mcp_registry,
useful-data-source-for-agents-production.up.railway.app,https://useful-data-source-for-agents-production.up.railway.app/mcp,A_verified_mcp,none_public,False,200,nexus-useful-data-source-for-agents-doing-prod,1.28.1,2025-06-18,"experimental,prompts,resources,tools",,,,False,,,,,mcp_registry,
usejobly.xyz,https://usejobly.xyz/api/mcp,A_verified_mcp,none_public,False,200,jobly,1.0.0,2024-11-05,tools,,,,False,,,,,smithery_awesome,
v12dfs-production.up.railway.app,https://v12dfs-production.up.railway.app/mcp,A_verified_mcp,none_public,False,200,V12 DFS Optimizer,1.0.0,2025-06-18,"experimental,tools",,,,False,,,,,mcp_registry,
valid.fabtally.com,https://valid.fabtally.com/mcp,A_verified_mcp,none_public,False,200,fabtally-valid,1.0.0,2025-06-18,tools,,,,False,,,,,mcp_registry,
vassiliy-lakhonin-mcp.vassiliy-lakhonin.workers.dev,https://vassiliy-lakhonin-mcp.vassiliy-lakhonin.workers.dev/mcp,A_verified_mcp,none_public,False,200,vassiliy-lakhonin-profile,1.0.0,2025-06-18,"completions,prompts,resources,tools",,,,False,,,,,mcp_registry,
vat-validator-mcp-production.up.railway.app,https://vat-validator-mcp-production.up.railway.app,A_verified_mcp,none_public,False,200,vat-validator-mcp,2.0.39,2024-11-05,"prompts,resources,tools",,,,False,,,,,mcp_registry,
velarion-scraper-production.up.railway.app,https://velarion-scraper-production.up.railway.app/mcp,A_verified_mcp,none_public,False,200,velarion-mcp,3.3.1,2025-06-18,"experimental,extensions,logging,prompts,resources,tools",,,,False,,,,,mcp_registry,
verychic-mcp.fly.dev,https://verychic-mcp.fly.dev/mcp,A_verified_mcp,none_public,False,200,verychic,1.28.1,2025-06-18,"experimental,prompts,resources,tools",,,,False,,,,,mcp_registry,
virohanadentalclinic.com,https://virohanadentalclinic.com/mcp,A_verified_mcp,none_public,False,200,virohana-dental,1.0.0,2025-06-18,tools,,,,False,,,,,mcp_registry,
voidly.ai,https://voidly.ai/api/mcp,A_verified_mcp,none_public,False,200,voidly,2.10.0,2025-03-26,"prompts,resources,tools",,,,False,,,,,smithery_awesome,
vouch.futuronoti.workers.dev,https://vouch.futuronoti.workers.dev/mcp,A_verified_mcp,none_public,False,200,vouch,0.1.0,2025-06-18,tools,,,,False,,,,,mcp_registry,
wafergraph-mcp.jwpalm99.workers.dev,https://wafergraph-mcp.jwpalm99.workers.dev/mcp,A_verified_mcp,none_public,False,200,wafergraph-mcp,1.2.0,2025-06-18,tools,,,,False,,,,,mcp_registry,
wallet-doctor-x402.m-zikriz.workers.dev,https://wallet-doctor-x402.m-zikriz.workers.dev/mcp,A_verified_mcp,none_public,False,200,wallet-doctor-mcp,0.5.0,2025-06-18,tools,,,,False,,,,,mcp_registry,
wasilah-mcp.aykiz.workers.dev,https://wasilah-mcp.aykiz.workers.dev/mcp,A_verified_mcp,none_public,False,200,wasilah,1.4.0,2025-06-18,tools,,,,False,,,,,mcp_registry,
wasm-mcp.chicoxyzzy.workers.dev,https://wasm-mcp.chicoxyzzy.workers.dev/mcp,A_verified_mcp,none_public,False,200,wasm-mcp,0.2.16,2024-11-05,tools,,,,False,,,,,mcp_registry,
wattcoin-mcp-server.wattcoin.workers.dev,https://wattcoin-mcp-server.wattcoin.workers.dev/mcp,A_verified_mcp,none_public,False,200,WattCoin,1.1.0,2025-06-18,tools,,,,False,,,,,mcp_registry,
wattoku.meliorra.co,https://wattoku.meliorra.co/api/mcp,A_verified_mcp,none_public,False,200,wattoku,1.0.0,2025-06-18,tools,,,,False,,,,,mcp_registry,
web-production-30ab5.up.railway.app,https://web-production-30ab5.up.railway.app/mcp,A_verified_mcp,none_public,False,200,quesen,1.10.0,2025-03-26,tools,,,,False,,,,,mcp_registry,
web-production-970ba.up.railway.app,https://web-production-970ba.up.railway.app/mcp,A_verified_mcp,none_public,False,200,doublecheck,1.0.0,2024-11-05,tools,,,,False,,,,,mcp_registry,
web-production-ae61.up.railway.app,https://web-production-ae61.up.railway.app,A_verified_mcp,none_public,False,200,bonsai-health-intelligence,5.0.0,2025-03-26,tools,,,,False,,,,,mcp_registry,
web-production-e9e1f.up.railway.app,https://web-production-e9e1f.up.railway.app/mcp,A_verified_mcp,none_public,False,200,agent-commerce-mcp,0.1.0,2025-06-18,"prompts,resources,tools",,,,False,,,,,mcp_registry,
web-validator-mcp.digestseo.com,https://web-validator-mcp.digestseo.com/mcp,A_verified_mcp,none_public,False,200,web-validator-by-digestseo,0.5.0,2025-06-18,"resources,tools",,,,False,,,,,mcp_registry,
webweaver-nexus-mcp.vercel.app,https://webweaver-nexus-mcp.vercel.app/mcp,A_verified_mcp,none_public,False,200,WebWeaver Nexus,1.0.0,2025-06-18,"resources,tools",,,,False,,,,,mcp_registry,
wikexa.com,https://wikexa.com/mcp,A_verified_mcp,none_public,False,200,wikexa,1.0.0,2025-06-18,tools,,,,False,,,,,mcp_registry,
workout-engine-production-5dd7.up.railway.app,https://workout-engine-production-5dd7.up.railway.app/mcp,A_verified_mcp,none_public,False,200,fitfly-engine,0.2.0,2025-06-18,tools,,,,False,,,,,mcp_registry,
works-runner.vercel.app,https://works-runner.vercel.app/mcp-registry,A_verified_mcp,none_public,False,200,works-public,0.1.7,2025-06-18,tools,,,,False,,,,,mcp_registry,
workspaceapi-server-production-f6d7.up.railway.app,https://workspaceapi-server-production-f6d7.up.railway.app/api/mcp,A_verified_mcp,none_public,False,200,idevice-wearables,2.0.0,2025-06-18,tools,,,,False,,,,,mcp_registry,
workspaceui-pa.clients6.google.com,https://workspaceui-pa.clients6.google.com/mcp,A_verified_mcp,none_public,False,200,StatelessServer,ESF,2025-06-18,"prompts,tools",,,,False,,,,,umbrella_majestic_apex,
world-bank-indicators-mcp.mcpize.run,https://world-bank-indicators-mcp.mcpize.run/mcp,A_verified_mcp,unknown,False,500,,,,,,,,False,,,,,mcp_registry,
www.blixtworks.com,https://www.blixtworks.com/mcp,A_verified_mcp,none_public,False,200,blixtworks,1.0.0,2025-06-18,tools,,,,False,,,,,mcp_registry,
www.constat-auto.com,https://www.constat-auto.com/api/mcp,A_verified_mcp,none_public,False,200,constat-auto,1.0.0,2025-06-18,tools,,,,False,,,,,mcp_registry,
www.dapdip.com,https://www.dapdip.com/api/mcp,A_verified_mcp,none_public,False,200,dapdip,1.0.2,2025-06-18,tools,,,,False,,,,,mcp_registry,
www.dualregistry.dev,https://www.dualregistry.dev/api/protocol,A_verified_mcp,none_public,False,200,dualregistry,3.2.0,2025-03-26,tools,,,,False,,,,,mcp_registry,
www.fatestar.top,https://www.fatestar.top/api/mcp,A_verified_mcp,none_public,False,200,ziwei-mcp,2.0.0,2025-06-18,tools,,,,False,,,,,mcp_registry,
www.findchips.com,https://www.findchips.com/mcp,A_verified_mcp,none_public,False,200,findchips-search,1.0.0,2024-11-05,tools,,,,False,,,,,umbrella_majestic_apex,
www.gumtree.com,https://www.gumtree.com/mcp,A_verified_mcp,none_public,False,200,gumtree-chatgpt-app-mcp,0.1.0,2025-06-18,"resources,tools",,,,False,,,,,umbrella_majestic_apex,
www.marksiazon.dev,https://www.marksiazon.dev/api/mcp,A_verified_mcp,none_public,False,200,marksiazon-dev-profile,1.0.0,2025-06-18,tools,,,,False,,,,,mcp_registry,
x402-compute.68cxgfyr0.workers.dev,https://x402-compute.68cxgfyr0.workers.dev/mcp,A_verified_mcp,none_public,False,200,k402,1.28.1,2025-06-18,"experimental,prompts,resources,tools",,,,False,,,,,mcp_registry,
x402-data-api.sigrunner.workers.dev,https://x402-data-api.sigrunner.workers.dev/mcp,A_verified_mcp,none_public,False,200,x402-data-api,0.1.0,2025-06-18,tools,,,,False,,,,,mcp_registry,
x402-gas-api.vercel.app,https://x402-gas-api.vercel.app/mcp,A_verified_mcp,none_public,False,200,mgo-gas-optimizer,1.0.0,2024-11-05,tools,,,,False,,,,,mcp_registry,
x402-resource-scanner.vercel.app,https://x402-resource-scanner.vercel.app/mcp,A_verified_mcp,none_public,False,200,gatecheck-larrybuildsai-mcp,0.1.1,2024-11-05,tools,,,,False,,,,,mcp_registry,
x402-services-production.up.railway.app,https://x402-services-production.up.railway.app/mcp,A_verified_mcp,none_public,False,200,x402-services,1.0.0,2025-06-18,tools,,,,False,,,,,mcp_registry,
x402-url-extractor-production.up.railway.app,https://x402-url-extractor-production.up.railway.app/mcp,A_verified_mcp,none_public,False,200,x402-data-gateway,1.0.0,2025-06-18,tools,,,,False,,,,,mcp_registry,
x402.agentfund.net,https://x402.agentfund.net/mcp,A_verified_mcp,none_public,False,200,json-repair-mcp-server,0.1.0,2025-06-18,tools,,,,False,,,,,mcp_registry,
x402engine.app,https://x402engine.app/mcp,A_verified_mcp,none_public,False,200,x402engine,3.0.0,2025-06-18,tools,,,,False,,,,,smithery_awesome,
xdeo.timothy-walton45.workers.dev,https://xdeo.timothy-walton45.workers.dev/mcp,A_verified_mcp,none_public,False,200,xdeo,1.0.0,2024-11-05,tools,,,,False,,,,,mcp_registry,
xqb.io,https://xqb.io/mcp,A_verified_mcp,none_public,False,200,xqbusd-vibe-pay,1.0.0,2024-11-05,tools,,,,False,,,,,awesome_lists,
xsignal-production.up.railway.app,https://xsignal-production.up.railway.app/mcp,A_verified_mcp,none_public,False,200,xsignal,0.1.0,2024-11-05,tools,,,,False,,,,,mcp_registry,
yarrow-oracle.shaozhengkun.workers.dev,https://yarrow-oracle.shaozhengkun.workers.dev/mcp,A_verified_mcp,none_public,False,200,yarrow,0.1.0,2025-03-26,tools,,,,False,,,,,mcp_registry,
yhwcaodofmbusjurawhp.supabase.co,https://yhwcaodofmbusjurawhp.supabase.co/functions/v1/mcp/rpc,A_verified_mcp,none_public,False,200,nctr-alliance,1.0.0,2025-06-18,tools,,,,False,,,,,mcp_registry,
yieldsignal.vercel.app,https://yieldsignal.vercel.app/mcp,A_verified_mcp,none_public,False,200,yieldsignal,1.0.0,2025-06-18,tools,,,,False,,,,,mcp_registry,
ywabnlhkmhbyewqhbsjm.supabase.co,https://ywabnlhkmhbyewqhbsjm.supabase.co/functions/v1/ora-mcp,A_verified_mcp,none_public,False,200,ora-mcp,5.0.0,2025-06-18,tools,,,,False,,,,,mcp_registry,
zhenwiaphfwetckfysod.supabase.co,https://zhenwiaphfwetckfysod.supabase.co/functions/v1/mcp,A_verified_mcp,none_public,False,200,cityheart,1.0.0,2024-11-05,tools,,,,False,,,,,mcp_registry,
zinema.tv,https://zinema.tv/mcp,A_verified_mcp,none_public,False,200,zinema,0.1,2025-06-18,tools,,,,False,,,,,mcp_registry,
zukunft-fuehren-mcp.joerg-krauter.workers.dev,https://zukunft-fuehren-mcp.joerg-krauter.workers.dev,A_verified_mcp,none_public,False,200,zukunft-fuehren,1.2.0,2024-11-05,tools,,,,False,,,,,mcp_registry,
api.onesignal.com,https://api.onesignal.com,B_probable_mcp,oauth,True,403,,,,,https://dashboard.onesignal.com/oauth/authorize,https://api.onesignal.com/oauth/token,https://api.onesignal.com/oauth/register,True,,https://api.onesignal.com,https://api.onesignal.com/.well-known/oauth-protected-resource,,umbrella_majestic_apex,
shadowcrawl--devshero.run.tools,https://shadowcrawl--devshero.run.tools,B_probable_mcp,oauth,True,401,,,,,,,,False,,,https://shadowcrawl--devshero.run.tools/.well-known/oauth-protected-resource,"Bearer error=""invalid_token"", error_description=""Missing Authorization header"", resource_metadata=""https://shadowcrawl--devshero.run.tools/.well-known/oauth-protected-resource""",mcp_registry,
aaf.org,https://aaf.org/api/mcp,B_probable_mcp,bearer_token,False,401,,,,,,,,False,,,,Bearer,umbrella_majestic_apex,
activity.api.bbc.co.uk,https://activity.api.bbc.co.uk/mcp,B_probable_mcp,bearer_token,False,401,,,,,,,,False,,,,"Bearer realm=""/""",umbrella_majestic_apex,
activity.api.bbc.com,https://activity.api.bbc.com/mcp,B_probable_mcp,bearer_token,False,401,,,,,,,,False,,,,"Bearer realm=""/""",umbrella_majestic_apex,
adc-vid-rstats-na01.devicetask.com,https://adc-vid-rstats-na01.devicetask.com/mcp,B_probable_mcp,bearer_token,False,401,,,,,,,,False,,,,Bearer,umbrella_majestic_apex,
adc-vid-rstats.devicetask.com,https://adc-vid-rstats.devicetask.com/mcp,B_probable_mcp,bearer_token,False,401,,,,,,,,False,,,,Bearer,umbrella_majestic_apex,
agents.7signal.com,https://agents.7signal.com/mcp,B_probable_mcp,bearer_token,False,401,,,,,,,,False,,,,Bearer,umbrella_majestic_apex,
ags-next.msidentity.net,https://ags-next.msidentity.net/api/mcp,B_probable_mcp,bearer_token,False,401,,,,,,,,False,,,,"Bearer realm="""", authorization_uri=""https://login.microsoftonline.com/common/oauth2/authorize"", client_id=""00000003-0000-0000-c000-000000000000""",umbrella_majestic_apex,
ags.privatelink.msidentity.com,https://ags.privatelink.msidentity.com/api/mcp,B_probable_mcp,bearer_token,False,401,,,,,,,,False,,,,"Bearer realm="""", authorization_uri=""https://login.microsoftonline.com/common/oauth2/authorize"", client_id=""00000003-0000-0000-c000-000000000000""",umbrella_majestic_apex,
alice.licelus.com,https://alice.licelus.com/api/mcp,B_probable_mcp,bearer_token,False,401,,,,,,,,False,,,,"Bearer resource_metadata=""http://alice.licelus.com/.well-known/oauth-protected-resource""",umbrella_majestic_apex,
api.architectatwork.com,https://api.architectatwork.com/mcp,B_probable_mcp,bearer_token,False,401,,,,,,,,False,,,,"Bearer realm=""xpok-awd-prd-api-func-01.azurewebsites.net""",umbrella_majestic_apex,
api.cloud.bumble.com,https://api.cloud.bumble.com/mcp,B_probable_mcp,bearer_token,False,401,,,,,,,,False,,,,Bearer,umbrella_majestic_apex,
api.dfs.core.windows.net,https://api.dfs.core.windows.net/api/mcp,B_probable_mcp,bearer_token,False,401,,,,,,,,False,,,,Bearer authorization_uri=https://login.microsoftonline.com/53bc24c5-73ad-421a-9408-3ea555be4a07/oauth2/authorize resource_id=https://storage.azure.com,umbrella_majestic_apex,
api.digital.disneyadvertising.com,https://api.digital.disneyadvertising.com/sse,B_probable_mcp,bearer_token,False,401,,,,,,,,False,,,,"Bearer realm=""http://api.digital.disneyadvertising.com/sse""",umbrella_majestic_apex,
api.dih.telekom.com,https://api.dih.telekom.com/mcp,B_probable_mcp,bearer_token,False,401,,,,,,,,False,,,,Bearer,umbrella_majestic_apex,
api.examsoft.com,https://api.examsoft.com/api/mcp,B_probable_mcp,bearer_token,False,401,,,,,,,,False,,,,"Bearer realm=""examsoft-web-api"", error=""unauthorized"", error_description=""Full authentication is required to access this resource""",umbrella_majestic_apex,
api.harmony.epsilon.com,https://api.harmony.epsilon.com/mcp,B_probable_mcp,bearer_token,False,401,,,,,,,,False,,,,"Bearer realm=""null"",error=""invalid_token"",error_description=""oauth.v2.InvalidAccessToken: Invalid access token""",umbrella_majestic_apex,
api.live.fngw.ol.epicgames.com,https://api.live.fngw.ol.epicgames.com/mcp,B_probable_mcp,bearer_token,False,401,,,,,,,,False,,,,"Bearer error=invalid_token, error_description=""Jwt is missing"", realm=""fngw-svc""",umbrella_majestic_apex,
api.lucidworks.com,https://api.lucidworks.com/mcp,B_probable_mcp,bearer_token,False,401,,,,,,,,False,,,,Bearer,umbrella_majestic_apex,
api.payroller.sandbox.visma.net,https://api.payroller.sandbox.visma.net/api/mcp,B_probable_mcp,bearer_token,False,401,,,,,,,,False,,,,Bearer,umbrella_majestic_apex,
api.payroller.stag.visma.net,https://api.payroller.stag.visma.net/api/mcp,B_probable_mcp,bearer_token,False,401,,,,,,,,False,,,,Bearer,umbrella_majestic_apex,
api.payroller.visma.net,https://api.payroller.visma.net/api/mcp,B_probable_mcp,bearer_token,False,401,,,,,,,,False,,,,Bearer,umbrella_majestic_apex,
api.qa.limeflight.com,https://api.qa.limeflight.com/mcp,B_probable_mcp,bearer_token,False,401,,,,,,,,False,,,,Bearer,mcp_registry,
api.radio.orange.com,https://api.radio.orange.com/api/mcp,B_probable_mcp,bearer_token,False,401,,,,,,,,False,,,,Bearer,umbrella_majestic_apex,
api.scarf.sh,https://api.scarf.sh/mcp,B_probable_mcp,bearer_token,False,401,,,,,,,,False,,,,"Bearer resource_metadata=""https://api.scarf.sh/.well-known/oauth-protected-resource"", scope=""scarf.analytics.read""",umbrella_majestic_apex,
api.securitycenter.windows.com,https://api.securitycenter.windows.com/sse,B_probable_mcp,bearer_token,False,401,,,,,,,,False,,,,"Bearer error=""invalid_token""",umbrella_majestic_apex,
api.svc.live.fngw.ol.epicgames.com,https://api.svc.live.fngw.ol.epicgames.com/api/mcp,B_probable_mcp,bearer_token,False,401,,,,,,,,False,,,,"Bearer error=invalid_token, error_description=""Jwt is missing"", realm=""fngw-svc""",umbrella_majestic_apex,
api2.sr.roku.com,https://api2.sr.roku.com/mcp,B_probable_mcp,bearer_token,False,401,,,,,,,,False,,,,"Bearer realm=""https://api2.sr.roku.com/mcp""",umbrella_majestic_apex,
apiapp.lojasrenner.com.br,https://apiapp.lojasrenner.com.br/mcp,B_probable_mcp,bearer_token,False,401,,,,,,,,False,,,,"Bearer realm=""oauth2-resource"", error=""unauthorized"", error_description=""Full authentication is required to access this resource""",umbrella_majestic_apex,
apigateway-charging-bff.tesla.com,https://apigateway-charging-bff.tesla.com/mcp,B_probable_mcp,bearer_token,False,401,,,,,,,,False,,,,"Bearer realm=""http://apigateway-charging-bff.tesla.com/mcp""",umbrella_majestic_apex,
apigateway-message-center-ownership.tesla.com,https://apigateway-message-center-ownership.tesla.com/mcp,B_probable_mcp,bearer_token,False,401,,,,,,,,False,,,,"Bearer realm=""http://apigateway-message-center-ownership.tesla.com/mcp""",umbrella_majestic_apex,
apps.gov.powerapps.us,https://apps.gov.powerapps.us/mcp,B_probable_mcp,bearer_token,False,401,,,,,,,,False,,,,"Bearer resource=""https://apps.gov.powerapps.us"", error=""invalid_token"", error_description=""A client certificate or authorization header was not provided.""",umbrella_majestic_apex,
apps.powerapps.com,https://apps.powerapps.com/,B_probable_mcp,bearer_token,False,401,,,,,,,,False,,,,"Bearer resource=""https://service.powerapps.com/"", error=""invalid_token"", error_description=""A client certificate or authorization header was not provided.""",umbrella_majestic_apex,
apps.preview.powerapps.com,https://apps.preview.powerapps.com/mcp,B_probable_mcp,bearer_token,False,401,,,,,,,,False,,,,"Bearer resource=""https://service.powerapps.com/"", error=""invalid_token"", error_description=""A client certificate or authorization header was not provided.""",umbrella_majestic_apex,
auth.gid.ru,https://auth.gid.ru/api/mcp,B_probable_mcp,bearer_token,False,401,,,,,,,,False,,,,Bearer,umbrella_majestic_apex,
auth.marfeel.com,https://auth.marfeel.com/mcp,B_probable_mcp,bearer_token,False,401,,,,,,,,False,,,,"Bearer realm=""Unknown""",umbrella_majestic_apex,
aws.prdgw.api.united.com,https://aws.prdgw.api.united.com/mcp,B_probable_mcp,bearer_token,False,401,,,,,,,,False,,,,Bearer,umbrella_majestic_apex,
bookmarks.sr.roku.com,https://bookmarks.sr.roku.com/mcp,B_probable_mcp,bearer_token,False,401,,,,,,,,False,,,,"Bearer realm=""https://bookmarks.sr.roku.com/mcp""",umbrella_majestic_apex,
bose.my.onetrust.com,https://bose.my.onetrust.com/mcp,B_probable_mcp,bearer_token,False,401,,,,,,,,False,,,,Bearer,umbrella_majestic_apex,
business.visma.net,https://business.visma.net/api/mcp,B_probable_mcp,bearer_token,False,401,,,,,,,,False,,,,"Bearer realm=""https://business.visma.net/api/mcp""",umbrella_majestic_apex,
cisco.service-now.com,https://cisco.service-now.com/api/mcp,B_probable_mcp,bearer_token,False,401,,,,,,,,False,,,,"Bearer realm=""Service-now""",umbrella_majestic_apex,
cmscdn.cc.tmobile-digital.com,https://cmscdn.cc.tmobile-digital.com/mcp,B_probable_mcp,bearer_token,False,401,,,,,,,,False,,,,Bearer,umbrella_majestic_apex,
content-detail.sr.roku.com,https://content-detail.sr.roku.com/mcp,B_probable_mcp,bearer_token,False,401,,,,,,,,False,,,,"Bearer realm=""https://content-detail.sr.roku.com/mcp""",umbrella_majestic_apex,
dco.3lift.com,https://dco.3lift.com/mcp,B_probable_mcp,bearer_token,False,401,,,,,,,,False,,,,Bearer,umbrella_majestic_apex,
device.cm.spectrum.net,https://device.cm.spectrum.net/api/mcp,B_probable_mcp,bearer_token,False,401,,,,,,,,False,,,,"Bearer realm=""oauth2-resource"", error=""unauthorized"", error_description=""Full authentication is required to access this resource""",umbrella_majestic_apex,
ds.svc.live.fngw.ol.epicgames.com,https://ds.svc.live.fngw.ol.epicgames.com/mcp,B_probable_mcp,bearer_token,False,401,,,,,,,,False,,,,"Bearer error=invalid_token, error_description=""Jwt is missing"", realm=""fngw-svc""",umbrella_majestic_apex,
eda-event-proxy-api.noom.com,https://eda-event-proxy-api.noom.com/mcp,B_probable_mcp,bearer_token,False,401,,,,,,,,False,,,,Bearer,umbrella_majestic_apex,
events.attentivemobile.com,https://events.attentivemobile.com/mcp,B_probable_mcp,bearer_token,False,401,,,,,,,,False,,,,Bearer,umbrella_majestic_apex,
garry.sgaas.net,https://garry.sgaas.net/mcp,B_probable_mcp,bearer_token,False,401,,,,,,,,False,,,,"Bearer realm=""g2bi"", error=""unauthorized"", error_description=""Full authentication is required to access this resource""",umbrella_majestic_apex,
gateway-voters.eci.gov.in,https://gateway-voters.eci.gov.in/mcp,B_probable_mcp,bearer_token,False,401,,,,,,,,False,,,,Bearer,umbrella_majestic_apex,
gc.svc.live.fngw.ol.epicgames.com,https://gc.svc.live.fngw.ol.epicgames.com/mcp,B_probable_mcp,bearer_token,False,401,,,,,,,,False,,,,"Bearer error=invalid_token, error_description=""Jwt is missing"", realm=""fngw-svc""",umbrella_majestic_apex,
goto-user-settings.services.goto.com,https://goto-user-settings.services.goto.com/mcp,B_probable_mcp,bearer_token,False,401,,,,,,,,False,,,,Bearer,umbrella_majestic_apex,
gov.api.bap.microsoft.us,https://gov.api.bap.microsoft.us/mcp,B_probable_mcp,bearer_token,False,401,,,,,,,,False,,,,"Bearer resource=""https://gov.service.powerapps.us/"", error=""invalid_token"", error_description=""A+client+certificate+or+authorization+header+was+not+provided.""",umbrella_majestic_apex,
graph.microsoft.us,https://graph.microsoft.us/api/mcp,B_probable_mcp,bearer_token,False,401,,,,,,,,False,,,,"Bearer realm="""", authorization_uri=""https://login.microsoftonline.us/common/oauth2/authorize"", client_id=""00000003-0000-0000-c000-000000000000""",umbrella_majestic_apex,
graph.noom.com,https://graph.noom.com/mcp,B_probable_mcp,bearer_token,False,401,,,,,,,,False,,,,Bearer,umbrella_majestic_apex,
graph.windows.net,https://graph.windows.net/mcp,B_probable_mcp,bearer_token,False,401,,,,,,,,False,,,,"Bearer realm=""mcp"", error=""invalid_token"", error_description=""Access Token missing or malformed."", authorization_uri=""https://login.microsoftonline.com/mcp/oauth2/authorize"", client_id=""00000002-0000-",umbrella_majestic_apex,
guide.michelin.com,https://guide.michelin.com/api/mcp,B_probable_mcp,bearer_token,False,401,,,,,,,,False,,,,Bearer,umbrella_majestic_apex,
high.api.bap.microsoft.us,https://high.api.bap.microsoft.us/mcp,B_probable_mcp,bearer_token,False,401,,,,,,,,False,,,,"Bearer resource=""https://high.service.powerapps.us/"", error=""invalid_token"", error_description=""A+client+certificate+or+authorization+header+was+not+provided.""",umbrella_majestic_apex,
homedocstorageapi.devicetask.com,https://homedocstorageapi.devicetask.com/mcp,B_probable_mcp,bearer_token,False,401,,,,,,,,False,,,,Bearer,umbrella_majestic_apex,
hsp2.mail.com,https://hsp2.mail.com/mcp,B_probable_mcp,bearer_token,False,401,,,,,,,,False,,,,Bearer,umbrella_majestic_apex,
imaging.org,https://imaging.org/api/mcp,B_probable_mcp,bearer_token,False,401,,,,,,,,False,,,,Bearer,umbrella_majestic_apex,
lightswitch-public-service-prod.ol.epicgames.com,https://lightswitch-public-service-prod.ol.epicgames.com/mcp,B_probable_mcp,bearer_token,False,401,,,,,,,,False,,,,"Bearer error=invalid_token, error_description=""Jwt is missing"", realm=""fngw-svc""",umbrella_majestic_apex,
lightswitch-public-service-prod06.ol.epicgames.com,https://lightswitch-public-service-prod06.ol.epicgames.com/mcp,B_probable_mcp,bearer_token,False,401,,,,,,,,False,,,,"Bearer error=invalid_token, error_description=""Jwt is missing"", realm=""fngw-svc""",umbrella_majestic_apex,
listen.achievers.com,https://listen.achievers.com/api/mcp,B_probable_mcp,bearer_token,False,401,,,,,,,,False,,,,Bearer,umbrella_majestic_apex,
liveops.homagames.com,https://liveops.homagames.com/mcp,B_probable_mcp,bearer_token,False,401,,,,,,,,False,,,,Bearer,umbrella_majestic_apex,
login.vivaldi.net,https://login.vivaldi.net/mcp,B_probable_mcp,bearer_token,False,401,,,,,,,,False,,,,Bearer realm=login.vivaldi.net,umbrella_majestic_apex,
magicbell.usefulapi.io,https://magicbell.usefulapi.io/sse,B_probable_mcp,bearer_token,False,401,,,,,,,,False,,,,"Bearer realm=""OAuth"", resource_metadata=""https://magicbell.usefulapi.io/.well-known/oauth-protected-resource/sse"", error=""invalid_token"", error_description=""Missing or invalid access token""",mcp_registry,
mcp-server-production-5112.up.railway.app,https://mcp-server-production-5112.up.railway.app/mcp,B_probable_mcp,bearer_token,False,401,,,,,,,,False,,,,Bearer,mcp_registry,
media-gateway.mlb.com,https://media-gateway.mlb.com/mcp,B_probable_mcp,bearer_token,False,401,,,,,,,,False,,,,Bearer,umbrella_majestic_apex,
messaging.atext-prod.athena.io,https://messaging.atext-prod.athena.io/mcp,B_probable_mcp,bearer_token,False,401,,,,,,,,False,,,,Bearer,umbrella_majestic_apex,
msba.org,https://msba.org/api/mcp,B_probable_mcp,bearer_token,False,401,,,,,,,,False,,,,Bearer,umbrella_majestic_apex,
nabe.com,https://nabe.com/api/mcp,B_probable_mcp,bearer_token,False,401,,,,,,,,False,,,,Bearer,umbrella_majestic_apex,
noonlightapi.devicetask.com,https://noonlightapi.devicetask.com/mcp,B_probable_mcp,bearer_token,False,401,,,,,,,,False,,,,Bearer,umbrella_majestic_apex,
ontoramp-decision-intelligence.fly.dev,https://ontoramp-decision-intelligence.fly.dev/mcp,B_probable_mcp,bearer_token,False,401,,,,,,,,False,,,,"Bearer realm=""OntoRamp MCP"", error=""invalid_token"", error_description=""Provide a valid OntoRamp API key as a Bearer token; register at https://ontoramp.com/mcp"", error_uri=""https://ontoramp.com/mcp""",mcp_registry,
ontoramp-graph-query.fly.dev,https://ontoramp-graph-query.fly.dev/mcp,B_probable_mcp,bearer_token,False,401,,,,,,,,False,,,,"Bearer realm=""OntoRamp MCP"", error=""invalid_token"", error_description=""Provide a valid OntoRamp API key as a Bearer token; register at https://ontoramp.com/mcp"", error_uri=""https://ontoramp.com/mcp""",mcp_registry,
ontoramp-knowledge-cartographer.fly.dev,https://ontoramp-knowledge-cartographer.fly.dev/mcp,B_probable_mcp,bearer_token,False,401,,,,,,,,False,,,,"Bearer realm=""OntoRamp MCP"", error=""invalid_token"", error_description=""Provide a valid OntoRamp API key as a Bearer token; register at https://ontoramp.com/mcp"", error_uri=""https://ontoramp.com/mcp""",mcp_registry,
ontoramp-transformation-radar.fly.dev,https://ontoramp-transformation-radar.fly.dev/mcp,B_probable_mcp,bearer_token,False,401,,,,,,,,False,,,,"Bearer realm=""OntoRamp MCP"", error=""invalid_token"", error_description=""Provide a valid OntoRamp API key as a Bearer token; register at https://ontoramp.com/mcp"", error_uri=""https://ontoramp.com/mcp""",mcp_registry,
openair-california.airtrfx.com,https://openair-california.airtrfx.com/mcp,B_probable_mcp,bearer_token,False,401,,,,,,,,False,,,,Bearer,umbrella_majestic_apex,
payment.schibsted.no,https://payment.schibsted.no/api/mcp,B_probable_mcp,bearer_token,False,401,,,,,,,,False,,,,"Bearer realm=""Service"", error=""no token passed""",umbrella_majestic_apex,
pcs.geforcenow.com,https://pcs.geforcenow.com/mcp,B_probable_mcp,bearer_token,False,401,,,,,,,,False,,,,Bearer,umbrella_majestic_apex,
playback-detail.sr.roku.com,https://playback-detail.sr.roku.com/mcp,B_probable_mcp,bearer_token,False,401,,,,,,,,False,,,,"Bearer realm=""https://playback-detail.sr.roku.com/mcp""",umbrella_majestic_apex,
poseidon.cbssports.com,https://poseidon.cbssports.com/mcp,B_probable_mcp,bearer_token,False,401,,,,,,,,False,,,,Bearer,umbrella_majestic_apex,
presence.auea-e-prod.ic3-unified-presence.australiaeast-prod.cosmic.office.net,https://presence.auea-e-prod.ic3-unified-presence.australiaeast-prod.cosmic.office.net/mcp,B_probable_mcp,bearer_token,False,401,,,,,,,,False,,,,"Bearer authorization_uri=""https://login.microsoftonline.com/common/oauth2/authorize""",umbrella_majestic_apex,
presence.jpwe-e-prod.ic3-unified-presence.japanwest-prod.cosmic.office.net,https://presence.jpwe-e-prod.ic3-unified-presence.japanwest-prod.cosmic.office.net/mcp,B_probable_mcp,bearer_token,False,401,,,,,,,,False,,,,"Bearer authorization_uri=""https://login.microsoftonline.com/common/oauth2/authorize""",umbrella_majestic_apex,
presence.maso-e-prod.ic3-unified-presence.malaysiasouth-prod.cosmic.office.net,https://presence.maso-e-prod.ic3-unified-presence.malaysiasouth-prod.cosmic.office.net/sse,B_probable_mcp,bearer_token,False,401,,,,,,,,False,,,,"Bearer authorization_uri=""https://login.microsoftonline.com/common/oauth2/authorize""",umbrella_majestic_apex,
presence.teams.live.com,https://presence.teams.live.com/mcp,B_probable_mcp,bearer_token,False,401,,,,,,,,False,,,,"Bearer authorization_uri=""https://login.microsoftonline.com/common/oauth2/authorize""",umbrella_majestic_apex,
qacat-mcp.qacat.workers.dev,https://qacat-mcp.qacat.workers.dev/mcp,B_probable_mcp,bearer_token,False,401,,,,,,,,False,,,,"Bearer realm=""qacat-mcp""",mcp_registry,
ria2-mobilemoney.fiservmobileapps.com,https://ria2-mobilemoney.fiservmobileapps.com/api/mcp,B_probable_mcp,bearer_token,False,401,,,,,,,,False,,,,"Bearer realm=""null"",error=""invalid_token"",error_description=""oauth.v2.InvalidAccessToken: Invalid access token""",umbrella_majestic_apex,
rights-manager.sr.roku.com,https://rights-manager.sr.roku.com/mcp,B_probable_mcp,bearer_token,False,401,,,,,,,,False,,,,"Bearer realm=""https://rights-manager.sr.roku.com/mcp""",umbrella_majestic_apex,
rt.services.visualstudio.com,https://rt.services.visualstudio.com/mcp,B_probable_mcp,bearer_token,False,401,,,,,,,,False,,,,"Bearer error=""invalid_token"", error_description=""Forbidden""",umbrella_majestic_apex,
services.autopatch.microsoft.us,https://services.autopatch.microsoft.us/mcp,B_probable_mcp,bearer_token,False,401,,,,,,,,False,,,,"Bearer error=""invalid_token""",umbrella_majestic_apex,
setfork.com,https://setfork.com/api/mcp,B_probable_mcp,bearer_token,False,401,,,,,,,,False,,,,"Bearer error=""invalid_token"", error_description=""No authorization provided"", resource_metadata=""https://setfork.com/.well-known/oauth-protected-resource""",mcp_registry,
stats.klevu.com,https://stats.klevu.com/api/mcp,B_probable_mcp,bearer_token,False,401,,,,,,,,False,,,,Bearer,umbrella_majestic_apex,
streamshortcut.staycek.workers.dev,https://streamshortcut.staycek.workers.dev/mcp,B_probable_mcp,bearer_token,False,401,,,,,,,,False,,,,"Bearer realm=""shortcut"", error=""invalid_request"", error_description=""Shortcut API token required via X-Shortcut-Token or Authorization: Bearer""",mcp_registry,
tcg.org,https://tcg.org/api/mcp,B_probable_mcp,bearer_token,False,401,,,,,,,,False,,,,Bearer,umbrella_majestic_apex,
themes-service.sr.roku.com,https://themes-service.sr.roku.com/mcp,B_probable_mcp,bearer_token,False,401,,,,,,,,False,,,,"Bearer realm=""https://themes-service.sr.roku.com/mcp""",umbrella_majestic_apex,
tus-http.production-public.tubi.io,https://tus-http.production-public.tubi.io/mcp,B_probable_mcp,bearer_token,False,401,,,,,,,,False,,,,"Bearer realm=""TUS API""",umbrella_majestic_apex,
uas-a127-apiman.api.bbc.co.uk,https://uas-a127-apiman.api.bbc.co.uk/mcp,B_probable_mcp,bearer_token,False,401,,,,,,,,False,,,,"Bearer realm=""/""",umbrella_majestic_apex,
uas-a127-apiman.live.24ca1eb415514906.xhst.bbci.co.uk,https://uas-a127-apiman.live.24ca1eb415514906.xhst.bbci.co.uk/mcp,B_probable_mcp,bearer_token,False,401,,,,,,,,False,,,,"Bearer realm=""/""",umbrella_majestic_apex,
userdata.sr.roku.com,https://userdata.sr.roku.com/mcp,B_probable_mcp,bearer_token,False,401,,,,,,,,False,,,,"Bearer realm=""https://userdata.sr.roku.com/mcp""",umbrella_majestic_apex,
uvapi.okcdn.ru,https://uvapi.okcdn.ru/mcp,B_probable_mcp,bearer_token,False,401,,,,,,,,False,,,,Bearer,umbrella_majestic_apex,
vergio.ai,https://vergio.ai/api/mcp,B_probable_mcp,bearer_token,False,401,,,,,,,,False,,,,"Bearer error=""invalid_token"", error_description=""No authorization provided"", resource_metadata=""https://vergio.ai/.well-known/oauth-protected-resource/api/mcp""",mcp_registry,
websocket.paypay.ne.jp,https://websocket.paypay.ne.jp/mcp,B_probable_mcp,bearer_token,False,401,,,,,,,,False,,,,"Bearer error=""unauthorized"", error_description=""Full authentication is required to access this resource""",umbrella_majestic_apex,
