host,endpoint,confidence,auth,oauth_confirmed,http_status,server_name,server_version,protocol_version,capabilities,authorization_endpoint,token_endpoint,registration_endpoint,dynamic_client_registration,scopes,issuer,prm_url,www_authenticate,discovery_source,platform_auth
fc.de,https://fc.de/api/mcp,A_verified_mcp,none_public,False,200,storefront-renderer,0.1.0,2025-06-18,"logging,prompts,resources,tools",,,,False,,,,,dns_apex_spray,shopify_storefront
cduniverse.com,https://cduniverse.com/api/mcp,A_verified_mcp,oauth,True,200,storefront-renderer,0.1.0,2025-06-18,"logging,prompts,resources,tools",https://shopify.com/authentication/65244889270/oauth/authorize,https://shopify.com/authentication/65244889270/oauth/token,,False,"openid,email,customer-account-api:full,customer-account-mcp-api:full",https://shopify.com/authentication/65244889270,https://cduniverse.com/.well-known/oauth-protected-resource,,dns_apex_spray,shopify_storefront
ericclapton.com,https://ericclapton.com/api/mcp,A_verified_mcp,oauth,True,200,storefront-renderer,0.1.0,2025-06-18,"logging,prompts,resources,tools",https://shopify.com/authentication/66629042498/oauth/authorize,https://shopify.com/authentication/66629042498/oauth/token,,False,"openid,email,customer-account-api:full,customer-account-mcp-api:full",https://shopify.com/authentication/66629042498,https://ericclapton.com/.well-known/oauth-protected-resource,,dns_apex_spray,shopify_storefront
dakine.com,https://dakine.com/api/mcp,A_verified_mcp,oauth,True,200,storefront-renderer,0.1.0,2025-06-18,"logging,prompts,resources,tools",https://shopify.com/authentication/24231411792/oauth/authorize,https://shopify.com/authentication/24231411792/oauth/token,,False,"openid,email,customer-account-api:full,customer-account-mcp-api:full",https://shopify.com/authentication/24231411792,https://dakine.com/.well-known/oauth-protected-resource,,dns_apex_spray,shopify_storefront
frys.com,https://frys.com/api/mcp,A_verified_mcp,oauth,True,200,storefront-renderer,0.1.0,2025-06-18,"logging,prompts,resources,tools",https://shopify.com/authentication/73806938329/oauth/authorize,https://shopify.com/authentication/73806938329/oauth/token,,False,"openid,email,customer-account-api:full,customer-account-mcp-api:full",https://shopify.com/authentication/73806938329,https://frys.com/.well-known/oauth-protected-resource,,dns_apex_spray,shopify_storefront
fantagraphics.com,https://fantagraphics.com/api/mcp,A_verified_mcp,oauth,True,200,storefront-renderer,0.1.0,2025-06-18,"logging,prompts,resources,tools",https://account.fantagraphics.com/authentication/oauth/authorize,https://account.fantagraphics.com/authentication/oauth/token,,False,"openid,email,customer-account-api:full,customer-account-mcp-api:full",https://shopify.com/authentication/32273399944,https://fantagraphics.com/.well-known/oauth-protected-resource,,dns_apex_spray,shopify_storefront
anastasiabeverlyhills.com,https://anastasiabeverlyhills.com/api/mcp,A_verified_mcp,oauth,True,200,storefront-renderer,0.1.0,2025-06-18,"logging,prompts,resources,tools",https://shopify.com/authentication/75102191907/oauth/authorize,https://shopify.com/authentication/75102191907/oauth/token,,False,"openid,email,customer-account-api:full,customer-account-mcp-api:full",https://shopify.com/authentication/75102191907,,,dns_apex_spray,shopify_storefront
gerbergear.com,https://gerbergear.com/api/mcp,A_verified_mcp,oauth,True,200,storefront-renderer,0.1.0,2025-06-18,"logging,prompts,resources,tools",https://account.gerbergear.com/authentication/oauth/authorize,https://account.gerbergear.com/authentication/oauth/token,,False,"openid,email,customer-account-api:full,customer-account-mcp-api:full",https://shopify.com/authentication/74048766124,https://gerbergear.com/.well-known/oauth-protected-resource,,dns_apex_spray,shopify_storefront
choosemuse.com,https://choosemuse.com/api/mcp,A_verified_mcp,none_public,False,200,storefront-renderer,0.1.0,2025-06-18,"logging,prompts,resources,tools",,,,False,,,,,dns_apex_spray,shopify_storefront
fashionnova.com,https://fashionnova.com/api/mcp,A_verified_mcp,oauth,True,200,storefront-renderer,0.1.0,2025-06-18,"logging,prompts,resources,tools",https://account.fashionnova.com/authentication/oauth/authorize,https://account.fashionnova.com/authentication/oauth/token,,False,"openid,email,customer-account-api:full,customer-account-mcp-api:full",https://shopify.com/authentication/2939277,https://fashionnova.com/.well-known/oauth-protected-resource,,dns_apex_spray,shopify_storefront
gardeners.com,https://gardeners.com/api/mcp,A_verified_mcp,oauth,True,200,storefront-renderer,0.1.0,2025-06-18,"logging,prompts,resources,tools",https://shopify.com/authentication/77090324705/oauth/authorize,https://shopify.com/authentication/77090324705/oauth/token,,False,"openid,email,customer-account-api:full,customer-account-mcp-api:full",https://shopify.com/authentication/77090324705,https://gardeners.com/.well-known/oauth-protected-resource,,dns_apex_spray,shopify_storefront
hulkapps.com,https://hulkapps.com/api/mcp,A_verified_mcp,oauth,True,200,storefront-renderer,0.1.0,2025-06-18,"logging,prompts,resources,tools",https://shopify.com/authentication/15647647/oauth/authorize,https://shopify.com/authentication/15647647/oauth/token,,False,"openid,email,customer-account-api:full,customer-account-mcp-api:full",https://shopify.com/authentication/15647647,https://hulkapps.com/.well-known/oauth-protected-resource,,dns_apex_spray,shopify_storefront
fcb.ch,https://fcb.ch/api/mcp,A_verified_mcp,oauth,True,200,storefront-renderer,0.1.0,2025-06-18,"logging,prompts,resources,tools",https://shopify.com/authentication/92387901821/oauth/authorize,https://shopify.com/authentication/92387901821/oauth/token,,False,"openid,email,customer-account-api:full,customer-account-mcp-api:full",https://shopify.com/authentication/92387901821,https://fcb.ch/.well-known/oauth-protected-resource,,dns_apex_spray,shopify_storefront
buywptemplates.com,https://buywptemplates.com/api/mcp,A_verified_mcp,oauth,True,200,storefront-renderer,0.1.0,2025-06-18,"logging,prompts,resources,tools",https://shopify.com/authentication/64660439192/oauth/authorize,https://shopify.com/authentication/64660439192/oauth/token,,False,"openid,email,customer-account-api:full,customer-account-mcp-api:full",https://shopify.com/authentication/64660439192,,,dns_apex_spray,shopify_storefront
collins.co.uk,https://collins.co.uk/api/mcp,A_verified_mcp,oauth,True,200,storefront-renderer,0.1.0,2025-06-18,"logging,prompts,resources,tools",https://shopify.com/authentication/24733068/oauth/authorize,https://shopify.com/authentication/24733068/oauth/token,,False,"openid,email,customer-account-api:full,customer-account-mcp-api:full",https://shopify.com/authentication/24733068,https://collins.co.uk/.well-known/oauth-protected-resource,,dns_apex_spray,shopify_storefront
bushnell.com,https://bushnell.com/api/mcp,A_verified_mcp,oauth,True,200,storefront-renderer,0.1.0,2025-06-18,"logging,prompts,resources,tools",https://shopify.com/authentication/94727962920/oauth/authorize,https://shopify.com/authentication/94727962920/oauth/token,,False,"openid,email,customer-account-api:full,customer-account-mcp-api:full",https://shopify.com/authentication/94727962920,https://bushnell.com/.well-known/oauth-protected-resource,,dns_apex_spray,shopify_storefront
doshaburi.com,https://doshaburi.com/api/mcp,A_verified_mcp,oauth,True,200,storefront-renderer,0.1.0,2025-06-18,"logging,prompts,resources,tools",https://shopify.com/authentication/28739526/oauth/authorize,https://shopify.com/authentication/28739526/oauth/token,,False,"openid,email,customer-account-api:full,customer-account-mcp-api:full",https://shopify.com/authentication/28739526,https://doshaburi.com/.well-known/oauth-protected-resource,,dns_apex_spray,shopify_storefront
cbdfx.com,https://cbdfx.com/api/mcp,A_verified_mcp,oauth,True,200,storefront-renderer,0.1.0,2025-06-18,"logging,prompts,resources,tools",https://account.cbdfx.com/authentication/oauth/authorize,https://account.cbdfx.com/authentication/oauth/token,,False,"openid,email,customer-account-api:full,customer-account-mcp-api:full",https://shopify.com/authentication/69397577879,https://cbdfx.com/.well-known/oauth-protected-resource,,dns_apex_spray,shopify_storefront
100percentpure.com,https://100percentpure.com/api/mcp,A_verified_mcp,oauth,True,200,storefront-renderer,0.1.0,2025-06-18,"logging,prompts,resources,tools",https://shopify.com/authentication/6481955/oauth/authorize,https://shopify.com/authentication/6481955/oauth/token,,False,"openid,email,customer-account-api:full,customer-account-mcp-api:full",https://shopify.com/authentication/6481955,https://100percentpure.com/.well-known/oauth-protected-resource,,dns_apex_spray,shopify_storefront
builddirect.com,https://builddirect.com/api/mcp,A_verified_mcp,oauth,True,200,storefront-renderer,0.1.0,2025-06-18,"logging,prompts,resources,tools",https://shopify.com/authentication/74442899753/oauth/authorize,https://shopify.com/authentication/74442899753/oauth/token,,False,"openid,email,customer-account-api:full,customer-account-mcp-api:full",https://shopify.com/authentication/74442899753,https://builddirect.com/.well-known/oauth-protected-resource,,dns_apex_spray,shopify_storefront
dcshoes.com,https://dcshoes.com/api/mcp,A_verified_mcp,oauth,True,200,storefront-renderer,0.1.0,2025-06-18,"logging,prompts,resources,tools",https://account.dcshoes.com/authentication/oauth/authorize,https://account.dcshoes.com/authentication/oauth/token,,False,"openid,email,customer-account-api:full,customer-account-mcp-api:full",https://shopify.com/authentication/62842601625,https://dcshoes.com/.well-known/oauth-protected-resource,,dns_apex_spray,shopify_storefront
brookstone.com,https://brookstone.com/api/mcp,A_verified_mcp,oauth,True,200,storefront-renderer,0.1.0,2025-06-18,"logging,prompts,resources,tools",https://account.brookstone.com/authentication/oauth/authorize,https://account.brookstone.com/authentication/oauth/token,,False,"openid,email,customer-account-api:full,customer-account-mcp-api:full",https://shopify.com/authentication/26222264423,https://brookstone.com/.well-known/oauth-protected-resource,,dns_apex_spray,shopify_storefront
defjam.com,https://defjam.com/api/mcp,A_verified_mcp,oauth,True,200,storefront-renderer,0.1.0,2025-06-18,"logging,prompts,resources,tools",https://shopify.com/authentication/19786859/oauth/authorize,https://shopify.com/authentication/19786859/oauth/token,,False,"openid,email,customer-account-api:full,customer-account-mcp-api:full",https://shopify.com/authentication/19786859,https://defjam.com/.well-known/oauth-protected-resource,,dns_apex_spray,shopify_storefront
confluenceoutdoor.com,https://confluenceoutdoor.com/api/mcp,A_verified_mcp,oauth,True,200,storefront-renderer,0.1.0,2025-06-18,"logging,prompts,resources,tools",https://shopify.com/authentication/73797206317/oauth/authorize,https://shopify.com/authentication/73797206317/oauth/token,,False,"openid,email,customer-account-api:full,customer-account-mcp-api:full",https://shopify.com/authentication/73797206317,,,dns_apex_spray,shopify_storefront
ateliertrottinette.ch,https://ateliertrottinette.ch/api/mcp,A_verified_mcp,oauth,True,200,storefront-renderer,0.1.0,2025-06-18,"logging,prompts,resources,tools",https://account.ateliertrottinette.ch/authentication/oauth/authorize,https://account.ateliertrottinette.ch/authentication/oauth/token,,False,"openid,email,customer-account-api:full,customer-account-mcp-api:full",https://shopify.com/authentication/94320755066,https://ateliertrottinette.ch/.well-known/oauth-protected-resource,,dns_apex_spray,shopify_storefront
giunti.it,https://giunti.it/api/mcp,A_verified_mcp,oauth,True,200,storefront-renderer,0.1.0,2025-06-18,"logging,prompts,resources,tools",https://shopify.com/authentication/72983576897/oauth/authorize,https://shopify.com/authentication/72983576897/oauth/token,,False,"openid,email,customer-account-api:full,customer-account-mcp-api:full",https://shopify.com/authentication/72983576897,,,dns_apex_spray,shopify_storefront
ashdeco.com,https://ashdeco.com/api/mcp,A_verified_mcp,oauth,True,200,storefront-renderer,0.1.0,2025-06-18,"logging,prompts,resources,tools",https://shopify.com/authentication/90759856435/oauth/authorize,https://shopify.com/authentication/90759856435/oauth/token,,False,"openid,email,customer-account-api:full,customer-account-mcp-api:full",https://shopify.com/authentication/90759856435,https://ashdeco.com/.well-known/oauth-protected-resource,,dns_apex_spray,shopify_storefront
designmiami.com,https://designmiami.com/api/mcp,A_verified_mcp,none_public,False,200,storefront-renderer,0.1.0,2025-06-18,"logging,prompts,resources,tools",,,,False,,,,,dns_apex_spray,shopify_storefront
chroniclebooks.com,https://chroniclebooks.com/api/mcp,A_verified_mcp,oauth,True,200,storefront-renderer,0.1.0,2025-06-18,"logging,prompts,resources,tools",https://accounts.chroniclebooks.com/authentication/oauth/authorize,https://accounts.chroniclebooks.com/authentication/oauth/token,,False,"openid,email,customer-account-api:full,customer-account-mcp-api:full",https://shopify.com/authentication/26172915805,https://chroniclebooks.com/.well-known/oauth-protected-resource,,dns_apex_spray,shopify_storefront
groworganic.com,https://groworganic.com/api/mcp,A_verified_mcp,oauth,True,200,storefront-renderer,0.1.0,2025-06-18,"logging,prompts,resources,tools",https://account.groworganic.com/authentication/oauth/authorize,https://account.groworganic.com/authentication/oauth/token,,False,"openid,email,customer-account-api:full,customer-account-mcp-api:full",https://shopify.com/authentication/6113919089,,,dns_apex_spray,shopify_storefront
davisnet.com,https://davisnet.com/api/mcp,A_verified_mcp,oauth,True,200,storefront-renderer,0.1.0,2025-06-18,"logging,prompts,resources,tools",https://shopify.com/authentication/51559923873/oauth/authorize,https://shopify.com/authentication/51559923873/oauth/token,,False,"openid,email,customer-account-api:full,customer-account-mcp-api:full",https://shopify.com/authentication/51559923873,https://davisnet.com/.well-known/oauth-protected-resource,,dns_apex_spray,shopify_storefront
4ocean.com,https://4ocean.com/api/mcp,A_verified_mcp,oauth,True,200,storefront-renderer,0.1.0,2025-06-18,"logging,prompts,resources,tools",https://shopify.com/authentication/9961022/oauth/authorize,https://shopify.com/authentication/9961022/oauth/token,,False,"openid,email,customer-account-api:full,customer-account-mcp-api:full",https://shopify.com/authentication/9961022,https://4ocean.com/.well-known/oauth-protected-resource,,dns_apex_spray,shopify_storefront
cheefbotanicals.com,https://cheefbotanicals.com/api/mcp,A_verified_mcp,oauth,True,200,storefront-renderer,0.1.0,2025-06-18,"logging,prompts,resources,tools",https://account.cheefbotanicals.com/authentication/oauth/authorize,https://account.cheefbotanicals.com/authentication/oauth/token,,False,"openid,email,customer-account-api:full,customer-account-mcp-api:full",https://shopify.com/authentication/69533008064,https://cheefbotanicals.com/.well-known/oauth-protected-resource,,dns_apex_spray,shopify_storefront
3dtotal.com,https://3dtotal.com/api/mcp,A_verified_mcp,oauth,True,200,storefront-renderer,0.1.0,2025-06-18,"logging,prompts,resources,tools",https://shopify.com/authentication/49143087266/oauth/authorize,https://shopify.com/authentication/49143087266/oauth/token,,False,"openid,email,customer-account-api:full,customer-account-mcp-api:full",https://shopify.com/authentication/49143087266,https://3dtotal.com/.well-known/oauth-protected-resource,,dns_apex_spray,shopify_storefront
duiko.guru,https://duiko.guru/api/mcp,A_verified_mcp,oauth,True,200,storefront-renderer,0.1.0,2025-06-18,"logging,prompts,resources,tools",https://account.duiko.guru/authentication/oauth/authorize,https://account.duiko.guru/authentication/oauth/token,,False,"openid,email,customer-account-api:full,customer-account-mcp-api:full",https://shopify.com/authentication/86789587286,https://duiko.guru/.well-known/oauth-protected-resource,,dns_apex_spray,shopify_storefront
dk.com,https://dk.com/api/mcp,A_verified_mcp,oauth,True,200,storefront-renderer,0.1.0,2025-06-18,"logging,prompts,resources,tools",https://shopify.com/authentication/63578046521/oauth/authorize,https://shopify.com/authentication/63578046521/oauth/token,,False,"openid,email,customer-account-api:full,customer-account-mcp-api:full",https://shopify.com/authentication/63578046521,https://dk.com/.well-known/oauth-protected-resource,,dns_apex_spray,shopify_storefront
arkivmusic.com,https://arkivmusic.com/api/mcp,A_verified_mcp,oauth,True,200,storefront-renderer,0.1.0,2025-06-18,"logging,prompts,resources,tools",https://shopify.com/authentication/61434233066/oauth/authorize,https://shopify.com/authentication/61434233066/oauth/token,,False,"openid,email,customer-account-api:full,customer-account-mcp-api:full",https://shopify.com/authentication/61434233066,https://arkivmusic.com/.well-known/oauth-protected-resource,,dns_apex_spray,shopify_storefront
artfire.com,https://artfire.com/api/mcp,A_verified_mcp,oauth,True,200,storefront-renderer,0.1.0,2025-06-18,"logging,prompts,resources,tools",https://account.lucasgift.com/authentication/oauth/authorize,https://account.lucasgift.com/authentication/oauth/token,,False,"openid,email,customer-account-api:full,customer-account-mcp-api:full",https://shopify.com/authentication/52849574071,https://artfire.com/.well-known/oauth-protected-resource,,dns_apex_spray,shopify_storefront
explodingkittens.com,https://explodingkittens.com/api/mcp,A_verified_mcp,oauth,True,200,storefront-renderer,0.1.0,2025-06-18,"logging,prompts,resources,tools",https://shopify.com/authentication/34591801483/oauth/authorize,https://shopify.com/authentication/34591801483/oauth/token,,False,"openid,email,customer-account-api:full,customer-account-mcp-api:full",https://shopify.com/authentication/34591801483,https://explodingkittens.com/.well-known/oauth-protected-resource,,dns_apex_spray,shopify_storefront
driesvannoten.com,https://driesvannoten.com/api/mcp,A_verified_mcp,oauth,True,200,storefront-renderer,0.1.0,2025-06-18,"logging,prompts,resources,tools",https://shopify.com/authentication/58974732484/oauth/authorize,https://shopify.com/authentication/58974732484/oauth/token,,False,"openid,email,customer-account-api:full,customer-account-mcp-api:full",https://shopify.com/authentication/58974732484,https://driesvannoten.com/.well-known/oauth-protected-resource,,dns_apex_spray,shopify_storefront
davidstea.com,https://davidstea.com/api/mcp,A_verified_mcp,oauth,True,200,storefront-renderer,0.1.0,2025-06-18,"logging,prompts,resources,tools",https://account.davidstea.com/authentication/oauth/authorize,https://account.davidstea.com/authentication/oauth/token,,False,"openid,email,customer-account-api:full,customer-account-mcp-api:full",https://shopify.com/authentication/68737859824,https://davidstea.com/.well-known/oauth-protected-resource,,dns_apex_spray,shopify_storefront
bluefly.com,https://bluefly.com/api/mcp,A_verified_mcp,oauth,True,200,storefront-renderer,0.1.0,2025-06-18,"logging,prompts,resources,tools",https://account.bluefly.com/authentication/oauth/authorize,https://account.bluefly.com/authentication/oauth/token,,False,"openid,email,customer-account-api:full,customer-account-mcp-api:full",https://shopify.com/authentication/24834736191,https://bluefly.com/.well-known/oauth-protected-resource,,dns_apex_spray,shopify_storefront
blink182.com,https://blink182.com/api/mcp,A_verified_mcp,oauth,True,200,storefront-renderer,0.1.0,2025-06-18,"logging,prompts,resources,tools",https://shopify.com/authentication/70594035955/oauth/authorize,https://shopify.com/authentication/70594035955/oauth/token,,False,"openid,email,customer-account-api:full,customer-account-mcp-api:full",https://shopify.com/authentication/70594035955,https://blink182.com/.well-known/oauth-protected-resource,,dns_apex_spray,shopify_storefront
blendtec.com,https://blendtec.com/api/mcp,A_verified_mcp,oauth,True,200,storefront-renderer,0.1.0,2025-06-18,"logging,prompts,resources,tools",https://shopify.com/authentication/21820257/oauth/authorize,https://shopify.com/authentication/21820257/oauth/token,,False,"openid,email,customer-account-api:full,customer-account-mcp-api:full",https://shopify.com/authentication/21820257,https://blendtec.com/.well-known/oauth-protected-resource,,dns_apex_spray,shopify_storefront
iogear.com,https://iogear.com/api/mcp,A_verified_mcp,oauth,True,200,storefront-renderer,0.1.0,2025-06-18,"logging,prompts,resources,tools",https://shopify.com/authentication/65420361981/oauth/authorize,https://shopify.com/authentication/65420361981/oauth/token,,False,"openid,email,customer-account-api:full,customer-account-mcp-api:full",https://shopify.com/authentication/65420361981,https://iogear.com/.well-known/oauth-protected-resource,,dns_apex_spray,shopify_storefront
bkconnection.com,https://bkconnection.com/api/mcp,A_verified_mcp,oauth,True,200,storefront-renderer,0.1.0,2025-06-18,"logging,prompts,resources,tools",https://shopify.com/authentication/89993085291/oauth/authorize,https://shopify.com/authentication/89993085291/oauth/token,,False,"openid,email,customer-account-api:full,customer-account-mcp-api:full",https://shopify.com/authentication/89993085291,https://bkconnection.com/.well-known/oauth-protected-resource,,dns_apex_spray,shopify_storefront
ctek.com,https://ctek.com/api/mcp,A_verified_mcp,oauth,True,200,storefront-renderer,0.1.0,2025-06-18,"logging,prompts,resources,tools",https://account.ctek.se/authentication/oauth/authorize,https://account.ctek.se/authentication/oauth/token,,False,"openid,email,customer-account-api:full,customer-account-mcp-api:full",https://shopify.com/authentication/97491976524,https://ctek.com/.well-known/oauth-protected-resource,,dns_apex_spray,shopify_storefront
ems.com,https://ems.com/api/mcp,A_verified_mcp,oauth,True,200,storefront-renderer,0.1.0,2025-06-18,"logging,prompts,resources,tools",https://shopify.com/authentication/90014974322/oauth/authorize,https://shopify.com/authentication/90014974322/oauth/token,,False,"openid,email,customer-account-api:full,customer-account-mcp-api:full",https://shopify.com/authentication/90014974322,https://ems.com/.well-known/oauth-protected-resource,,dns_apex_spray,shopify_storefront
inventables.com,https://inventables.com/api/mcp,A_verified_mcp,oauth,True,200,storefront-renderer,0.1.0,2025-06-18,"logging,prompts,resources,tools",https://shopify.com/authentication/60429828153/oauth/authorize,https://shopify.com/authentication/60429828153/oauth/token,,False,"openid,email,customer-account-api:full,customer-account-mcp-api:full",https://shopify.com/authentication/60429828153,https://inventables.com/.well-known/oauth-protected-resource,,dns_apex_spray,shopify_storefront
culturesforhealth.com,https://culturesforhealth.com/api/mcp,A_verified_mcp,oauth,True,200,storefront-renderer,0.1.0,2025-06-18,"logging,prompts,resources,tools",https://shopify.com/authentication/7707590720/oauth/authorize,https://shopify.com/authentication/7707590720/oauth/token,,False,"openid,email,customer-account-api:full,customer-account-mcp-api:full",https://shopify.com/authentication/7707590720,https://culturesforhealth.com/.well-known/oauth-protected-resource,,dns_apex_spray,shopify_storefront
anseladams.com,https://anseladams.com/api/mcp,A_verified_mcp,oauth,True,200,storefront-renderer,0.1.0,2025-06-18,"logging,prompts,resources,tools",https://shopify.com/authentication/11431542848/oauth/authorize,https://shopify.com/authentication/11431542848/oauth/token,,False,"openid,email,customer-account-api:full,customer-account-mcp-api:full",https://shopify.com/authentication/11431542848,https://anseladams.com/.well-known/oauth-protected-resource,,dns_apex_spray,shopify_storefront
arcticmonkeys.com,https://arcticmonkeys.com/api/mcp,A_verified_mcp,oauth,True,200,storefront-renderer,0.1.0,2025-06-18,"logging,prompts,resources,tools",https://shopify.com/authentication/65264910583/oauth/authorize,https://shopify.com/authentication/65264910583/oauth/token,,False,"openid,email,customer-account-api:full,customer-account-mcp-api:full",https://shopify.com/authentication/65264910583,https://arcticmonkeys.com/.well-known/oauth-protected-resource,,dns_apex_spray,shopify_storefront
anovaculinary.com,https://anovaculinary.com/api/mcp,A_verified_mcp,none_public,False,200,storefront-renderer,0.1.0,2025-06-18,"logging,prompts,resources,tools",,,,False,,,,,dns_apex_spray,shopify_storefront
drbronner.com,https://drbronner.com/api/mcp,A_verified_mcp,oauth,True,200,storefront-renderer,0.1.0,2025-06-18,"logging,prompts,resources,tools",https://account.drbronner.com/authentication/oauth/authorize,https://account.drbronner.com/authentication/oauth/token,,False,"openid,email,customer-account-api:full,customer-account-mcp-api:full",https://shopify.com/authentication/42434756772,https://drbronner.com/.well-known/oauth-protected-resource,,dns_apex_spray,shopify_storefront
altn.com,https://altn.com/api/mcp,A_verified_mcp,oauth,True,200,storefront-renderer,0.1.0,2025-06-18,"logging,prompts,resources,tools",https://shopify.com/authentication/10326736932/oauth/authorize,https://shopify.com/authentication/10326736932/oauth/token,,False,"openid,email,customer-account-api:full,customer-account-mcp-api:full",https://shopify.com/authentication/10326736932,https://altn.com/.well-known/oauth-protected-resource,,dns_apex_spray,shopify_storefront
bee-link.com,https://bee-link.com/api/mcp,A_verified_mcp,oauth,True,200,storefront-renderer,0.1.0,2025-06-18,"logging,prompts,resources,tools",https://shopify.com/authentication/50513608884/oauth/authorize,https://shopify.com/authentication/50513608884/oauth/token,,False,"openid,email,customer-account-api:full,customer-account-mcp-api:full",https://shopify.com/authentication/50513608884,https://bee-link.com/.well-known/oauth-protected-resource,,dns_apex_spray,shopify_storefront
eartheasy.com,https://eartheasy.com/api/mcp,A_verified_mcp,oauth,True,200,storefront-renderer,0.1.0,2025-06-18,"logging,prompts,resources,tools",https://shopify.com/authentication/67045425197/oauth/authorize,https://shopify.com/authentication/67045425197/oauth/token,,False,"openid,email,customer-account-api:full,customer-account-mcp-api:full",https://shopify.com/authentication/67045425197,https://eartheasy.com/.well-known/oauth-protected-resource,,dns_apex_spray,shopify_storefront
eagles.com,https://eagles.com/api/mcp,A_verified_mcp,oauth,True,200,storefront-renderer,0.1.0,2025-06-18,"logging,prompts,resources,tools",https://shopify.com/authentication/74253173047/oauth/authorize,https://shopify.com/authentication/74253173047/oauth/token,,False,"openid,email,customer-account-api:full,customer-account-mcp-api:full",https://shopify.com/authentication/74253173047,https://eagles.com/.well-known/oauth-protected-resource,,dns_apex_spray,shopify_storefront
eaglecreek.com,https://eaglecreek.com/api/mcp,A_verified_mcp,oauth,True,200,storefront-renderer,0.1.0,2025-06-18,"logging,prompts,resources,tools",https://account.eaglecreek.com/authentication/oauth/authorize,https://account.eaglecreek.com/authentication/oauth/token,,False,"openid,email,customer-account-api:full,customer-account-mcp-api:full",https://shopify.com/authentication/55401152649,https://eaglecreek.com/.well-known/oauth-protected-resource,,dns_apex_spray,shopify_storefront
aeropress.com,https://aeropress.com/api/mcp,A_verified_mcp,oauth,True,200,storefront-renderer,0.1.0,2025-06-18,"logging,prompts,resources,tools",https://account.aeropress.com/authentication/oauth/authorize,https://account.aeropress.com/authentication/oauth/token,,False,"openid,email,customer-account-api:full,customer-account-mcp-api:full",https://shopify.com/authentication/60187836659,https://aeropress.com/.well-known/oauth-protected-resource,,dns_apex_spray,shopify_storefront
bebe.com,https://bebe.com/api/mcp,A_verified_mcp,oauth,True,200,storefront-renderer,0.1.0,2025-06-18,"logging,prompts,resources,tools",https://account.bebe.com/authentication/oauth/authorize,https://account.bebe.com/authentication/oauth/token,,False,"openid,email,customer-account-api:full,customer-account-mcp-api:full",https://shopify.com/authentication/3379396672,,,dns_apex_spray,shopify_storefront
dvf.com,https://dvf.com/api/mcp,A_verified_mcp,oauth,True,200,storefront-renderer,0.1.0,2025-06-18,"logging,prompts,resources,tools",https://shopify.com/authentication/52534444186/oauth/authorize,https://shopify.com/authentication/52534444186/oauth/token,,False,"openid,email,customer-account-api:full,customer-account-mcp-api:full",https://shopify.com/authentication/52534444186,https://dvf.com/.well-known/oauth-protected-resource,,dns_apex_spray,shopify_storefront
harpercollins.com.au,https://harpercollins.com.au/api/mcp,A_verified_mcp,oauth,True,200,storefront-renderer,0.1.0,2025-06-18,"logging,prompts,resources,tools",https://shopify.com/authentication/48431759509/oauth/authorize,https://shopify.com/authentication/48431759509/oauth/token,,False,"openid,email,customer-account-api:full,customer-account-mcp-api:full",https://shopify.com/authentication/48431759509,https://harpercollins.com.au/.well-known/oauth-protected-resource,,dns_apex_spray,shopify_storefront
fermliving.com,https://fermliving.com/api/mcp,A_verified_mcp,oauth,True,200,storefront-renderer,0.1.0,2025-06-18,"logging,prompts,resources,tools",https://account.fermliving.com/authentication/oauth/authorize,https://account.fermliving.com/authentication/oauth/token,,False,"openid,email,customer-account-api:full,customer-account-mcp-api:full",https://shopify.com/authentication/15033368640,https://fermliving.com/.well-known/oauth-protected-resource,,dns_apex_spray,shopify_storefront
clifbar.com,https://clifbar.com/api/mcp,A_verified_mcp,oauth,True,200,storefront-renderer,0.1.0,2025-06-18,"logging,prompts,resources,tools",https://account.clifbar.com/authentication/oauth/authorize,https://account.clifbar.com/authentication/oauth/token,,False,"openid,email,customer-account-api:full,customer-account-mcp-api:full",https://shopify.com/authentication/34106376325,https://clifbar.com/.well-known/oauth-protected-resource,,dns_apex_spray,shopify_storefront
beautycounter.com,https://beautycounter.com/api/mcp,A_verified_mcp,oauth,True,200,storefront-renderer,0.1.0,2025-06-18,"logging,prompts,resources,tools",https://shopify.com/authentication/64284524711/oauth/authorize,https://shopify.com/authentication/64284524711/oauth/token,,False,"openid,email,customer-account-api:full,customer-account-mcp-api:full",https://shopify.com/authentication/64284524711,https://beautycounter.com/.well-known/oauth-protected-resource,,dns_apex_spray,shopify_storefront
hatjecantz.de,https://hatjecantz.de/api/mcp,A_verified_mcp,oauth,True,200,storefront-renderer,0.1.0,2025-06-18,"logging,prompts,resources,tools",https://shopify.com/authentication/58289488049/oauth/authorize,https://shopify.com/authentication/58289488049/oauth/token,,False,"openid,email,customer-account-api:full,customer-account-mcp-api:full",https://shopify.com/authentication/58289488049,https://hatjecantz.de/.well-known/oauth-protected-resource,,dns_apex_spray,shopify_storefront
fye.com,https://fye.com/api/mcp,A_verified_mcp,oauth,True,200,storefront-renderer,0.1.0,2025-06-18,"logging,prompts,resources,tools",https://account.fye.com/authentication/oauth/authorize,https://account.fye.com/authentication/oauth/token,,False,"openid,email,customer-account-api:full,customer-account-mcp-api:full",https://shopify.com/authentication/79074361652,https://fye.com/.well-known/oauth-protected-resource,,dns_apex_spray,shopify_storefront
curioos.com,https://curioos.com/api/mcp,A_verified_mcp,oauth,True,200,storefront-renderer,0.1.0,2025-06-18,"logging,prompts,resources,tools",https://shopify.com/authentication/32103006346/oauth/authorize,https://shopify.com/authentication/32103006346/oauth/token,,False,"openid,email,customer-account-api:full,customer-account-mcp-api:full",https://shopify.com/authentication/32103006346,https://curioos.com/.well-known/oauth-protected-resource,,dns_apex_spray,shopify_storefront
bakerpublishinggroup.com,https://bakerpublishinggroup.com/api/mcp,A_verified_mcp,oauth,True,200,storefront-renderer,0.1.0,2025-06-18,"logging,prompts,resources,tools",https://shopify.com/authentication/62785323085/oauth/authorize,https://shopify.com/authentication/62785323085/oauth/token,,False,"openid,email,customer-account-api:full,customer-account-mcp-api:full",https://shopify.com/authentication/62785323085,https://bakerpublishinggroup.com/.well-known/oauth-protected-resource,,dns_apex_spray,shopify_storefront
bioliteenergy.com,https://bioliteenergy.com/api/mcp,A_verified_mcp,oauth,True,200,storefront-renderer,0.1.0,2025-06-18,"logging,prompts,resources,tools",https://shopify.com/authentication/6669741/oauth/authorize,https://shopify.com/authentication/6669741/oauth/token,,False,"openid,email,customer-account-api:full,customer-account-mcp-api:full",https://shopify.com/authentication/6669741,https://bioliteenergy.com/.well-known/oauth-protected-resource,,dns_apex_spray,shopify_storefront
banyanbotanicals.com,https://banyanbotanicals.com/api/mcp,A_verified_mcp,oauth,True,200,storefront-renderer,0.1.0,2025-06-18,"logging,prompts,resources,tools",https://account.banyanbotanicals.com/authentication/oauth/authorize,https://account.banyanbotanicals.com/authentication/oauth/token,,False,"openid,email,customer-account-api:full,customer-account-mcp-api:full",https://shopify.com/authentication/67186786523,https://banyanbotanicals.com/.well-known/oauth-protected-resource,,dns_apex_spray,shopify_storefront
barnesandnoble.com,https://barnesandnoble.com/api/mcp,A_verified_mcp,oauth,True,200,storefront-renderer,0.1.0,2025-06-18,"logging,prompts,resources,tools",https://account.barnesandnoble.com/authentication/oauth/authorize,https://account.barnesandnoble.com/authentication/oauth/token,,False,"openid,email,customer-account-api:full,customer-account-mcp-api:full",https://shopify.com/authentication/67454337265,https://barnesandnoble.com/.well-known/oauth-protected-resource,,dns_apex_spray,shopify_storefront
gps.ie,https://gps.ie/api/mcp,A_verified_mcp,oauth,True,200,storefront-renderer,0.1.0,2025-06-18,"logging,prompts,resources,tools",https://shopify.com/authentication/89410601302/oauth/authorize,https://shopify.com/authentication/89410601302/oauth/token,,False,"openid,email,customer-account-api:full,customer-account-mcp-api:full",https://shopify.com/authentication/89410601302,https://gps.ie/.well-known/oauth-protected-resource,,dns_apex_spray,shopify_storefront
fungi.com,https://fungi.com/api/mcp,A_verified_mcp,oauth,True,200,storefront-renderer,0.1.0,2025-06-18,"logging,prompts,resources,tools",https://shopify.com/authentication/300417038/oauth/authorize,https://shopify.com/authentication/300417038/oauth/token,,False,"openid,email,customer-account-api:full,customer-account-mcp-api:full",https://shopify.com/authentication/300417038,https://fungi.com/.well-known/oauth-protected-resource,,dns_apex_spray,shopify_storefront
goalzero.com,https://goalzero.com/api/mcp,A_verified_mcp,oauth,True,200,storefront-renderer,0.1.0,2025-06-18,"logging,prompts,resources,tools",https://account.goalzero.com/authentication/oauth/authorize,https://account.goalzero.com/authentication/oauth/token,,False,"openid,email,customer-account-api:full,customer-account-mcp-api:full",https://shopify.com/authentication/52011565225,https://goalzero.com/.well-known/oauth-protected-resource,,dns_apex_spray,shopify_storefront
bigfloetoli.com,https://bigfloetoli.com/api/mcp,A_verified_mcp,oauth,True,200,storefront-renderer,0.1.0,2025-06-18,"logging,prompts,resources,tools",https://shopify.com/authentication/70464012565/oauth/authorize,https://shopify.com/authentication/70464012565/oauth/token,,False,"openid,email,customer-account-api:full,customer-account-mcp-api:full",https://shopify.com/authentication/70464012565,https://bigfloetoli.com/.well-known/oauth-protected-resource,,dns_apex_spray,shopify_storefront
brandonsanderson.com,https://brandonsanderson.com/api/mcp,A_verified_mcp,oauth,True,200,storefront-renderer,0.1.0,2025-06-18,"logging,prompts,resources,tools",https://shopify.com/authentication/88680825106/oauth/authorize,https://shopify.com/authentication/88680825106/oauth/token,,False,"openid,email,customer-account-api:full,customer-account-mcp-api:full",https://shopify.com/authentication/88680825106,https://brandonsanderson.com/.well-known/oauth-protected-resource,,dns_apex_spray,shopify_storefront
candywarehouse.com,https://candywarehouse.com/api/mcp,A_verified_mcp,oauth,True,200,storefront-renderer,0.1.0,2025-06-18,"logging,prompts,resources,tools",https://account.candywarehouse.com/authentication/oauth/authorize,https://account.candywarehouse.com/authentication/oauth/token,,False,"openid,email,customer-account-api:full,customer-account-mcp-api:full",https://shopify.com/authentication/63625199866,https://candywarehouse.com/.well-known/oauth-protected-resource,,dns_apex_spray,shopify_storefront
ember.com,https://ember.com/api/mcp,A_verified_mcp,oauth,True,200,storefront-renderer,0.1.0,2025-06-18,"logging,prompts,resources,tools",https://shopify.com/authentication/10806594/oauth/authorize,https://shopify.com/authentication/10806594/oauth/token,,False,"openid,email,customer-account-api:full,customer-account-mcp-api:full",https://shopify.com/authentication/10806594,https://ember.com/.well-known/oauth-protected-resource,,dns_apex_spray,shopify_storefront
cornbreadhemp.com,https://cornbreadhemp.com/api/mcp,A_verified_mcp,oauth,True,200,storefront-renderer,0.1.0,2025-06-18,"logging,prompts,resources,tools",https://shopify.com/authentication/61254566068/oauth/authorize,https://shopify.com/authentication/61254566068/oauth/token,,False,"openid,email,customer-account-api:full,customer-account-mcp-api:full",https://shopify.com/authentication/61254566068,https://cornbreadhemp.com/.well-known/oauth-protected-resource,,dns_apex_spray,shopify_storefront
headphones.com,https://headphones.com/api/mcp,A_verified_mcp,oauth,True,200,storefront-renderer,0.1.0,2025-06-18,"logging,prompts,resources,tools",https://shopify.com/authentication/17910383/oauth/authorize,https://shopify.com/authentication/17910383/oauth/token,,False,"openid,email,customer-account-api:full,customer-account-mcp-api:full",https://shopify.com/authentication/17910383,https://headphones.com/.well-known/oauth-protected-resource,,dns_apex_spray,shopify_storefront
intelligentsia.com,https://intelligentsia.com/api/mcp,A_verified_mcp,oauth,True,200,storefront-renderer,0.1.0,2025-06-18,"logging,prompts,resources,tools",https://my.intelligentsia.com/authentication/oauth/authorize,https://my.intelligentsia.com/authentication/oauth/token,,False,"openid,email,customer-account-api:full,customer-account-mcp-api:full",https://shopify.com/authentication/8488026172,https://intelligentsia.com/.well-known/oauth-protected-resource,,dns_apex_spray,shopify_storefront
intelligentchange.com,https://intelligentchange.com/api/mcp,A_verified_mcp,oauth,True,200,storefront-renderer,0.1.0,2025-06-18,"logging,prompts,resources,tools",https://shopify.com/authentication/11860402/oauth/authorize,https://shopify.com/authentication/11860402/oauth/token,,False,"openid,email,customer-account-api:full,customer-account-mcp-api:full",https://shopify.com/authentication/11860402,https://intelligentchange.com/.well-known/oauth-protected-resource,,dns_apex_spray,shopify_storefront
instantpot.com,https://instantpot.com/api/mcp,A_verified_mcp,oauth,True,200,storefront-renderer,0.1.0,2025-06-18,"logging,prompts,resources,tools",https://shopify.com/authentication/85016903989/oauth/authorize,https://shopify.com/authentication/85016903989/oauth/token,,False,"openid,email,customer-account-api:full,customer-account-mcp-api:full",https://shopify.com/authentication/85016903989,https://instantpot.com/.well-known/oauth-protected-resource,,dns_apex_spray,shopify_storefront
gunsnroses.com,https://gunsnroses.com/api/mcp,A_verified_mcp,oauth,True,200,storefront-renderer,0.1.0,2025-06-18,"logging,prompts,resources,tools",https://shopify.com/authentication/69979766836/oauth/authorize,https://shopify.com/authentication/69979766836/oauth/token,,False,"openid,email,customer-account-api:full,customer-account-mcp-api:full",https://shopify.com/authentication/69979766836,https://gunsnroses.com/.well-known/oauth-protected-resource,,dns_apex_spray,shopify_storefront
firstwefeast.com,https://firstwefeast.com/api/mcp,A_verified_mcp,oauth,True,200,storefront-renderer,0.1.0,2025-06-18,"logging,prompts,resources,tools",https://shopify.com/authentication/63985680555/oauth/authorize,https://shopify.com/authentication/63985680555/oauth/token,,False,"openid,email,customer-account-api:full,customer-account-mcp-api:full",https://shopify.com/authentication/63985680555,https://firstwefeast.com/.well-known/oauth-protected-resource,,dns_apex_spray,shopify_storefront
interscope.com,https://interscope.com/api/mcp,A_verified_mcp,oauth,True,200,storefront-renderer,0.1.0,2025-06-18,"logging,prompts,resources,tools",https://shopify.com/authentication/27276050568/oauth/authorize,https://shopify.com/authentication/27276050568/oauth/token,,False,"openid,email,customer-account-api:full,customer-account-mcp-api:full",https://shopify.com/authentication/27276050568,https://interscope.com/.well-known/oauth-protected-resource,,dns_apex_spray,shopify_storefront
jonathanadler.com,https://jonathanadler.com/api/mcp,A_verified_mcp,oauth,True,200,storefront-renderer,0.1.0,2025-06-18,"logging,prompts,resources,tools",https://shopify.com/authentication/27010826274/oauth/authorize,https://shopify.com/authentication/27010826274/oauth/token,,False,"openid,email,customer-account-api:full,customer-account-mcp-api:full",https://shopify.com/authentication/27010826274,https://jonathanadler.com/.well-known/oauth-protected-resource,,dns_apex_spray,shopify_storefront
kleankanteen.com,https://kleankanteen.com/api/mcp,A_verified_mcp,oauth,True,200,storefront-renderer,0.1.0,2025-06-18,"logging,prompts,resources,tools",https://account.kleankanteen.com/authentication/oauth/authorize,https://account.kleankanteen.com/authentication/oauth/token,,False,"openid,email,customer-account-api:full,customer-account-mcp-api:full",https://shopify.com/authentication/6070325,https://kleankanteen.com/.well-known/oauth-protected-resource,,dns_apex_spray,shopify_storefront
juicycouture.com,https://juicycouture.com/api/mcp,A_verified_mcp,oauth,True,200,storefront-renderer,0.1.0,2025-06-18,"logging,prompts,resources,tools",https://account.juicycouture.com/authentication/oauth/authorize,https://account.juicycouture.com/authentication/oauth/token,,False,"openid,email,customer-account-api:full,customer-account-mcp-api:full",https://shopify.com/authentication/53405515937,https://juicycouture.com/.well-known/oauth-protected-resource,,dns_apex_spray,shopify_storefront
justcbdstore.com,https://justcbdstore.com/api/mcp,A_verified_mcp,oauth,True,200,storefront-renderer,0.1.0,2025-06-18,"logging,prompts,resources,tools",https://shopify.com/authentication/96142164262/oauth/authorize,https://shopify.com/authentication/96142164262/oauth/token,,False,"openid,email,customer-account-api:full,customer-account-mcp-api:full",https://shopify.com/authentication/96142164262,https://justcbdstore.com/.well-known/oauth-protected-resource,,dns_apex_spray,shopify_storefront
kylesfootballcards.com,https://kylesfootballcards.com/api/mcp,A_verified_mcp,oauth,True,200,storefront-renderer,0.1.0,2025-06-18,"logging,prompts,resources,tools",https://account.kylesfootballcards.com/authentication/oauth/authorize,https://account.kylesfootballcards.com/authentication/oauth/token,,False,"openid,email,customer-account-api:full,customer-account-mcp-api:full",https://shopify.com/authentication/65766359109,https://kylesfootballcards.com/.well-known/oauth-protected-resource,,dns_apex_spray,shopify_storefront
janeausten.co.uk,https://janeausten.co.uk/api/mcp,A_verified_mcp,oauth,True,200,storefront-renderer,0.1.0,2025-06-18,"logging,prompts,resources,tools",https://account.janeausten.co.uk/authentication/oauth/authorize,https://account.janeausten.co.uk/authentication/oauth/token,,False,"openid,email,customer-account-api:full,customer-account-mcp-api:full",https://shopify.com/authentication/30878892172,https://janeausten.co.uk/.well-known/oauth-protected-resource,,dns_apex_spray,shopify_storefront
karl.com,https://karl.com/api/mcp,A_verified_mcp,oauth,True,200,storefront-renderer,0.1.0,2025-06-18,"logging,prompts,resources,tools",https://account.karllagerfeld.com/authentication/oauth/authorize,https://account.karllagerfeld.com/authentication/oauth/token,,False,"openid,email,customer-account-api:full,customer-account-mcp-api:full",https://shopify.com/authentication/77583089931,https://karl.com/.well-known/oauth-protected-resource,,dns_apex_spray,shopify_storefront
kidrobot.com,https://kidrobot.com/api/mcp,A_verified_mcp,oauth,True,200,storefront-renderer,0.1.0,2025-06-18,"logging,prompts,resources,tools",https://account.kidrobot.com/authentication/oauth/authorize,https://account.kidrobot.com/authentication/oauth/token,,False,"openid,email,customer-account-api:full,customer-account-mcp-api:full",https://shopify.com/authentication/5843841,https://kidrobot.com/.well-known/oauth-protected-resource,,dns_apex_spray,shopify_storefront
laduree.fr,https://laduree.fr/api/mcp,A_verified_mcp,oauth,True,200,storefront-renderer,0.1.0,2025-06-18,"logging,prompts,resources,tools",https://account.laduree.com/authentication/oauth/authorize,https://account.laduree.com/authentication/oauth/token,,False,"openid,email,customer-account-api:full,customer-account-mcp-api:full",https://shopify.com/authentication/93293019474,https://laduree.fr/.well-known/oauth-protected-resource,,dns_apex_spray,shopify_storefront
ladygaga.com,https://ladygaga.com/api/mcp,A_verified_mcp,oauth,True,200,storefront-renderer,0.1.0,2025-06-18,"logging,prompts,resources,tools",https://shopify.com/authentication/14776546/oauth/authorize,https://shopify.com/authentication/14776546/oauth/token,,False,"openid,email,customer-account-api:full,customer-account-mcp-api:full",https://shopify.com/authentication/14776546,https://ladygaga.com/.well-known/oauth-protected-resource,,dns_apex_spray,shopify_storefront
makeymakey.com,https://makeymakey.com/api/mcp,A_verified_mcp,oauth,True,200,storefront-renderer,0.1.0,2025-06-18,"logging,prompts,resources,tools",https://account.makeymakey.com/authentication/oauth/authorize,https://account.makeymakey.com/authentication/oauth/token,,False,"openid,email,customer-account-api:full,customer-account-mcp-api:full",https://shopify.com/authentication/1628612,https://makeymakey.com/.well-known/oauth-protected-resource,,dns_apex_spray,shopify_storefront
laduree.com,https://laduree.com/api/mcp,A_verified_mcp,oauth,True,200,storefront-renderer,0.1.0,2025-06-18,"logging,prompts,resources,tools",https://account.laduree.com/authentication/oauth/authorize,https://account.laduree.com/authentication/oauth/token,,False,"openid,email,customer-account-api:full,customer-account-mcp-api:full",https://shopify.com/authentication/93293019474,https://laduree.com/.well-known/oauth-protected-resource,,dns_apex_spray,shopify_storefront
kennethcole.com,https://kennethcole.com/api/mcp,A_verified_mcp,oauth,True,200,storefront-renderer,0.1.0,2025-06-18,"logging,prompts,resources,tools",https://shopify.com/authentication/57151226063/oauth/authorize,https://shopify.com/authentication/57151226063/oauth/token,,False,"openid,email,customer-account-api:full,customer-account-mcp-api:full",https://shopify.com/authentication/57151226063,https://kennethcole.com/.well-known/oauth-protected-resource,,dns_apex_spray,shopify_storefront
levainbakery.com,https://levainbakery.com/api/mcp,A_verified_mcp,oauth,True,200,storefront-renderer,0.1.0,2025-06-18,"logging,prompts,resources,tools",https://account.levainbakery.com/authentication/oauth/authorize,https://account.levainbakery.com/authentication/oauth/token,,False,"openid,email,customer-account-api:full,customer-account-mcp-api:full",https://shopify.com/authentication/10045751377,https://levainbakery.com/.well-known/oauth-protected-resource,,dns_apex_spray,shopify_storefront
kusmitea.com,https://kusmitea.com/api/mcp,A_verified_mcp,oauth,True,200,storefront-renderer,0.1.0,2025-06-18,"logging,prompts,resources,tools",https://account.kusmitea.com/authentication/oauth/authorize,https://account.kusmitea.com/authentication/oauth/token,,False,"openid,email,customer-account-api:full,customer-account-mcp-api:full",https://shopify.com/authentication/94365778263,https://kusmitea.com/.well-known/oauth-protected-resource,,dns_apex_spray,shopify_storefront
konaworld.com,https://konaworld.com/api/mcp,A_verified_mcp,oauth,True,200,storefront-renderer,0.1.0,2025-06-18,"logging,prompts,resources,tools",https://shopify.com/authentication/90822377767/oauth/authorize,https://shopify.com/authentication/90822377767/oauth/token,,False,"openid,email,customer-account-api:full,customer-account-mcp-api:full",https://shopify.com/authentication/90822377767,https://konaworld.com/.well-known/oauth-protected-resource,,dns_apex_spray,shopify_storefront
liquid-iv.com,https://liquid-iv.com/api/mcp,A_verified_mcp,oauth,True,200,storefront-renderer,0.1.0,2025-06-18,"logging,prompts,resources,tools",https://shopify.com/authentication/13381013/oauth/authorize,https://shopify.com/authentication/13381013/oauth/token,,False,"openid,email,customer-account-api:full,customer-account-mcp-api:full",https://shopify.com/authentication/13381013,,,dns_apex_spray,shopify_storefront
madonna.com,https://madonna.com/api/mcp,A_verified_mcp,oauth,True,200,storefront-renderer,0.1.0,2025-06-18,"logging,prompts,resources,tools",https://shopify.com/authentication/73830990065/oauth/authorize,https://shopify.com/authentication/73830990065/oauth/token,,False,"openid,email,customer-account-api:full,customer-account-mcp-api:full",https://shopify.com/authentication/73830990065,https://madonna.com/.well-known/oauth-protected-resource,,dns_apex_spray,shopify_storefront
luzuk.com,https://luzuk.com/api/mcp,A_verified_mcp,oauth,True,200,storefront-renderer,0.1.0,2025-06-18,"logging,prompts,resources,tools",https://account.luzuk.com/authentication/oauth/authorize,https://account.luzuk.com/authentication/oauth/token,,False,"openid,email,customer-account-api:full,customer-account-mcp-api:full",https://shopify.com/authentication/93511942456,https://luzuk.com/.well-known/oauth-protected-resource,,dns_apex_spray,shopify_storefront
liquiddeath.com,https://liquiddeath.com/api/mcp,A_verified_mcp,oauth,True,200,storefront-renderer,0.1.0,2025-06-18,"logging,prompts,resources,tools",https://account.liquiddeath.com/authentication/oauth/authorize,https://account.liquiddeath.com/authentication/oauth/token,,False,"openid,email,customer-account-api:full,customer-account-mcp-api:full",https://shopify.com/authentication/7942897737,https://liquiddeath.com/.well-known/oauth-protected-resource,,dns_apex_spray,shopify_storefront
kosmos.de,https://kosmos.de/api/mcp,A_verified_mcp,oauth,True,200,storefront-renderer,0.1.0,2025-06-18,"logging,prompts,resources,tools",https://shopify.com/authentication/93459808589/oauth/authorize,https://shopify.com/authentication/93459808589/oauth/token,,False,"openid,email,customer-account-api:full,customer-account-mcp-api:full",https://shopify.com/authentication/93459808589,https://kosmos.de/.well-known/oauth-protected-resource,,dns_apex_spray,shopify_storefront
lordandtaylor.com,https://lordandtaylor.com/api/mcp,A_verified_mcp,oauth,True,200,storefront-renderer,0.1.0,2025-06-18,"logging,prompts,resources,tools",https://account.lordandtaylor.com/authentication/oauth/authorize,https://account.lordandtaylor.com/authentication/oauth/token,,False,"openid,email,customer-account-api:full,customer-account-mcp-api:full",https://shopify.com/authentication/90637893921,https://lordandtaylor.com/.well-known/oauth-protected-resource,,dns_apex_spray,shopify_storefront
licencehouse.com,https://licencehouse.com/api/mcp,A_verified_mcp,oauth,True,200,storefront-renderer,0.1.0,2025-06-18,"logging,prompts,resources,tools",https://shopify.com/authentication/70747455702/oauth/authorize,https://shopify.com/authentication/70747455702/oauth/token,,False,"openid,email,customer-account-api:full,customer-account-mcp-api:full",https://shopify.com/authentication/70747455702,https://licencehouse.com/.well-known/oauth-protected-resource,,dns_apex_spray,shopify_storefront
lootcrate.com,https://lootcrate.com/api/mcp,A_verified_mcp,oauth,True,200,storefront-renderer,0.1.0,2025-06-18,"logging,prompts,resources,tools",https://shopify.com/authentication/32687292547/oauth/authorize,https://shopify.com/authentication/32687292547/oauth/token,,False,"openid,email,customer-account-api:full,customer-account-mcp-api:full",https://shopify.com/authentication/32687292547,https://lootcrate.com/.well-known/oauth-protected-resource,,dns_apex_spray,shopify_storefront
matadorrecords.com,https://matadorrecords.com/api/mcp,A_verified_mcp,oauth,True,200,storefront-renderer,0.1.0,2025-06-18,"logging,prompts,resources,tools",https://shopify.com/authentication/88191238465/oauth/authorize,https://shopify.com/authentication/88191238465/oauth/token,,False,"openid,email,customer-account-api:full,customer-account-mcp-api:full",https://shopify.com/authentication/88191238465,https://matadorrecords.com/.well-known/oauth-protected-resource,,dns_apex_spray,shopify_storefront
magnoliabakery.com,https://magnoliabakery.com/api/mcp,A_verified_mcp,oauth,True,200,storefront-renderer,0.1.0,2025-06-18,"logging,prompts,resources,tools",https://shopify.com/authentication/56597577916/oauth/authorize,https://shopify.com/authentication/56597577916/oauth/token,,False,"openid,email,customer-account-api:full,customer-account-mcp-api:full",https://shopify.com/authentication/56597577916,https://magnoliabakery.com/.well-known/oauth-protected-resource,,dns_apex_spray,shopify_storefront
maplin.co.uk,https://maplin.co.uk/api/mcp,A_verified_mcp,oauth,True,200,storefront-renderer,0.1.0,2025-06-18,"logging,prompts,resources,tools",https://account.maplin.co.uk/authentication/oauth/authorize,https://account.maplin.co.uk/authentication/oauth/token,,False,"openid,email,customer-account-api:full,customer-account-mcp-api:full",https://shopify.com/authentication/63323963613,https://maplin.co.uk/.well-known/oauth-protected-resource,,dns_apex_spray,shopify_storefront
mcphee.com,https://mcphee.com/api/mcp,A_verified_mcp,oauth,True,200,storefront-renderer,0.1.0,2025-06-18,"logging,prompts,resources,tools",https://shopify.com/authentication/13652497/oauth/authorize,https://shopify.com/authentication/13652497/oauth/token,,False,"openid,email,customer-account-api:full,customer-account-mcp-api:full",https://shopify.com/authentication/13652497,https://mcphee.com/.well-known/oauth-protected-resource,,dns_apex_spray,shopify_storefront
misbahwp.com,https://misbahwp.com/api/mcp,A_verified_mcp,oauth,True,200,storefront-renderer,0.1.0,2025-06-18,"logging,prompts,resources,tools",https://shopify.com/authentication/88007344440/oauth/authorize,https://shopify.com/authentication/88007344440/oauth/token,,False,"openid,email,customer-account-api:full,customer-account-mcp-api:full",https://shopify.com/authentication/88007344440,https://misbahwp.com/.well-known/oauth-protected-resource,,dns_apex_spray,shopify_storefront
mophie.com,https://mophie.com/api/mcp,A_verified_mcp,oauth,True,200,storefront-renderer,0.1.0,2025-06-18,"logging,prompts,resources,tools",https://account.mophie.com/authentication/oauth/authorize,https://account.mophie.com/authentication/oauth/token,,False,"openid,email,customer-account-api:full,customer-account-mcp-api:full",https://shopify.com/authentication/70036259056,https://mophie.com/.well-known/oauth-protected-resource,,dns_apex_spray,shopify_storefront
modcloth.com,https://modcloth.com/api/mcp,A_verified_mcp,oauth,True,200,storefront-renderer,0.1.0,2025-06-18,"logging,prompts,resources,tools",https://account.modcloth.com/authentication/oauth/authorize,https://account.modcloth.com/authentication/oauth/token,,False,"openid,email,customer-account-api:full,customer-account-mcp-api:full",https://shopify.com/authentication/55906042027,https://modcloth.com/.well-known/oauth-protected-resource,,dns_apex_spray,shopify_storefront
morphe.com,https://morphe.com/api/mcp,A_verified_mcp,oauth,True,200,storefront-renderer,0.1.0,2025-06-18,"logging,prompts,resources,tools",https://account.morphe.com/authentication/oauth/authorize,https://account.morphe.com/authentication/oauth/token,,False,"openid,email,customer-account-api:full,customer-account-mcp-api:full",https://shopify.com/authentication/7378455,https://morphe.com/.well-known/oauth-protected-resource,,dns_apex_spray,shopify_storefront
megafurniture.sg,https://megafurniture.sg/api/mcp,A_verified_mcp,oauth,True,200,storefront-renderer,0.1.0,2025-06-18,"logging,prompts,resources,tools",https://accounts.megafurniture.sg/authentication/oauth/authorize,https://accounts.megafurniture.sg/authentication/oauth/token,,False,"openid,email,customer-account-api:full,customer-account-mcp-api:full",https://shopify.com/authentication/18058667,https://megafurniture.sg/.well-known/oauth-protected-resource,,dns_apex_spray,shopify_storefront
outsider.com,https://outsider.com/api/mcp,A_verified_mcp,oauth,True,200,storefront-renderer,0.1.0,2025-06-18,"logging,prompts,resources,tools",https://shopify.com/authentication/53920006344/oauth/authorize,https://shopify.com/authentication/53920006344/oauth/token,,False,"openid,email,customer-account-api:full,customer-account-mcp-api:full",https://shopify.com/authentication/53920006344,,,dns_apex_spray,shopify_storefront
moschino.com,https://moschino.com/api/mcp,A_verified_mcp,oauth,True,200,storefront-renderer,0.1.0,2025-06-18,"logging,prompts,resources,tools",https://shopify.com/authentication/70444122355/oauth/authorize,https://shopify.com/authentication/70444122355/oauth/token,,False,"openid,email,customer-account-api:full,customer-account-mcp-api:full",https://shopify.com/authentication/70444122355,https://moschino.com/.well-known/oauth-protected-resource,,dns_apex_spray,shopify_storefront
megadeth.com,https://megadeth.com/api/mcp,A_verified_mcp,oauth,True,200,storefront-renderer,0.1.0,2025-06-18,"logging,prompts,resources,tools",https://shopify.com/authentication/5010096221/oauth/authorize,https://shopify.com/authentication/5010096221/oauth/token,,False,"openid,email,customer-account-api:full,customer-account-mcp-api:full",https://shopify.com/authentication/5010096221,https://megadeth.com/.well-known/oauth-protected-resource,,dns_apex_spray,shopify_storefront
onetreeplanted.org,https://onetreeplanted.org/api/mcp,A_verified_mcp,oauth,True,200,storefront-renderer,0.1.0,2025-06-18,"logging,prompts,resources,tools",https://account.onetreeplanted.org/authentication/oauth/authorize,https://account.onetreeplanted.org/authentication/oauth/token,,False,"openid,email,customer-account-api:full,customer-account-mcp-api:full",https://shopify.com/authentication/3267189,https://onetreeplanted.org/.well-known/oauth-protected-resource,,dns_apex_spray,shopify_storefront
omegathemes.com,https://omegathemes.com/api/mcp,A_verified_mcp,oauth,True,200,storefront-renderer,0.1.0,2025-06-18,"logging,prompts,resources,tools",https://shopify.com/authentication/71133397204/oauth/authorize,https://shopify.com/authentication/71133397204/oauth/token,,False,"openid,email,customer-account-api:full,customer-account-mcp-api:full",https://shopify.com/authentication/71133397204,https://omegathemes.com/.well-known/oauth-protected-resource,,dns_apex_spray,shopify_storefront
paulmitchell.com,https://paulmitchell.com/api/mcp,A_verified_mcp,oauth,True,200,storefront-renderer,0.1.0,2025-06-18,"logging,prompts,resources,tools",https://shopify.com/authentication/65005092908/oauth/authorize,https://shopify.com/authentication/65005092908/oauth/token,,False,"openid,email,customer-account-api:full,customer-account-mcp-api:full",https://shopify.com/authentication/65005092908,https://paulmitchell.com/.well-known/oauth-protected-resource,,dns_apex_spray,shopify_storefront
northernbrewer.com,https://northernbrewer.com/api/mcp,A_verified_mcp,oauth,True,200,storefront-renderer,0.1.0,2025-06-18,"logging,prompts,resources,tools",https://shopify.com/authentication/27856868/oauth/authorize,https://shopify.com/authentication/27856868/oauth/token,,False,"openid,email,customer-account-api:full,customer-account-mcp-api:full",https://shopify.com/authentication/27856868,https://northernbrewer.com/.well-known/oauth-protected-resource,,dns_apex_spray,shopify_storefront
nixon.com,https://nixon.com/api/mcp,A_verified_mcp,oauth,True,200,storefront-renderer,0.1.0,2025-06-18,"logging,prompts,resources,tools",https://shopify.com/authentication/54102720705/oauth/authorize,https://shopify.com/authentication/54102720705/oauth/token,,False,"openid,email,customer-account-api:full,customer-account-mcp-api:full",https://shopify.com/authentication/54102720705,https://nixon.com/.well-known/oauth-protected-resource,,dns_apex_spray,shopify_storefront
oclean.com,https://oclean.com/api/mcp,A_verified_mcp,oauth,True,200,storefront-renderer,0.1.0,2025-06-18,"logging,prompts,resources,tools",https://account.oclean.com/authentication/oauth/authorize,https://account.oclean.com/authentication/oauth/token,,False,"openid,email,customer-account-api:full,customer-account-mcp-api:full",https://shopify.com/authentication/50590515385,https://oclean.com/.well-known/oauth-protected-resource,,dns_apex_spray,shopify_storefront
opencolleges.edu.au,https://opencolleges.edu.au/api/mcp,A_verified_mcp,oauth,True,200,storefront-renderer,0.1.0,2025-06-18,"logging,prompts,resources,tools",https://shopify.com/authentication/69536973119/oauth/authorize,https://shopify.com/authentication/69536973119/oauth/token,,False,"openid,email,customer-account-api:full,customer-account-mcp-api:full",https://shopify.com/authentication/69536973119,https://opencolleges.edu.au/.well-known/oauth-protected-resource,,dns_apex_spray,shopify_storefront
nyrb.com,https://nyrb.com/api/mcp,A_verified_mcp,oauth,True,200,storefront-renderer,0.1.0,2025-06-18,"logging,prompts,resources,tools",https://account.nyrb.com/authentication/oauth/authorize,https://account.nyrb.com/authentication/oauth/token,,False,"openid,email,customer-account-api:full,customer-account-mcp-api:full",https://shopify.com/authentication/7269203,https://nyrb.com/.well-known/oauth-protected-resource,,dns_apex_spray,shopify_storefront
pagefly.io,https://pagefly.io/api/mcp,A_verified_mcp,oauth,True,200,storefront-renderer,0.1.0,2025-06-18,"logging,prompts,resources,tools",https://shopify.com/authentication/9092366436/oauth/authorize,https://shopify.com/authentication/9092366436/oauth/token,,False,"openid,email,customer-account-api:full,customer-account-mcp-api:full",https://shopify.com/authentication/9092366436,https://pagefly.io/.well-known/oauth-protected-resource,,dns_apex_spray,shopify_storefront
petrolicious.com,https://petrolicious.com/api/mcp,A_verified_mcp,oauth,True,200,storefront-renderer,0.1.0,2025-06-18,"logging,prompts,resources,tools",https://account.petrolicious.com/authentication/oauth/authorize,https://account.petrolicious.com/authentication/oauth/token,,False,"openid,email,customer-account-api:full,customer-account-mcp-api:full",https://shopify.com/authentication/90557022506,https://petrolicious.com/.well-known/oauth-protected-resource,,dns_apex_spray,shopify_storefront
pioneerelectronics.com,https://pioneerelectronics.com/api/mcp,A_verified_mcp,oauth,True,200,storefront-renderer,0.1.0,2025-06-18,"logging,prompts,resources,tools",https://account.usa.pioneer/authentication/oauth/authorize,https://account.usa.pioneer/authentication/oauth/token,,False,"openid,email,customer-account-api:full,customer-account-mcp-api:full",https://shopify.com/authentication/61892788277,https://pioneerelectronics.com/.well-known/oauth-protected-resource,,dns_apex_spray,shopify_storefront
patmcgrath.com,https://patmcgrath.com/api/mcp,A_verified_mcp,oauth,True,200,storefront-renderer,0.1.0,2025-06-18,"logging,prompts,resources,tools",https://shopify.com/authentication/14639662/oauth/authorize,https://shopify.com/authentication/14639662/oauth/token,,False,"openid,email,customer-account-api:full,customer-account-mcp-api:full",https://shopify.com/authentication/14639662,https://patmcgrath.com/.well-known/oauth-protected-resource,,dns_apex_spray,shopify_storefront
palm.com,https://palm.com/api/mcp,A_verified_mcp,oauth,True,200,storefront-renderer,0.1.0,2025-06-18,"logging,prompts,resources,tools",https://shopify.com/authentication/6306136154/oauth/authorize,https://shopify.com/authentication/6306136154/oauth/token,,False,"openid,email,customer-account-api:full,customer-account-mcp-api:full",https://shopify.com/authentication/6306136154,https://palm.com/.well-known/oauth-protected-resource,,dns_apex_spray,shopify_storefront
ovationthemes.com,https://ovationthemes.com/api/mcp,A_verified_mcp,oauth,True,200,storefront-renderer,0.1.0,2025-06-18,"logging,prompts,resources,tools",https://shopify.com/authentication/63368691848/oauth/authorize,https://shopify.com/authentication/63368691848/oauth/token,,False,"openid,email,customer-account-api:full,customer-account-mcp-api:full",https://shopify.com/authentication/63368691848,https://ovationthemes.com/.well-known/oauth-protected-resource,,dns_apex_spray,shopify_storefront
petersen.org,https://petersen.org/api/mcp,A_verified_mcp,oauth,True,200,storefront-renderer,0.1.0,2025-06-18,"logging,prompts,resources,tools",https://shopify.com/authentication/10712158/oauth/authorize,https://shopify.com/authentication/10712158/oauth/token,,False,"openid,email,customer-account-api:full,customer-account-mcp-api:full",https://shopify.com/authentication/10712158,https://petersen.org/.well-known/oauth-protected-resource,,dns_apex_spray,shopify_storefront
oscardelarenta.com,https://oscardelarenta.com/api/mcp,A_verified_mcp,oauth,True,200,storefront-renderer,0.1.0,2025-06-18,"logging,prompts,resources,tools",https://shopify.com/authentication/58781564989/oauth/authorize,https://shopify.com/authentication/58781564989/oauth/token,,False,"openid,email,customer-account-api:full,customer-account-mcp-api:full",https://shopify.com/authentication/58781564989,https://oscardelarenta.com/.well-known/oauth-protected-resource,,dns_apex_spray,shopify_storefront
pier1.com,https://pier1.com/api/mcp,A_verified_mcp,oauth,True,200,storefront-renderer,0.1.0,2025-06-18,"logging,prompts,resources,tools",https://shopify.com/authentication/43411046567/oauth/authorize,https://shopify.com/authentication/43411046567/oauth/token,,False,"openid,email,customer-account-api:full,customer-account-mcp-api:full",https://shopify.com/authentication/43411046567,https://pier1.com/.well-known/oauth-protected-resource,,dns_apex_spray,shopify_storefront
poundland.co.uk,https://poundland.co.uk/api/mcp,A_verified_mcp,oauth,True,200,storefront-renderer,0.1.0,2025-06-18,"logging,prompts,resources,tools",https://shopify.com/authentication/100084711807/oauth/authorize,https://shopify.com/authentication/100084711807/oauth/token,,False,"openid,email,customer-account-api:full,customer-account-mcp-api:full",https://shopify.com/authentication/100084711807,https://poundland.co.uk/.well-known/oauth-protected-resource,,dns_apex_spray,shopify_storefront
relapse.com,https://relapse.com/api/mcp,A_verified_mcp,oauth,True,200,storefront-renderer,0.1.0,2025-06-18,"logging,prompts,resources,tools",https://shopify.com/authentication/70023020865/oauth/authorize,https://shopify.com/authentication/70023020865/oauth/token,,False,"openid,email,customer-account-api:full,customer-account-mcp-api:full",https://shopify.com/authentication/70023020865,https://relapse.com/.well-known/oauth-protected-resource,,dns_apex_spray,shopify_storefront
qikify.com,https://qikify.com/api/mcp,A_verified_mcp,oauth,True,200,storefront-renderer,0.1.0,2025-06-18,"logging,prompts,resources,tools",https://shopify.com/authentication/6900023365/oauth/authorize,https://shopify.com/authentication/6900023365/oauth/token,,False,"openid,email,customer-account-api:full,customer-account-mcp-api:full",https://shopify.com/authentication/6900023365,https://qikify.com/.well-known/oauth-protected-resource,,dns_apex_spray,shopify_storefront
ruffwear.com,https://ruffwear.com/api/mcp,A_verified_mcp,oauth,True,200,storefront-renderer,0.1.0,2025-06-18,"logging,prompts,resources,tools",https://account.ruffwear.com/authentication/oauth/authorize,https://account.ruffwear.com/authentication/oauth/token,,False,"openid,email,customer-account-api:full,customer-account-mcp-api:full",https://shopify.com/authentication/15774333,https://ruffwear.com/.well-known/oauth-protected-resource,,dns_apex_spray,shopify_storefront
rachaelray.com,https://rachaelray.com/api/mcp,A_verified_mcp,oauth,True,200,storefront-renderer,0.1.0,2025-06-18,"logging,prompts,resources,tools",https://shopify.com/authentication/50439848118/oauth/authorize,https://shopify.com/authentication/50439848118/oauth/token,,False,"openid,email,customer-account-api:full,customer-account-mcp-api:full",https://shopify.com/authentication/50439848118,https://rachaelray.com/.well-known/oauth-protected-resource,,dns_apex_spray,shopify_storefront
roxy.com,https://roxy.com/api/mcp,A_verified_mcp,oauth,True,200,storefront-renderer,0.1.0,2025-06-18,"logging,prompts,resources,tools",https://account.roxy.com/authentication/oauth/authorize,https://account.roxy.com/authentication/oauth/token,,False,"openid,email,customer-account-api:full,customer-account-mcp-api:full",https://shopify.com/authentication/63188992074,,,dns_apex_spray,shopify_storefront
revolutionbeauty.com,https://revolutionbeauty.com/api/mcp,A_verified_mcp,oauth,True,200,storefront-renderer,0.1.0,2025-06-18,"logging,prompts,resources,tools",https://account.revolutionbeauty.com/authentication/oauth/authorize,https://account.revolutionbeauty.com/authentication/oauth/token,,False,"openid,email,customer-account-api:full,customer-account-mcp-api:full",https://shopify.com/authentication/100260151641,https://revolutionbeauty.com/.well-known/oauth-protected-resource,,dns_apex_spray,shopify_storefront
revell.com,https://revell.com/api/mcp,A_verified_mcp,oauth,True,200,storefront-renderer,0.1.0,2025-06-18,"logging,prompts,resources,tools",https://account.revell.com/authentication/oauth/authorize,https://account.revell.com/authentication/oauth/token,,False,"openid,email,customer-account-api:full,customer-account-mcp-api:full",https://shopify.com/authentication/75160944854,https://revell.com/.well-known/oauth-protected-resource,,dns_apex_spray,shopify_storefront
revlon.com,https://revlon.com/api/mcp,A_verified_mcp,oauth,True,200,storefront-renderer,0.1.0,2025-06-18,"logging,prompts,resources,tools",https://account.revlon.com/authentication/oauth/authorize,https://account.revlon.com/authentication/oauth/token,,False,"openid,email,customer-account-api:full,customer-account-mcp-api:full",https://shopify.com/authentication/65013285059,https://revlon.com/.well-known/oauth-protected-resource,,dns_apex_spray,shopify_storefront
robbiewilliams.com,https://robbiewilliams.com/api/mcp,A_verified_mcp,oauth,True,200,storefront-renderer,0.1.0,2025-06-18,"logging,prompts,resources,tools",https://shopify.com/authentication/19437457/oauth/authorize,https://shopify.com/authentication/19437457/oauth/token,,False,"openid,email,customer-account-api:full,customer-account-mcp-api:full",https://shopify.com/authentication/19437457,https://robbiewilliams.com/.well-known/oauth-protected-resource,,dns_apex_spray,shopify_storefront
rosieanimaladoption.ca,https://rosieanimaladoption.ca/api/mcp,A_verified_mcp,oauth,True,200,storefront-renderer,0.1.0,2025-06-18,"logging,prompts,resources,tools",https://shopify.com/authentication/76818481391/oauth/authorize,https://shopify.com/authentication/76818481391/oauth/token,,False,"openid,email,customer-account-api:full,customer-account-mcp-api:full",https://shopify.com/authentication/76818481391,https://rosieanimaladoption.ca/.well-known/oauth-protected-resource,,dns_apex_spray,shopify_storefront
robo3d.com,https://robo3d.com/api/mcp,A_verified_mcp,oauth,True,200,storefront-renderer,0.1.0,2025-06-18,"logging,prompts,resources,tools",https://shopify.com/authentication/8717870/oauth/authorize,https://shopify.com/authentication/8717870/oauth/token,,False,"openid,email,customer-account-api:full,customer-account-mcp-api:full",https://shopify.com/authentication/8717870,https://robo3d.com/.well-known/oauth-protected-resource,,dns_apex_spray,shopify_storefront
sawsoul.com,https://sawsoul.com/api/mcp,A_verified_mcp,oauth,True,200,storefront-renderer,0.1.0,2025-06-18,"logging,prompts,resources,tools",https://shopify.com/authentication/96228278571/oauth/authorize,https://shopify.com/authentication/96228278571/oauth/token,,False,"openid,email,customer-account-api:full,customer-account-mcp-api:full",https://shopify.com/authentication/96228278571,https://sawsoul.com/.well-known/oauth-protected-resource,,dns_apex_spray,shopify_storefront
saltandstraw.com,https://saltandstraw.com/api/mcp,A_verified_mcp,oauth,True,200,storefront-renderer,0.1.0,2025-06-18,"logging,prompts,resources,tools",https://shopify.com/authentication/9228157033/oauth/authorize,https://shopify.com/authentication/9228157033/oauth/token,,False,"openid,email,customer-account-api:full,customer-account-mcp-api:full",https://shopify.com/authentication/9228157033,https://saltandstraw.com/.well-known/oauth-protected-resource,,dns_apex_spray,shopify_storefront
sexdollpartner.com,https://sexdollpartner.com/api/mcp,A_verified_mcp,oauth,True,200,storefront-renderer,0.1.0,2025-06-18,"logging,prompts,resources,tools",https://shopify.com/authentication/57217089744/oauth/authorize,https://shopify.com/authentication/57217089744/oauth/token,,False,"openid,email,customer-account-api:full,customer-account-mcp-api:full",https://shopify.com/authentication/57217089744,https://sexdollpartner.com/.well-known/oauth-protected-resource,,dns_apex_spray,shopify_storefront
seatosummit.com,https://seatosummit.com/api/mcp,A_verified_mcp,oauth,True,200,storefront-renderer,0.1.0,2025-06-18,"logging,prompts,resources,tools",https://account.seatosummit.com/authentication/oauth/authorize,https://account.seatosummit.com/authentication/oauth/token,,False,"openid,email,customer-account-api:full,customer-account-mcp-api:full",https://shopify.com/authentication/24672501,https://seatosummit.com/.well-known/oauth-protected-resource,,dns_apex_spray,shopify_storefront
shrinetheme.com,https://shrinetheme.com/api/mcp,A_verified_mcp,oauth,True,200,storefront-renderer,0.1.0,2025-06-18,"logging,prompts,resources,tools",https://account.shrinesolutions.com/authentication/oauth/authorize,https://account.shrinesolutions.com/authentication/oauth/token,,False,"openid,email,customer-account-api:full,customer-account-mcp-api:full",https://shopify.com/authentication/72674705737,https://shrinetheme.com/.well-known/oauth-protected-resource,,dns_apex_spray,shopify_storefront
satechi.net,https://satechi.net/api/mcp,A_verified_mcp,oauth,True,200,storefront-renderer,0.1.0,2025-06-18,"logging,prompts,resources,tools",https://shopify.com/authentication/15204366/oauth/authorize,https://shopify.com/authentication/15204366/oauth/token,,False,"openid,email,customer-account-api:full,customer-account-mcp-api:full",https://shopify.com/authentication/15204366,https://satechi.net/.well-known/oauth-protected-resource,,dns_apex_spray,shopify_storefront
slayer.net,https://slayer.net/api/mcp,A_verified_mcp,oauth,True,200,storefront-renderer,0.1.0,2025-06-18,"logging,prompts,resources,tools",https://shopify.com/authentication/56331534402/oauth/authorize,https://shopify.com/authentication/56331534402/oauth/token,,False,"openid,email,customer-account-api:full,customer-account-mcp-api:full",https://shopify.com/authentication/56331534402,https://slayer.net/.well-known/oauth-protected-resource,,dns_apex_spray,shopify_storefront
shops.myshopify.com,https://shops.myshopify.com/api/mcp,A_verified_mcp,oauth,True,200,storefront-renderer,0.1.0,2025-06-18,"logging,prompts,resources,tools",https://shopify.com/authentication/2328/oauth/authorize,https://shopify.com/authentication/2328/oauth/token,,False,"openid,email,customer-account-api:full,customer-account-mcp-api:full",https://shopify.com/authentication/2328,https://shops.myshopify.com/.well-known/oauth-protected-resource,,dns_apex_spray,shopify_storefront
shrine.io,https://shrine.io/api/mcp,A_verified_mcp,oauth,True,200,storefront-renderer,0.1.0,2025-06-18,"logging,prompts,resources,tools",https://account.shrinesolutions.com/authentication/oauth/authorize,https://account.shrinesolutions.com/authentication/oauth/token,,False,"openid,email,customer-account-api:full,customer-account-mcp-api:full",https://shopify.com/authentication/72674705737,https://shrine.io/.well-known/oauth-protected-resource,,dns_apex_spray,shopify_storefront
sneakersnstuff.com,https://sneakersnstuff.com/api/mcp,A_verified_mcp,oauth,True,200,storefront-renderer,0.1.0,2025-06-18,"logging,prompts,resources,tools",https://shopify.com/authentication/93990551893/oauth/authorize,https://shopify.com/authentication/93990551893/oauth/token,,False,"openid,email,customer-account-api:full,customer-account-mcp-api:full",https://shopify.com/authentication/93990551893,https://sneakersnstuff.com/.well-known/oauth-protected-resource,,dns_apex_spray,shopify_storefront
stance.com,https://stance.com/api/mcp,A_verified_mcp,oauth,True,200,storefront-renderer,0.1.0,2025-06-18,"logging,prompts,resources,tools",https://account.stance.com/authentication/oauth/authorize,https://account.stance.com/authentication/oauth/token,,False,"openid,email,customer-account-api:full,customer-account-mcp-api:full",https://shopify.com/authentication/102408782162,https://stance.com/.well-known/oauth-protected-resource,,dns_apex_spray,shopify_storefront
soylent.com,https://soylent.com/api/mcp,A_verified_mcp,oauth,True,200,storefront-renderer,0.1.0,2025-06-18,"logging,prompts,resources,tools",https://account.soylent.com/authentication/oauth/authorize,https://account.soylent.com/authentication/oauth/token,,False,"openid,email,customer-account-api:full,customer-account-mcp-api:full",https://shopify.com/authentication/359333902,https://soylent.com/.well-known/oauth-protected-resource,,dns_apex_spray,shopify_storefront
soundstrue.com,https://soundstrue.com/api/mcp,A_verified_mcp,oauth,True,200,storefront-renderer,0.1.0,2025-06-18,"logging,prompts,resources,tools",https://shopify.com/authentication/25328222307/oauth/authorize,https://shopify.com/authentication/25328222307/oauth/token,,False,"openid,email,customer-account-api:full,customer-account-mcp-api:full",https://shopify.com/authentication/25328222307,https://soundstrue.com/.well-known/oauth-protected-resource,,dns_apex_spray,shopify_storefront
smosh.com,https://smosh.com/api/mcp,A_verified_mcp,oauth,True,200,storefront-renderer,0.1.0,2025-06-18,"logging,prompts,resources,tools",https://shopify.com/authentication/4530176086/oauth/authorize,https://shopify.com/authentication/4530176086/oauth/token,,False,"openid,email,customer-account-api:full,customer-account-mcp-api:full",https://shopify.com/authentication/4530176086,https://smosh.com/.well-known/oauth-protected-resource,,dns_apex_spray,shopify_storefront
swell.com,https://swell.com/api/mcp,A_verified_mcp,oauth,True,200,storefront-renderer,0.1.0,2025-06-18,"logging,prompts,resources,tools",https://shopify.com/authentication/64828113154/oauth/authorize,https://shopify.com/authentication/64828113154/oauth/token,,False,"openid,email,customer-account-api:full,customer-account-mcp-api:full",https://shopify.com/authentication/64828113154,https://swell.com/.well-known/oauth-protected-resource,,dns_apex_spray,shopify_storefront
sprinkles.com,https://sprinkles.com/api/mcp,A_verified_mcp,oauth,True,200,storefront-renderer,0.1.0,2025-06-18,"logging,prompts,resources,tools",https://shopify.com/authentication/54994567357/oauth/authorize,https://shopify.com/authentication/54994567357/oauth/token,,False,"openid,email,customer-account-api:full,customer-account-mcp-api:full",https://shopify.com/authentication/54994567357,https://sprinkles.com/.well-known/oauth-protected-resource,,dns_apex_spray,shopify_storefront
stelladot.com,https://stelladot.com/api/mcp,A_verified_mcp,oauth,True,200,storefront-renderer,0.1.0,2025-06-18,"logging,prompts,resources,tools",https://shopify.com/authentication/63714427092/oauth/authorize,https://shopify.com/authentication/63714427092/oauth/token,,False,"openid,email,customer-account-api:full,customer-account-mcp-api:full",https://shopify.com/authentication/63714427092,https://stelladot.com/.well-known/oauth-protected-resource,,dns_apex_spray,shopify_storefront
sting.com,https://sting.com/api/mcp,A_verified_mcp,oauth,True,200,storefront-renderer,0.1.0,2025-06-18,"logging,prompts,resources,tools",https://shopify.com/authentication/57705496658/oauth/authorize,https://shopify.com/authentication/57705496658/oauth/token,,False,"openid,email,customer-account-api:full,customer-account-mcp-api:full",https://shopify.com/authentication/57705496658,https://sting.com/.well-known/oauth-protected-resource,,dns_apex_spray,shopify_storefront
tomsofmaine.com,https://tomsofmaine.com/api/mcp,A_verified_mcp,oauth,True,200,storefront-renderer,0.1.0,2025-06-18,"logging,prompts,resources,tools",https://account.tomsofmaine.com/authentication/oauth/authorize,https://account.tomsofmaine.com/authentication/oauth/token,,False,"openid,email,customer-account-api:full,customer-account-mcp-api:full",https://shopify.com/authentication/50257395888,https://tomsofmaine.com/.well-known/oauth-protected-resource,,dns_apex_spray,shopify_storefront
store.duolingo.com,https://store.duolingo.com/api/mcp,A_verified_mcp,oauth,True,200,storefront-renderer,0.1.0,2025-06-18,"logging,prompts,resources,tools",https://shopify.com/authentication/58313736250/oauth/authorize,https://shopify.com/authentication/58313736250/oauth/token,,False,"openid,email,customer-account-api:full,customer-account-mcp-api:full",https://shopify.com/authentication/58313736250,https://store.duolingo.com/.well-known/oauth-protected-resource,,dns_apex_spray,shopify_storefront
theblackkeys.com,https://theblackkeys.com/api/mcp,A_verified_mcp,oauth,True,200,storefront-renderer,0.1.0,2025-06-18,"logging,prompts,resources,tools",https://shopify.com/authentication/71711752343/oauth/authorize,https://shopify.com/authentication/71711752343/oauth/token,,False,"openid,email,customer-account-api:full,customer-account-mcp-api:full",https://shopify.com/authentication/71711752343,https://theblackkeys.com/.well-known/oauth-protected-resource,,dns_apex_spray,shopify_storefront
thamesandhudson.com,https://thamesandhudson.com/api/mcp,A_verified_mcp,oauth,True,200,storefront-renderer,0.1.0,2025-06-18,"logging,prompts,resources,tools",https://account.thamesandhudson.com/authentication/oauth/authorize,https://account.thamesandhudson.com/authentication/oauth/token,,False,"openid,email,customer-account-api:full,customer-account-mcp-api:full",https://shopify.com/authentication/83205030165,https://thamesandhudson.com/.well-known/oauth-protected-resource,,dns_apex_spray,shopify_storefront
thesill.com,https://thesill.com/api/mcp,A_verified_mcp,oauth,True,200,storefront-renderer,0.1.0,2025-06-18,"logging,prompts,resources,tools",https://account.thesill.com/authentication/oauth/authorize,https://account.thesill.com/authentication/oauth/token,,False,"openid,email,customer-account-api:full,customer-account-mcp-api:full",https://shopify.com/authentication/1506262,https://thesill.com/.well-known/oauth-protected-resource,,dns_apex_spray,shopify_storefront
tenthousandvillages.com,https://tenthousandvillages.com/api/mcp,A_verified_mcp,oauth,True,200,storefront-renderer,0.1.0,2025-06-18,"logging,prompts,resources,tools",https://shopify.com/authentication/73693561135/oauth/authorize,https://shopify.com/authentication/73693561135/oauth/token,,False,"openid,email,customer-account-api:full,customer-account-mcp-api:full",https://shopify.com/authentication/73693561135,https://tenthousandvillages.com/.well-known/oauth-protected-resource,,dns_apex_spray,shopify_storefront
suzhoudress.com,https://suzhoudress.com/api/mcp,A_verified_mcp,oauth,True,200,storefront-renderer,0.1.0,2025-06-18,"logging,prompts,resources,tools",https://shopify.com/authentication/60357148765/oauth/authorize,https://shopify.com/authentication/60357148765/oauth/token,,False,"openid,email,customer-account-api:full,customer-account-mcp-api:full",https://shopify.com/authentication/60357148765,https://suzhoudress.com/.well-known/oauth-protected-resource,,dns_apex_spray,shopify_storefront
tortugabackpacks.com,https://tortugabackpacks.com/api/mcp,A_verified_mcp,oauth,True,200,storefront-renderer,0.1.0,2025-06-18,"logging,prompts,resources,tools",https://account.tortugabackpacks.com/authentication/oauth/authorize,https://account.tortugabackpacks.com/authentication/oauth/token,,False,"openid,email,customer-account-api:full,customer-account-mcp-api:full",https://shopify.com/authentication/491212,https://tortugabackpacks.com/.well-known/oauth-protected-resource,,dns_apex_spray,shopify_storefront
thebeachboys.com,https://thebeachboys.com/api/mcp,A_verified_mcp,oauth,True,200,storefront-renderer,0.1.0,2025-06-18,"logging,prompts,resources,tools",https://shopify.com/authentication/59007860819/oauth/authorize,https://shopify.com/authentication/59007860819/oauth/token,,False,"openid,email,customer-account-api:full,customer-account-mcp-api:full",https://shopify.com/authentication/59007860819,https://thebeachboys.com/.well-known/oauth-protected-resource,,dns_apex_spray,shopify_storefront
theclassictemplates.com,https://theclassictemplates.com/api/mcp,A_verified_mcp,oauth,True,200,storefront-renderer,0.1.0,2025-06-18,"logging,prompts,resources,tools",https://shopify.com/authentication/58901135437/oauth/authorize,https://shopify.com/authentication/58901135437/oauth/token,,False,"openid,email,customer-account-api:full,customer-account-mcp-api:full",https://shopify.com/authentication/58901135437,https://theclassictemplates.com/.well-known/oauth-protected-resource,,dns_apex_spray,shopify_storefront
thinktankphoto.com,https://thinktankphoto.com/api/mcp,A_verified_mcp,oauth,True,200,storefront-renderer,0.1.0,2025-06-18,"logging,prompts,resources,tools",https://account.thinktankphoto.com/authentication/oauth/authorize,https://account.thinktankphoto.com/authentication/oauth/token,,False,"openid,email,customer-account-api:full,customer-account-mcp-api:full",https://shopify.com/authentication/5320233,https://thinktankphoto.com/.well-known/oauth-protected-resource,,dns_apex_spray,shopify_storefront
towerrecords.com,https://towerrecords.com/api/mcp,A_verified_mcp,oauth,True,200,storefront-renderer,0.1.0,2025-06-18,"logging,prompts,resources,tools",https://account.towerrecords.com/authentication/oauth/authorize,https://account.towerrecords.com/authentication/oauth/token,,False,"openid,email,customer-account-api:full,customer-account-mcp-api:full",https://shopify.com/authentication/29760132,https://towerrecords.com/.well-known/oauth-protected-resource,,dns_apex_spray,shopify_storefront
timbuk2.com,https://timbuk2.com/api/mcp,A_verified_mcp,oauth,True,200,storefront-renderer,0.1.0,2025-06-18,"logging,prompts,resources,tools",https://account.timbuk2.com/authentication/oauth/authorize,https://account.timbuk2.com/authentication/oauth/token,,False,"openid,email,customer-account-api:full,customer-account-mcp-api:full",https://shopify.com/authentication/25729458,https://timbuk2.com/.well-known/oauth-protected-resource,,dns_apex_spray,shopify_storefront
themagnifico.net,https://themagnifico.net/api/mcp,A_verified_mcp,oauth,True,200,storefront-renderer,0.1.0,2025-06-18,"logging,prompts,resources,tools",https://shopify.com/authentication/57871335486/oauth/authorize,https://shopify.com/authentication/57871335486/oauth/token,,False,"openid,email,customer-account-api:full,customer-account-mcp-api:full",https://shopify.com/authentication/57871335486,https://themagnifico.net/.well-known/oauth-protected-resource,,dns_apex_spray,shopify_storefront
thirdmanrecords.com,https://thirdmanrecords.com/api/mcp,A_verified_mcp,oauth,True,200,storefront-renderer,0.1.0,2025-06-18,"logging,prompts,resources,tools",https://shopify.com/authentication/44113494174/oauth/authorize,https://shopify.com/authentication/44113494174/oauth/token,,False,"openid,email,customer-account-api:full,customer-account-mcp-api:full",https://shopify.com/authentication/44113494174,https://thirdmanrecords.com/.well-known/oauth-protected-resource,,dns_apex_spray,shopify_storefront
tiffen.com,https://tiffen.com/api/mcp,A_verified_mcp,oauth,True,200,storefront-renderer,0.1.0,2025-06-18,"logging,prompts,resources,tools",https://shopify.com/authentication/25602536/oauth/authorize,https://shopify.com/authentication/25602536/oauth/token,,False,"openid,email,customer-account-api:full,customer-account-mcp-api:full",https://shopify.com/authentication/25602536,https://tiffen.com/.well-known/oauth-protected-resource,,dns_apex_spray,shopify_storefront
tonyschocolonely.com,https://tonyschocolonely.com/api/mcp,A_verified_mcp,oauth,True,200,storefront-renderer,0.1.0,2025-06-18,"logging,prompts,resources,tools",https://shopify.com/authentication/68941349116/oauth/authorize,https://shopify.com/authentication/68941349116/oauth/token,,False,"openid,email,customer-account-api:full,customer-account-mcp-api:full",https://shopify.com/authentication/68941349116,https://tonyschocolonely.com/.well-known/oauth-protected-resource,,dns_apex_spray,shopify_storefront
themespride.com,https://themespride.com/api/mcp,A_verified_mcp,oauth,True,200,storefront-renderer,0.1.0,2025-06-18,"logging,prompts,resources,tools",https://shopify.com/authentication/63081709613/oauth/authorize,https://shopify.com/authentication/63081709613/oauth/token,,False,"openid,email,customer-account-api:full,customer-account-mcp-api:full",https://shopify.com/authentication/63081709613,https://themespride.com/.well-known/oauth-protected-resource,,dns_apex_spray,shopify_storefront
twelvesouth.com,https://twelvesouth.com/api/mcp,A_verified_mcp,oauth,True,200,storefront-renderer,0.1.0,2025-06-18,"logging,prompts,resources,tools",https://account.twelvesouth.com/authentication/oauth/authorize,https://account.twelvesouth.com/authentication/oauth/token,,False,"openid,email,customer-account-api:full,customer-account-mcp-api:full",https://shopify.com/authentication/9416212537,https://twelvesouth.com/.well-known/oauth-protected-resource,,dns_apex_spray,shopify_storefront
tshirthell.com,https://tshirthell.com/api/mcp,A_verified_mcp,oauth,True,200,storefront-renderer,0.1.0,2025-06-18,"logging,prompts,resources,tools",https://account.tshirthell.com/authentication/oauth/authorize,https://account.tshirthell.com/authentication/oauth/token,,False,"openid,email,customer-account-api:full,customer-account-mcp-api:full",https://shopify.com/authentication/9889153071,https://tshirthell.com/.well-known/oauth-protected-resource,,dns_apex_spray,shopify_storefront
thesatanictemple.com,https://thesatanictemple.com/api/mcp,A_verified_mcp,oauth,True,200,storefront-renderer,0.1.0,2025-06-18,"logging,prompts,resources,tools",https://shopify.com/authentication/4280465/oauth/authorize,https://shopify.com/authentication/4280465/oauth/token,,False,"openid,email,customer-account-api:full,customer-account-mcp-api:full",https://shopify.com/authentication/4280465,https://thesatanictemple.com/.well-known/oauth-protected-resource,,dns_apex_spray,shopify_storefront
thombrowne.com,https://thombrowne.com/api/mcp,A_verified_mcp,oauth,True,200,storefront-renderer,0.1.0,2025-06-18,"logging,prompts,resources,tools",https://shopify.com/authentication/64245235875/oauth/authorize,https://shopify.com/authentication/64245235875/oauth/token,,False,"openid,email,customer-account-api:full,customer-account-mcp-api:full",https://shopify.com/authentication/64245235875,https://thombrowne.com/.well-known/oauth-protected-resource,,dns_apex_spray,shopify_storefront
trehouse.com,https://trehouse.com/api/mcp,A_verified_mcp,oauth,True,200,storefront-renderer,0.1.0,2025-06-18,"logging,prompts,resources,tools",https://shopify.com/authentication/64333545559/oauth/authorize,https://shopify.com/authentication/64333545559/oauth/token,,False,"openid,email,customer-account-api:full,customer-account-mcp-api:full",https://shopify.com/authentication/64333545559,https://trehouse.com/.well-known/oauth-protected-resource,,dns_apex_spray,shopify_storefront
tower.com,https://tower.com/api/mcp,A_verified_mcp,oauth,True,200,storefront-renderer,0.1.0,2025-06-18,"logging,prompts,resources,tools",https://account.towerrecords.com/authentication/oauth/authorize,https://account.towerrecords.com/authentication/oauth/token,,False,"openid,email,customer-account-api:full,customer-account-mcp-api:full",https://shopify.com/authentication/29760132,https://tower.com/.well-known/oauth-protected-resource,,dns_apex_spray,shopify_storefront
vampirefreaks.com,https://vampirefreaks.com/api/mcp,A_verified_mcp,oauth,True,200,storefront-renderer,0.1.0,2025-06-18,"logging,prompts,resources,tools",https://account.vampirefreaks.com/authentication/oauth/authorize,https://account.vampirefreaks.com/authentication/oauth/token,,False,"openid,email,customer-account-api:full,customer-account-mcp-api:full",https://shopify.com/authentication/26370296,https://vampirefreaks.com/.well-known/oauth-protected-resource,,dns_apex_spray,shopify_storefront
usa.pioneer,https://usa.pioneer/api/mcp,A_verified_mcp,oauth,True,200,storefront-renderer,0.1.0,2025-06-18,"logging,prompts,resources,tools",https://account.usa.pioneer/authentication/oauth/authorize,https://account.usa.pioneer/authentication/oauth/token,,False,"openid,email,customer-account-api:full,customer-account-mcp-api:full",https://shopify.com/authentication/61892788277,https://usa.pioneer/.well-known/oauth-protected-resource,,dns_apex_spray,shopify_storefront
verawang.com,https://verawang.com/api/mcp,A_verified_mcp,oauth,True,200,storefront-renderer,0.1.0,2025-06-18,"logging,prompts,resources,tools",https://account.verawang.com/authentication/oauth/authorize,https://account.verawang.com/authentication/oauth/token,,False,"openid,email,customer-account-api:full,customer-account-mcp-api:full",https://shopify.com/authentication/75538628841,https://verawang.com/.well-known/oauth-protected-resource,,dns_apex_spray,shopify_storefront
versobooks.com,https://versobooks.com/api/mcp,A_verified_mcp,oauth,True,200,storefront-renderer,0.1.0,2025-06-18,"logging,prompts,resources,tools",https://account.versobooks.com/authentication/oauth/authorize,https://account.versobooks.com/authentication/oauth/token,,False,"openid,email,customer-account-api:full,customer-account-mcp-api:full",https://shopify.com/authentication/56938692669,https://versobooks.com/.well-known/oauth-protected-resource,,dns_apex_spray,shopify_storefront
uooyaa.com,https://uooyaa.com/api/mcp,A_verified_mcp,oauth,True,200,storefront-renderer,0.1.0,2025-06-18,"logging,prompts,resources,tools",https://shopify.com/authentication/45195460769/oauth/authorize,https://shopify.com/authentication/45195460769/oauth/token,,False,"openid,email,customer-account-api:full,customer-account-mcp-api:full",https://shopify.com/authentication/45195460769,https://uooyaa.com/.well-known/oauth-protected-resource,,dns_apex_spray,shopify_storefront
victoriabeckham.com,https://victoriabeckham.com/api/mcp,A_verified_mcp,oauth,True,200,storefront-renderer,0.1.0,2025-06-18,"logging,prompts,resources,tools",https://account.victoriabeckham.com/authentication/oauth/authorize,https://account.victoriabeckham.com/authentication/oauth/token,,False,"openid,email,customer-account-api:full,customer-account-mcp-api:full",https://shopify.com/authentication/30288266,https://victoriabeckham.com/.well-known/oauth-protected-resource,,dns_apex_spray,shopify_storefront
vitalproteins.com,https://vitalproteins.com/api/mcp,A_verified_mcp,oauth,True,200,storefront-renderer,0.1.0,2025-06-18,"logging,prompts,resources,tools",https://shopify.com/authentication/20749385/oauth/authorize,https://shopify.com/authentication/20749385/oauth/token,,False,"openid,email,customer-account-api:full,customer-account-mcp-api:full",https://shopify.com/authentication/20749385,https://vitalproteins.com/.well-known/oauth-protected-resource,,dns_apex_spray,shopify_storefront
viktor-rolf.com,https://viktor-rolf.com/api/mcp,A_verified_mcp,oauth,True,200,storefront-renderer,0.1.0,2025-06-18,"logging,prompts,resources,tools",https://account.viktor-rolf.com/authentication/oauth/authorize,https://account.viktor-rolf.com/authentication/oauth/token,,False,"openid,email,customer-account-api:full,customer-account-mcp-api:full",https://shopify.com/authentication/14559562,https://viktor-rolf.com/.well-known/oauth-protected-resource,,dns_apex_spray,shopify_storefront
vicfirth.com,https://vicfirth.com/api/mcp,A_verified_mcp,oauth,True,200,storefront-renderer,0.1.0,2025-06-18,"logging,prompts,resources,tools",https://shopify.com/authentication/73402712364/oauth/authorize,https://shopify.com/authentication/73402712364/oauth/token,,False,"openid,email,customer-account-api:full,customer-account-mcp-api:full",https://shopify.com/authentication/73402712364,https://vicfirth.com/.well-known/oauth-protected-resource,,dns_apex_spray,shopify_storefront
volcom.com,https://volcom.com/api/mcp,A_verified_mcp,oauth,True,200,storefront-renderer,0.1.0,2025-06-18,"logging,prompts,resources,tools",https://account.volcom.com/authentication/oauth/authorize,https://account.volcom.com/authentication/oauth/token,,False,"openid,email,customer-account-api:full,customer-account-mcp-api:full",https://shopify.com/authentication/92997255444,https://volcom.com/.well-known/oauth-protected-resource,,dns_apex_spray,shopify_storefront
vosgeschocolate.com,https://vosgeschocolate.com/api/mcp,A_verified_mcp,oauth,True,200,storefront-renderer,0.1.0,2025-06-18,"logging,prompts,resources,tools",https://account.vosgeschocolate.com/authentication/oauth/authorize,https://account.vosgeschocolate.com/authentication/oauth/token,,False,"openid,email,customer-account-api:full,customer-account-mcp-api:full",https://shopify.com/authentication/1286602848,https://vosgeschocolate.com/.well-known/oauth-protected-resource,,dns_apex_spray,shopify_storefront
wpelemento.com,https://wpelemento.com/api/mcp,A_verified_mcp,oauth,True,200,storefront-renderer,0.1.0,2025-06-18,"logging,prompts,resources,tools",https://shopify.com/authentication/64008847520/oauth/authorize,https://shopify.com/authentication/64008847520/oauth/token,,False,"openid,email,customer-account-api:full,customer-account-mcp-api:full",https://shopify.com/authentication/64008847520,https://wpelemento.com/.well-known/oauth-protected-resource,,dns_apex_spray,shopify_storefront
wyze.com,https://wyze.com/api/mcp,A_verified_mcp,oauth,True,200,storefront-renderer,0.1.0,2025-06-18,"logging,prompts,resources,tools",https://account.wyze.com/authentication/oauth/authorize,https://account.wyze.com/authentication/oauth/token,,False,"openid,email,customer-account-api:full,customer-account-mcp-api:full",https://shopify.com/authentication/58004504738,https://wyze.com/.well-known/oauth-protected-resource,,dns_apex_spray,shopify_storefront
vwthemes.com,https://vwthemes.com/api/mcp,A_verified_mcp,oauth,True,200,storefront-renderer,0.1.0,2025-06-18,"logging,prompts,resources,tools",https://shopify.com/authentication/69582225655/oauth/authorize,https://shopify.com/authentication/69582225655/oauth/token,,False,"openid,email,customer-account-api:full,customer-account-mcp-api:full",https://shopify.com/authentication/69582225655,https://vwthemes.com/.well-known/oauth-protected-resource,,dns_apex_spray,shopify_storefront
x10.com,https://x10.com/api/mcp,A_verified_mcp,oauth,True,200,storefront-renderer,0.1.0,2025-06-18,"logging,prompts,resources,tools",https://shopify.com/authentication/32475119675/oauth/authorize,https://shopify.com/authentication/32475119675/oauth/token,,False,"openid,email,customer-account-api:full,customer-account-mcp-api:full",https://shopify.com/authentication/32475119675,https://x10.com/.well-known/oauth-protected-resource,,dns_apex_spray,shopify_storefront
www.liquid-iv.com,https://www.liquid-iv.com/api/mcp,A_verified_mcp,none_public,False,200,storefront-renderer,0.1.0,2025-06-18,"logging,prompts,resources,tools",,,,False,,,,,dns_apex_spray,shopify_storefront
vertu.com,https://vertu.com/api/mcp,A_verified_mcp,none_public,False,200,storefront-renderer,0.1.0,2025-06-18,"logging,prompts,resources,tools",,,,False,,,,,dns_apex_spray,shopify_storefront
zeiniez.com,https://zeiniez.com/api/mcp,A_verified_mcp,oauth,True,200,storefront-renderer,0.1.0,2025-06-18,"logging,prompts,resources,tools",https://account.zeiniez.com/authentication/oauth/authorize,https://account.zeiniez.com/authentication/oauth/token,,False,"openid,email,customer-account-api:full,customer-account-mcp-api:full",https://shopify.com/authentication/93559423356,https://zeiniez.com/.well-known/oauth-protected-resource,,dns_apex_spray,shopify_storefront
zippo.com,https://zippo.com/api/mcp,A_verified_mcp,oauth,True,200,storefront-renderer,0.1.0,2025-06-18,"logging,prompts,resources,tools",https://account.zippo.com/authentication/oauth/authorize,https://account.zippo.com/authentication/oauth/token,,False,"openid,email,customer-account-api:full,customer-account-mcp-api:full",https://shopify.com/authentication/12957985,https://zippo.com/.well-known/oauth-protected-resource,,dns_apex_spray,shopify_storefront
accentuate.io,https://accentuate.io/api/mcp,A_verified_mcp,oauth,True,200,storefront-renderer,0.1.0,2025-06-18,"logging,prompts,resources,tools",https://shopify.com/authentication/65197408433/oauth/authorize,https://shopify.com/authentication/65197408433/oauth/token,,False,"openid,email,customer-account-api:full,customer-account-mcp-api:full",https://shopify.com/authentication/65197408433,https://accentuate.io/.well-known/oauth-protected-resource,,dns_apex_spray,shopify_storefront
alteclansing.com,https://alteclansing.com/api/mcp,A_verified_mcp,oauth,True,200,storefront-renderer,0.1.0,2025-06-18,"logging,prompts,resources,tools",https://account.alteclansing.com/authentication/oauth/authorize,https://account.alteclansing.com/authentication/oauth/token,,False,"openid,email,customer-account-api:full,customer-account-mcp-api:full",https://shopify.com/authentication/73609576730,https://alteclansing.com/.well-known/oauth-protected-resource,,dns_apex_spray,shopify_storefront
august.com,https://august.com/api/mcp,A_verified_mcp,oauth,True,200,storefront-renderer,0.1.0,2025-06-18,"logging,prompts,resources,tools",https://shopify.com/authentication/13547835/oauth/authorize,https://shopify.com/authentication/13547835/oauth/token,,False,"openid,email,customer-account-api:full,customer-account-mcp-api:full",https://shopify.com/authentication/13547835,https://august.com/.well-known/oauth-protected-resource,,dns_apex_spray,shopify_storefront
audeze.com,https://audeze.com/api/mcp,A_verified_mcp,oauth,True,200,storefront-renderer,0.1.0,2025-06-18,"logging,prompts,resources,tools",https://account.audeze.com/authentication/oauth/authorize,https://account.audeze.com/authentication/oauth/token,,False,"openid,email,customer-account-api:full,customer-account-mcp-api:full",https://shopify.com/authentication/30131908,https://audeze.com/.well-known/oauth-protected-resource,,dns_apex_spray,shopify_storefront
aubade.com,https://aubade.com/api/mcp,A_verified_mcp,oauth,True,200,storefront-renderer,0.1.0,2025-06-18,"logging,prompts,resources,tools",https://accounts.aubade.com/authentication/oauth/authorize,https://accounts.aubade.com/authentication/oauth/token,,False,"openid,email,customer-account-api:full,customer-account-mcp-api:full",https://shopify.com/authentication/83774472535,https://aubade.com/.well-known/oauth-protected-resource,,dns_apex_spray,shopify_storefront
anyahindmarch.com,https://anyahindmarch.com/api/mcp,A_verified_mcp,oauth,True,200,storefront-renderer,0.1.0,2025-06-18,"logging,prompts,resources,tools",https://shopify.com/authentication/50544672922/oauth/authorize,https://shopify.com/authentication/50544672922/oauth/token,,False,"openid,email,customer-account-api:full,customer-account-mcp-api:full",https://shopify.com/authentication/50544672922,https://anyahindmarch.com/.well-known/oauth-protected-resource,,dns_apex_spray,shopify_storefront
abchome.com,https://abchome.com/api/mcp,A_verified_mcp,oauth,True,200,storefront-renderer,0.1.0,2025-06-18,"logging,prompts,resources,tools",https://account.abchome.com/authentication/oauth/authorize,https://account.abchome.com/authentication/oauth/token,,False,"openid,email,customer-account-api:full,customer-account-mcp-api:full",https://shopify.com/authentication/56022237322,https://abchome.com/.well-known/oauth-protected-resource,,dns_apex_spray,shopify_storefront
amairaskincare.com.au,https://amairaskincare.com.au/api/mcp,A_verified_mcp,oauth,True,200,storefront-renderer,0.1.0,2025-06-18,"logging,prompts,resources,tools",https://shopify.com/authentication/40418115749/oauth/authorize,https://shopify.com/authentication/40418115749/oauth/token,,False,"openid,email,customer-account-api:full,customer-account-mcp-api:full",https://shopify.com/authentication/40418115749,https://amairaskincare.com.au/.well-known/oauth-protected-resource,,dns_apex_spray,shopify_storefront
asprey.com,https://asprey.com/api/mcp,A_verified_mcp,oauth,True,200,storefront-renderer,0.1.0,2025-06-18,"logging,prompts,resources,tools",https://account.asprey.com/authentication/oauth/authorize,https://account.asprey.com/authentication/oauth/token,,False,"openid,email,customer-account-api:full,customer-account-mcp-api:full",https://shopify.com/authentication/59751366703,https://asprey.com/.well-known/oauth-protected-resource,,dns_apex_spray,shopify_storefront
amiclubwear.com,https://amiclubwear.com/api/mcp,A_verified_mcp,oauth,True,200,storefront-renderer,0.1.0,2025-06-18,"logging,prompts,resources,tools",https://shopify.com/authentication/55230955607/oauth/authorize,https://shopify.com/authentication/55230955607/oauth/token,,False,"openid,email,customer-account-api:full,customer-account-mcp-api:full",https://shopify.com/authentication/55230955607,https://amiclubwear.com/.well-known/oauth-protected-resource,,dns_apex_spray,shopify_storefront
aloyoga.com,https://aloyoga.com/api/mcp,A_verified_mcp,oauth,True,200,storefront-renderer,0.1.0,2025-06-18,"logging,prompts,resources,tools",https://shopify.com/authentication/21852813/oauth/authorize,https://shopify.com/authentication/21852813/oauth/token,,False,"openid,email,customer-account-api:full,customer-account-mcp-api:full",https://shopify.com/authentication/21852813,https://aloyoga.com/.well-known/oauth-protected-resource,,dns_apex_spray,shopify_storefront
americansportandfitness.com,https://americansportandfitness.com/api/mcp,A_verified_mcp,oauth,True,200,storefront-renderer,0.1.0,2025-06-18,"logging,prompts,resources,tools",https://shopify.com/authentication/91112/oauth/authorize,https://shopify.com/authentication/91112/oauth/token,,False,"openid,email,customer-account-api:full,customer-account-mcp-api:full",https://shopify.com/authentication/91112,https://americansportandfitness.com/.well-known/oauth-protected-resource,,dns_apex_spray,shopify_storefront
alfakherstore.de,https://alfakherstore.de/api/mcp,A_verified_mcp,oauth,True,200,storefront-renderer,0.1.0,2025-06-18,"logging,prompts,resources,tools",https://shopify.com/authentication/85761753421/oauth/authorize,https://shopify.com/authentication/85761753421/oauth/token,,False,"openid,email,customer-account-api:full,customer-account-mcp-api:full",https://shopify.com/authentication/85761753421,https://alfakherstore.de/.well-known/oauth-protected-resource,,dns_apex_spray,shopify_storefront
alpkit.com,https://alpkit.com/api/mcp,A_verified_mcp,oauth,True,200,storefront-renderer,0.1.0,2025-06-18,"logging,prompts,resources,tools",https://account.alpkit.com/authentication/oauth/authorize,https://account.alpkit.com/authentication/oauth/token,,False,"openid,email,customer-account-api:full,customer-account-mcp-api:full",https://shopify.com/authentication/25316261993,https://alpkit.com/.well-known/oauth-protected-resource,,dns_apex_spray,shopify_storefront
allurebridals.com,https://allurebridals.com/api/mcp,A_verified_mcp,oauth,True,200,storefront-renderer,0.1.0,2025-06-18,"logging,prompts,resources,tools",https://shopify.com/authentication/59233960030/oauth/authorize,https://shopify.com/authentication/59233960030/oauth/token,,False,"openid,email,customer-account-api:full,customer-account-mcp-api:full",https://shopify.com/authentication/59233960030,https://allurebridals.com/.well-known/oauth-protected-resource,,dns_apex_spray,shopify_storefront
aqualung.com,https://aqualung.com/api/mcp,A_verified_mcp,oauth,True,200,storefront-renderer,0.1.0,2025-06-18,"logging,prompts,resources,tools",https://shopify.com/authentication/84048314667/oauth/authorize,https://shopify.com/authentication/84048314667/oauth/token,,False,"openid,email,customer-account-api:full,customer-account-mcp-api:full",https://shopify.com/authentication/84048314667,https://aqualung.com/.well-known/oauth-protected-resource,,dns_apex_spray,shopify_storefront
032c.com,https://032c.com/api/mcp,A_verified_mcp,oauth,True,200,storefront-renderer,0.1.0,2025-06-18,"logging,prompts,resources,tools",https://shopify.com/authentication/10181547/oauth/authorize,https://shopify.com/authentication/10181547/oauth/token,,False,"openid,email,customer-account-api:full,customer-account-mcp-api:full",https://shopify.com/authentication/10181547,https://032c.com/.well-known/oauth-protected-resource,,dns_apex_spray,shopify_storefront
10corsocomo.com,https://10corsocomo.com/api/mcp,A_verified_mcp,oauth,True,200,storefront-renderer,0.1.0,2025-06-18,"logging,prompts,resources,tools",https://shopify.com/authentication/68737794349/oauth/authorize,https://shopify.com/authentication/68737794349/oauth/token,,False,"openid,email,customer-account-api:full,customer-account-mcp-api:full",https://shopify.com/authentication/68737794349,https://10corsocomo.com/.well-known/oauth-protected-resource,,dns_apex_spray,shopify_storefront
adnams.co.uk,https://adnams.co.uk/api/mcp,A_verified_mcp,oauth,True,200,storefront-renderer,0.1.0,2025-06-18,"logging,prompts,resources,tools",https://shopify.com/authentication/56133484723/oauth/authorize,https://shopify.com/authentication/56133484723/oauth/token,,False,"openid,email,customer-account-api:full,customer-account-mcp-api:full",https://shopify.com/authentication/56133484723,https://adnams.co.uk/.well-known/oauth-protected-resource,,dns_apex_spray,shopify_storefront
alternativetentacles.com,https://alternativetentacles.com/api/mcp,A_verified_mcp,oauth,True,200,storefront-renderer,0.1.0,2025-06-18,"logging,prompts,resources,tools",https://account.alternativetentacles.com/authentication/oauth/authorize,https://account.alternativetentacles.com/authentication/oauth/token,,False,"openid,email,customer-account-api:full,customer-account-mcp-api:full",https://shopify.com/authentication/72989409569,https://alternativetentacles.com/.well-known/oauth-protected-resource,,dns_apex_spray,shopify_storefront
annasui.com,https://annasui.com/api/mcp,A_verified_mcp,oauth,True,200,storefront-renderer,0.1.0,2025-06-18,"logging,prompts,resources,tools",https://shopify.com/authentication/23763827/oauth/authorize,https://shopify.com/authentication/23763827/oauth/token,,False,"openid,email,customer-account-api:full,customer-account-mcp-api:full",https://shopify.com/authentication/23763827,https://annasui.com/.well-known/oauth-protected-resource,,dns_apex_spray,shopify_storefront
aloha.com,https://aloha.com/api/mcp,A_verified_mcp,oauth,True,200,storefront-renderer,0.1.0,2025-06-18,"logging,prompts,resources,tools",https://shopify.com/authentication/28340092988/oauth/authorize,https://shopify.com/authentication/28340092988/oauth/token,,False,"openid,email,customer-account-api:full,customer-account-mcp-api:full",https://shopify.com/authentication/28340092988,https://aloha.com/.well-known/oauth-protected-resource,,dns_apex_spray,shopify_storefront
5hourenergy.com,https://5hourenergy.com/api/mcp,A_verified_mcp,oauth,True,200,storefront-renderer,0.1.0,2025-06-18,"logging,prompts,resources,tools",https://shopify.com/authentication/60373041335/oauth/authorize,https://shopify.com/authentication/60373041335/oauth/token,,False,"openid,email,customer-account-api:full,customer-account-mcp-api:full",https://shopify.com/authentication/60373041335,https://5hourenergy.com/.well-known/oauth-protected-resource,,dns_apex_spray,shopify_storefront
apc.fr,https://apc.fr/api/mcp,A_verified_mcp,oauth,True,200,storefront-renderer,0.1.0,2025-06-18,"logging,prompts,resources,tools",https://account.apc.fr/authentication/oauth/authorize,https://account.apc.fr/authentication/oauth/token,,False,"openid,email,customer-account-api:full,customer-account-mcp-api:full",https://shopify.com/authentication/90009731459,https://apc.fr/.well-known/oauth-protected-resource,,dns_apex_spray,shopify_storefront
31philliplim.com,https://31philliplim.com/api/mcp,A_verified_mcp,oauth,True,200,storefront-renderer,0.1.0,2025-06-18,"logging,prompts,resources,tools",https://shopify.com/authentication/59398095043/oauth/authorize,https://shopify.com/authentication/59398095043/oauth/token,,False,"openid,email,customer-account-api:full,customer-account-mcp-api:full",https://shopify.com/authentication/59398095043,https://31philliplim.com/.well-known/oauth-protected-resource,,dns_apex_spray,shopify_storefront
alphaindustries.com,https://alphaindustries.com/api/mcp,A_verified_mcp,oauth,True,200,storefront-renderer,0.1.0,2025-06-18,"logging,prompts,resources,tools",https://account.alphaindustries.com/authentication/oauth/authorize,https://account.alphaindustries.com/authentication/oauth/token,,False,"openid,email,customer-account-api:full,customer-account-mcp-api:full",https://shopify.com/authentication/25137040,https://alphaindustries.com/.well-known/oauth-protected-resource,,dns_apex_spray,shopify_storefront
appraisalfoundation.org,https://appraisalfoundation.org/api/mcp,A_verified_mcp,oauth,True,200,storefront-renderer,0.1.0,2025-06-18,"logging,prompts,resources,tools",https://account.appraisalfoundation.org/authentication/oauth/authorize,https://account.appraisalfoundation.org/authentication/oauth/token,,False,"openid,email,customer-account-api:full,customer-account-mcp-api:full",https://shopify.com/authentication/67979935935,https://appraisalfoundation.org/.well-known/oauth-protected-resource,,dns_apex_spray,shopify_storefront
badgleymischka.com,https://badgleymischka.com/api/mcp,A_verified_mcp,oauth,True,200,storefront-renderer,0.1.0,2025-06-18,"logging,prompts,resources,tools",https://shopify.com/authentication/65537278018/oauth/authorize,https://shopify.com/authentication/65537278018/oauth/token,,False,"openid,email,customer-account-api:full,customer-account-mcp-api:full",https://shopify.com/authentication/65537278018,https://badgleymischka.com/.well-known/oauth-protected-resource,,dns_apex_spray,shopify_storefront
amymyersmd.com,https://amymyersmd.com/api/mcp,A_verified_mcp,oauth,True,200,storefront-renderer,0.1.0,2025-06-18,"logging,prompts,resources,tools",https://shopify.com/authentication/22827323/oauth/authorize,https://shopify.com/authentication/22827323/oauth/token,,False,"openid,email,customer-account-api:full,customer-account-mcp-api:full",https://shopify.com/authentication/22827323,https://amymyersmd.com/.well-known/oauth-protected-resource,,dns_apex_spray,shopify_storefront
adj.com,https://adj.com/api/mcp,A_verified_mcp,oauth,True,200,storefront-renderer,0.1.0,2025-06-18,"logging,prompts,resources,tools",https://account.adj.com/authentication/oauth/authorize,https://account.adj.com/authentication/oauth/token,,False,"openid,email,customer-account-api:full,customer-account-mcp-api:full",https://shopify.com/authentication/74741022962,https://adj.com/.well-known/oauth-protected-resource,,dns_apex_spray,shopify_storefront
asterthemes.com,https://asterthemes.com/api/mcp,A_verified_mcp,oauth,True,200,storefront-renderer,0.1.0,2025-06-18,"logging,prompts,resources,tools",https://shopify.com/authentication/68929880357/oauth/authorize,https://shopify.com/authentication/68929880357/oauth/token,,False,"openid,email,customer-account-api:full,customer-account-mcp-api:full",https://shopify.com/authentication/68929880357,https://asterthemes.com/.well-known/oauth-protected-resource,,dns_apex_spray,shopify_storefront
blackstoneproducts.com,https://blackstoneproducts.com/api/mcp,A_verified_mcp,oauth,True,200,storefront-renderer,0.1.0,2025-06-18,"logging,prompts,resources,tools",https://account.blackstoneproducts.com/authentication/oauth/authorize,https://account.blackstoneproducts.com/authentication/oauth/token,,False,"openid,email,customer-account-api:full,customer-account-mcp-api:full",https://shopify.com/authentication/31276957740,https://blackstoneproducts.com/.well-known/oauth-protected-resource,,dns_apex_spray,shopify_storefront
bloomchic.com,https://bloomchic.com/api/mcp,A_verified_mcp,oauth,True,200,storefront-renderer,0.1.0,2025-06-18,"logging,prompts,resources,tools",https://shopify.com/authentication/51071713450/oauth/authorize,https://shopify.com/authentication/51071713450/oauth/token,,False,"openid,email,customer-account-api:full,customer-account-mcp-api:full",https://shopify.com/authentication/51071713450,https://bloomchic.com/.well-known/oauth-protected-resource,,dns_apex_spray,shopify_storefront
beardbrand.com,https://beardbrand.com/api/mcp,A_verified_mcp,oauth,True,200,storefront-renderer,0.1.0,2025-06-18,"logging,prompts,resources,tools",https://account.beardbrand.com/authentication/oauth/authorize,https://account.beardbrand.com/authentication/oauth/token,,False,"openid,email,customer-account-api:full,customer-account-mcp-api:full",https://shopify.com/authentication/2090478,https://beardbrand.com/.well-known/oauth-protected-resource,,dns_apex_spray,shopify_storefront
armedangels.com,https://armedangels.com/api/mcp,A_verified_mcp,oauth,True,200,storefront-renderer,0.1.0,2025-06-18,"logging,prompts,resources,tools",https://shopify.com/authentication/91508506949/oauth/authorize,https://shopify.com/authentication/91508506949/oauth/token,,False,"openid,email,customer-account-api:full,customer-account-mcp-api:full",https://shopify.com/authentication/91508506949,https://armedangels.com/.well-known/oauth-protected-resource,,dns_apex_spray,shopify_storefront
artofplay.com,https://artofplay.com/api/mcp,A_verified_mcp,oauth,True,200,storefront-renderer,0.1.0,2025-06-18,"logging,prompts,resources,tools",https://account.artofplay.com/authentication/oauth/authorize,https://account.artofplay.com/authentication/oauth/token,,False,"openid,email,customer-account-api:full,customer-account-mcp-api:full",https://shopify.com/authentication/2007616,https://artofplay.com/.well-known/oauth-protected-resource,,dns_apex_spray,shopify_storefront
betabrand.com,https://betabrand.com/api/mcp,A_verified_mcp,oauth,True,200,storefront-renderer,0.1.0,2025-06-18,"logging,prompts,resources,tools",https://account.betabrand.com/authentication/oauth/authorize,https://account.betabrand.com/authentication/oauth/token,,False,"openid,email,customer-account-api:full,customer-account-mcp-api:full",https://shopify.com/authentication/61961175292,https://betabrand.com/.well-known/oauth-protected-resource,,dns_apex_spray,shopify_storefront
beprepared.com,https://beprepared.com/api/mcp,A_verified_mcp,oauth,True,200,storefront-renderer,0.1.0,2025-06-18,"logging,prompts,resources,tools",https://account.beprepared.com/authentication/oauth/authorize,https://account.beprepared.com/authentication/oauth/token,,False,"openid,email,customer-account-api:full,customer-account-mcp-api:full",https://shopify.com/authentication/33896267916,https://beprepared.com/.well-known/oauth-protected-resource,,dns_apex_spray,shopify_storefront
audioquest.com,https://audioquest.com/api/mcp,A_verified_mcp,oauth,True,200,storefront-renderer,0.1.0,2025-06-18,"logging,prompts,resources,tools",https://account.audioquest.com/authentication/oauth/authorize,https://account.audioquest.com/authentication/oauth/token,,False,"openid,email,customer-account-api:full,customer-account-mcp-api:full",https://shopify.com/authentication/62958862594,https://audioquest.com/.well-known/oauth-protected-resource,,dns_apex_spray,shopify_storefront
badgerbalm.com,https://badgerbalm.com/api/mcp,A_verified_mcp,oauth,True,200,storefront-renderer,0.1.0,2025-06-18,"logging,prompts,resources,tools",https://shopify.com/authentication/26049839185/oauth/authorize,https://shopify.com/authentication/26049839185/oauth/token,,False,"openid,email,customer-account-api:full,customer-account-mcp-api:full",https://shopify.com/authentication/26049839185,https://badgerbalm.com/.well-known/oauth-protected-resource,,dns_apex_spray,shopify_storefront
aukey.com,https://aukey.com/api/mcp,A_verified_mcp,oauth,True,200,storefront-renderer,0.1.0,2025-06-18,"logging,prompts,resources,tools",https://shopify.com/authentication/11876597856/oauth/authorize,https://shopify.com/authentication/11876597856/oauth/token,,False,"openid,email,customer-account-api:full,customer-account-mcp-api:full",https://shopify.com/authentication/11876597856,https://aukey.com/.well-known/oauth-protected-resource,,dns_apex_spray,shopify_storefront
blackmilkclothing.com,https://blackmilkclothing.com/api/mcp,A_verified_mcp,oauth,True,200,storefront-renderer,0.1.0,2025-06-18,"logging,prompts,resources,tools",https://accounts.blackmilkclothing.com/authentication/oauth/authorize,https://accounts.blackmilkclothing.com/authentication/oauth/token,,False,"openid,email,customer-account-api:full,customer-account-mcp-api:full",https://shopify.com/authentication/88109351193,https://blackmilkclothing.com/.well-known/oauth-protected-resource,,dns_apex_spray,shopify_storefront
berghaus.com,https://berghaus.com/api/mcp,A_verified_mcp,oauth,True,200,storefront-renderer,0.1.0,2025-06-18,"logging,prompts,resources,tools",https://shopify.com/authentication/69392990297/oauth/authorize,https://shopify.com/authentication/69392990297/oauth/token,,False,"openid,email,customer-account-api:full,customer-account-mcp-api:full",https://shopify.com/authentication/69392990297,https://berghaus.com/.well-known/oauth-protected-resource,,dns_apex_spray,shopify_storefront
bando.com,https://bando.com/api/mcp,A_verified_mcp,oauth,True,200,storefront-renderer,0.1.0,2025-06-18,"logging,prompts,resources,tools",https://shopify.com/authentication/7875255/oauth/authorize,https://shopify.com/authentication/7875255/oauth/token,,False,"openid,email,customer-account-api:full,customer-account-mcp-api:full",https://shopify.com/authentication/7875255,https://bando.com/.well-known/oauth-protected-resource,,dns_apex_spray,shopify_storefront
bellross.com,https://bellross.com/api/mcp,A_verified_mcp,oauth,True,200,storefront-renderer,0.1.0,2025-06-18,"logging,prompts,resources,tools",https://account.bellross.com/authentication/oauth/authorize,https://account.bellross.com/authentication/oauth/token,,False,"openid,email,customer-account-api:full,customer-account-mcp-api:full",https://shopify.com/authentication/93743743243,https://bellross.com/.well-known/oauth-protected-resource,,dns_apex_spray,shopify_storefront
beerwulf.com,https://beerwulf.com/api/mcp,A_verified_mcp,oauth,True,200,storefront-renderer,0.1.0,2025-06-18,"logging,prompts,resources,tools",https://account.beerwulf.com/authentication/oauth/authorize,https://account.beerwulf.com/authentication/oauth/token,,False,"openid,email,customer-account-api:full,customer-account-mcp-api:full",https://shopify.com/authentication/90753565007,https://beerwulf.com/.well-known/oauth-protected-resource,,dns_apex_spray,shopify_storefront
beyondalpha.co,https://beyondalpha.co/api/mcp,A_verified_mcp,oauth,True,200,storefront-renderer,0.1.0,2025-06-18,"logging,prompts,resources,tools",https://account.beyondalpha.co/authentication/oauth/authorize,https://account.beyondalpha.co/authentication/oauth/token,,False,"openid,email,customer-account-api:full,customer-account-mcp-api:full",https://shopify.com/authentication/88892932371,https://beyondalpha.co/.well-known/oauth-protected-resource,,dns_apex_spray,shopify_storefront
artrosilium.fr,https://artrosilium.fr/api/mcp,A_verified_mcp,oauth,True,200,storefront-renderer,0.1.0,2025-06-18,"logging,prompts,resources,tools",https://shopify.com/authentication/105779364174/oauth/authorize,https://shopify.com/authentication/105779364174/oauth/token,,False,"openid,email,customer-account-api:full,customer-account-mcp-api:full",https://shopify.com/authentication/105779364174,https://artrosilium.fr/.well-known/oauth-protected-resource,,dns_apex_spray,shopify_storefront
balanceofnature.com,https://balanceofnature.com/api/mcp,A_verified_mcp,oauth,True,200,storefront-renderer,0.1.0,2025-06-18,"logging,prompts,resources,tools",https://shopify.com/authentication/65594163443/oauth/authorize,https://shopify.com/authentication/65594163443/oauth/token,,False,"openid,email,customer-account-api:full,customer-account-mcp-api:full",https://shopify.com/authentication/65594163443,https://balanceofnature.com/.well-known/oauth-protected-resource,,dns_apex_spray,shopify_storefront
blissworld.com,https://blissworld.com/api/mcp,A_verified_mcp,oauth,True,200,storefront-renderer,0.1.0,2025-06-18,"logging,prompts,resources,tools",https://account.blissworld.com/authentication/oauth/authorize,https://account.blissworld.com/authentication/oauth/token,,False,"openid,email,customer-account-api:full,customer-account-mcp-api:full",https://shopify.com/authentication/70290178333,https://blissworld.com/.well-known/oauth-protected-resource,,dns_apex_spray,shopify_storefront
berkley-fishing.com,https://berkley-fishing.com/api/mcp,A_verified_mcp,oauth,True,200,storefront-renderer,0.1.0,2025-06-18,"logging,prompts,resources,tools",https://account.berkley-fishing.com/authentication/oauth/authorize,https://account.berkley-fishing.com/authentication/oauth/token,,False,"openid,email,customer-account-api:full,customer-account-mcp-api:full",https://shopify.com/authentication/33117995147,https://berkley-fishing.com/.well-known/oauth-protected-resource,,dns_apex_spray,shopify_storefront
bikes.com,https://bikes.com/api/mcp,A_verified_mcp,oauth,True,200,storefront-renderer,0.1.0,2025-06-18,"logging,prompts,resources,tools",https://shopify.com/authentication/44914966691/oauth/authorize,https://shopify.com/authentication/44914966691/oauth/token,,False,"openid,email,customer-account-api:full,customer-account-mcp-api:full",https://shopify.com/authentication/44914966691,https://bikes.com/.well-known/oauth-protected-resource,,dns_apex_spray,shopify_storefront
bodyecology.com,https://bodyecology.com/api/mcp,A_verified_mcp,oauth,True,200,storefront-renderer,0.1.0,2025-06-18,"logging,prompts,resources,tools",https://shopify.com/authentication/13557727296/oauth/authorize,https://shopify.com/authentication/13557727296/oauth/token,,False,"openid,email,customer-account-api:full,customer-account-mcp-api:full",https://shopify.com/authentication/13557727296,https://bodyecology.com/.well-known/oauth-protected-resource,,dns_apex_spray,shopify_storefront
blocparty.com,https://blocparty.com/api/mcp,A_verified_mcp,oauth,True,200,storefront-renderer,0.1.0,2025-06-18,"logging,prompts,resources,tools",https://shopify.com/authentication/69426970883/oauth/authorize,https://shopify.com/authentication/69426970883/oauth/token,,False,"openid,email,customer-account-api:full,customer-account-mcp-api:full",https://shopify.com/authentication/69426970883,https://blocparty.com/.well-known/oauth-protected-resource,,dns_apex_spray,shopify_storefront
blackhawk.com,https://blackhawk.com/api/mcp,A_verified_mcp,oauth,True,200,storefront-renderer,0.1.0,2025-06-18,"logging,prompts,resources,tools",https://shopify.com/authentication/75372757149/oauth/authorize,https://shopify.com/authentication/75372757149/oauth/token,,False,"openid,email,customer-account-api:full,customer-account-mcp-api:full",https://shopify.com/authentication/75372757149,https://blackhawk.com/.well-known/oauth-protected-resource,,dns_apex_spray,shopify_storefront
burley.com,https://burley.com/api/mcp,A_verified_mcp,oauth,True,200,storefront-renderer,0.1.0,2025-06-18,"logging,prompts,resources,tools",https://account.burley.com/authentication/oauth/authorize,https://account.burley.com/authentication/oauth/token,,False,"openid,email,customer-account-api:full,customer-account-mcp-api:full",https://shopify.com/authentication/58118734020,https://burley.com/.well-known/oauth-protected-resource,,dns_apex_spray,shopify_storefront
blessedcbd.co.uk,https://blessedcbd.co.uk/api/mcp,A_verified_mcp,oauth,True,200,storefront-renderer,0.1.0,2025-06-18,"logging,prompts,resources,tools",https://shopify.com/authentication/95218008375/oauth/authorize,https://shopify.com/authentication/95218008375/oauth/token,,False,"openid,email,customer-account-api:full,customer-account-mcp-api:full",https://shopify.com/authentication/95218008375,https://blessedcbd.co.uk/.well-known/oauth-protected-resource,,dns_apex_spray,shopify_storefront
baywa.de,https://baywa.de/api/mcp,A_verified_mcp,oauth,True,200,storefront-renderer,0.1.0,2025-06-18,"logging,prompts,resources,tools",https://shopify.com/authentication/93134684544/oauth/authorize,https://shopify.com/authentication/93134684544/oauth/token,,False,"openid,email,customer-account-api:full,customer-account-mcp-api:full",https://shopify.com/authentication/93134684544,https://baywa.de/.well-known/oauth-protected-resource,,dns_apex_spray,shopify_storefront
branchbasics.com,https://branchbasics.com/api/mcp,A_verified_mcp,oauth,True,200,storefront-renderer,0.1.0,2025-06-18,"logging,prompts,resources,tools",https://account.branchbasics.com/authentication/oauth/authorize,https://account.branchbasics.com/authentication/oauth/token,,False,"openid,email,customer-account-api:full,customer-account-mcp-api:full",https://shopify.com/authentication/41091006628,https://branchbasics.com/.well-known/oauth-protected-resource,,dns_apex_spray,shopify_storefront
boker.de,https://boker.de/api/mcp,A_verified_mcp,oauth,True,200,storefront-renderer,0.1.0,2025-06-18,"logging,prompts,resources,tools",https://shopify.com/authentication/64174981282/oauth/authorize,https://shopify.com/authentication/64174981282/oauth/token,,False,"openid,email,customer-account-api:full,customer-account-mcp-api:full",https://shopify.com/authentication/64174981282,https://boker.de/.well-known/oauth-protected-resource,,dns_apex_spray,shopify_storefront
bokksu.com,https://bokksu.com/api/mcp,A_verified_mcp,oauth,True,200,storefront-renderer,0.1.0,2025-06-18,"logging,prompts,resources,tools",https://shopify.com/authentication/65962311766/oauth/authorize,https://shopify.com/authentication/65962311766/oauth/token,,False,"openid,email,customer-account-api:full,customer-account-mcp-api:full",https://shopify.com/authentication/65962311766,https://bokksu.com/.well-known/oauth-protected-resource,,dns_apex_spray,shopify_storefront
biglifejournal.com,https://biglifejournal.com/api/mcp,A_verified_mcp,oauth,True,200,storefront-renderer,0.1.0,2025-06-18,"logging,prompts,resources,tools",https://shopify.com/authentication/20130229/oauth/authorize,https://shopify.com/authentication/20130229/oauth/token,,False,"openid,email,customer-account-api:full,customer-account-mcp-api:full",https://shopify.com/authentication/20130229,https://biglifejournal.com/.well-known/oauth-protected-resource,,dns_apex_spray,shopify_storefront
blambot.com,https://blambot.com/api/mcp,A_verified_mcp,oauth,True,200,storefront-renderer,0.1.0,2025-06-18,"logging,prompts,resources,tools",https://shopify.com/authentication/15257796662/oauth/authorize,https://shopify.com/authentication/15257796662/oauth/token,,False,"openid,email,customer-account-api:full,customer-account-mcp-api:full",https://shopify.com/authentication/15257796662,https://blambot.com/.well-known/oauth-protected-resource,,dns_apex_spray,shopify_storefront
belstaff.com,https://belstaff.com/api/mcp,A_verified_mcp,oauth,True,200,storefront-renderer,0.1.0,2025-06-18,"logging,prompts,resources,tools",https://shopify.com/authentication/65315045470/oauth/authorize,https://shopify.com/authentication/65315045470/oauth/token,,False,"openid,email,customer-account-api:full,customer-account-mcp-api:full",https://shopify.com/authentication/65315045470,https://belstaff.com/.well-known/oauth-protected-resource,,dns_apex_spray,shopify_storefront
bushmills.com,https://bushmills.com/api/mcp,A_verified_mcp,oauth,True,200,storefront-renderer,0.1.0,2025-06-18,"logging,prompts,resources,tools",https://account.bushmills.com/authentication/oauth/authorize,https://account.bushmills.com/authentication/oauth/token,,False,"openid,email,customer-account-api:full,customer-account-mcp-api:full",https://shopify.com/authentication/73643819227,https://bushmills.com/.well-known/oauth-protected-resource,,dns_apex_spray,shopify_storefront
bragg.com,https://bragg.com/api/mcp,A_verified_mcp,oauth,True,200,storefront-renderer,0.1.0,2025-06-18,"logging,prompts,resources,tools",https://shopify.com/authentication/24218665056/oauth/authorize,https://shopify.com/authentication/24218665056/oauth/token,,False,"openid,email,customer-account-api:full,customer-account-mcp-api:full",https://shopify.com/authentication/24218665056,https://bragg.com/.well-known/oauth-protected-resource,,dns_apex_spray,shopify_storefront
bluesky.com,https://bluesky.com/api/mcp,A_verified_mcp,oauth,True,200,storefront-renderer,0.1.0,2025-06-18,"logging,prompts,resources,tools",https://shopify.com/authentication/1849819183/oauth/authorize,https://shopify.com/authentication/1849819183/oauth/token,,False,"openid,email,customer-account-api:full,customer-account-mcp-api:full",https://shopify.com/authentication/1849819183,https://bluesky.com/.well-known/oauth-protected-resource,,dns_apex_spray,shopify_storefront
bruichladdich.com,https://bruichladdich.com/api/mcp,A_verified_mcp,oauth,True,200,storefront-renderer,0.1.0,2025-06-18,"logging,prompts,resources,tools",https://shopify.com/authentication/62527930541/oauth/authorize,https://shopify.com/authentication/62527930541/oauth/token,,False,"openid,email,customer-account-api:full,customer-account-mcp-api:full",https://shopify.com/authentication/62527930541,https://bruichladdich.com/.well-known/oauth-protected-resource,,dns_apex_spray,shopify_storefront
bigtexan.com,https://bigtexan.com/api/mcp,A_verified_mcp,oauth,True,200,storefront-renderer,0.1.0,2025-06-18,"logging,prompts,resources,tools",https://shopify.com/authentication/28709552233/oauth/authorize,https://shopify.com/authentication/28709552233/oauth/token,,False,"openid,email,customer-account-api:full,customer-account-mcp-api:full",https://shopify.com/authentication/28709552233,https://bigtexan.com/.well-known/oauth-protected-resource,,dns_apex_spray,shopify_storefront
bmc-switzerland.com,https://bmc-switzerland.com/api/mcp,A_verified_mcp,oauth,True,200,storefront-renderer,0.1.0,2025-06-18,"logging,prompts,resources,tools",https://shopify.com/authentication/23613567/oauth/authorize,https://shopify.com/authentication/23613567/oauth/token,,False,"openid,email,customer-account-api:full,customer-account-mcp-api:full",https://shopify.com/authentication/23613567,https://bmc-switzerland.com/.well-known/oauth-protected-resource,,dns_apex_spray,shopify_storefront
cabotcheese.coop,https://cabotcheese.coop/api/mcp,A_verified_mcp,oauth,True,200,storefront-renderer,0.1.0,2025-06-18,"logging,prompts,resources,tools",https://account.cabotcreamery.com/authentication/oauth/authorize,https://account.cabotcreamery.com/authentication/oauth/token,,False,"openid,email,customer-account-api:full,customer-account-mcp-api:full",https://shopify.com/authentication/57139331129,https://cabotcheese.coop/.well-known/oauth-protected-resource,,dns_apex_spray,shopify_storefront
bouwmaat.nl,https://bouwmaat.nl/api/mcp,A_verified_mcp,oauth,True,200,storefront-renderer,0.1.0,2025-06-18,"logging,prompts,resources,tools",https://shopify.com/authentication/97632256326/oauth/authorize,https://shopify.com/authentication/97632256326/oauth/token,,False,"openid,email,customer-account-api:full,customer-account-mcp-api:full",https://shopify.com/authentication/97632256326,https://bouwmaat.nl/.well-known/oauth-protected-resource,,dns_apex_spray,shopify_storefront
britishessentials.com,https://britishessentials.com/api/mcp,A_verified_mcp,oauth,True,200,storefront-renderer,0.1.0,2025-06-18,"logging,prompts,resources,tools",https://shopify.com/authentication/9437472/oauth/authorize,https://shopify.com/authentication/9437472/oauth/token,,False,"openid,email,customer-account-api:full,customer-account-mcp-api:full",https://shopify.com/authentication/9437472,https://britishessentials.com/.well-known/oauth-protected-resource,,dns_apex_spray,shopify_storefront
botslab.com,https://botslab.com/api/mcp,A_verified_mcp,oauth,True,200,storefront-renderer,0.1.0,2025-06-18,"logging,prompts,resources,tools",https://shopify.com/authentication/72247542052/oauth/authorize,https://shopify.com/authentication/72247542052/oauth/token,,False,"openid,email,customer-account-api:full,customer-account-mcp-api:full",https://shopify.com/authentication/72247542052,https://botslab.com/.well-known/oauth-protected-resource,,dns_apex_spray,shopify_storefront
braintumourresearch.org,https://braintumourresearch.org/api/mcp,A_verified_mcp,oauth,True,200,storefront-renderer,0.1.0,2025-06-18,"logging,prompts,resources,tools",https://shopify.com/authentication/61531226285/oauth/authorize,https://shopify.com/authentication/61531226285/oauth/token,,False,"openid,email,customer-account-api:full,customer-account-mcp-api:full",https://shopify.com/authentication/61531226285,https://braintumourresearch.org/.well-known/oauth-protected-resource,,dns_apex_spray,shopify_storefront
bustedtees.com,https://bustedtees.com/api/mcp,A_verified_mcp,oauth,True,200,storefront-renderer,0.1.0,2025-06-18,"logging,prompts,resources,tools",https://shopify.com/authentication/25422757985/oauth/authorize,https://shopify.com/authentication/25422757985/oauth/token,,False,"openid,email,customer-account-api:full,customer-account-mcp-api:full",https://shopify.com/authentication/25422757985,https://bustedtees.com/.well-known/oauth-protected-resource,,dns_apex_spray,shopify_storefront
bog-ide.dk,https://bog-ide.dk/api/mcp,A_verified_mcp,oauth,True,200,storefront-renderer,0.1.0,2025-06-18,"logging,prompts,resources,tools",https://profil.bog-ide.dk/authentication/oauth/authorize,https://profil.bog-ide.dk/authentication/oauth/token,,False,"openid,email,customer-account-api:full,customer-account-mcp-api:full",https://shopify.com/authentication/65077117066,https://bog-ide.dk/.well-known/oauth-protected-resource,,dns_apex_spray,shopify_storefront
bols.com,https://bols.com/api/mcp,A_verified_mcp,oauth,True,200,storefront-renderer,0.1.0,2025-06-18,"logging,prompts,resources,tools",https://shopify.com/authentication/53718679738/oauth/authorize,https://shopify.com/authentication/53718679738/oauth/token,,False,"openid,email,customer-account-api:full,customer-account-mcp-api:full",https://shopify.com/authentication/53718679738,https://bols.com/.well-known/oauth-protected-resource,,dns_apex_spray,shopify_storefront
cableorganizer.com,https://cableorganizer.com/api/mcp,A_verified_mcp,oauth,True,200,storefront-renderer,0.1.0,2025-06-18,"logging,prompts,resources,tools",https://shopify.com/authentication/89205834033/oauth/authorize,https://shopify.com/authentication/89205834033/oauth/token,,False,"openid,email,customer-account-api:full,customer-account-mcp-api:full",https://shopify.com/authentication/89205834033,https://cableorganizer.com/.well-known/oauth-protected-resource,,dns_apex_spray,shopify_storefront
brooksengland.com,https://brooksengland.com/api/mcp,A_verified_mcp,oauth,True,200,storefront-renderer,0.1.0,2025-06-18,"logging,prompts,resources,tools",https://shopify.com/authentication/98283651456/oauth/authorize,https://shopify.com/authentication/98283651456/oauth/token,,False,"openid,email,customer-account-api:full,customer-account-mcp-api:full",https://shopify.com/authentication/98283651456,https://brooksengland.com/.well-known/oauth-protected-resource,,dns_apex_spray,shopify_storefront
c21stores.com,https://c21stores.com/api/mcp,A_verified_mcp,oauth,True,200,storefront-renderer,0.1.0,2025-06-18,"logging,prompts,resources,tools",https://shopify.com/authentication/66652668079/oauth/authorize,https://shopify.com/authentication/66652668079/oauth/token,,False,"openid,email,customer-account-api:full,customer-account-mcp-api:full",https://shopify.com/authentication/66652668079,https://c21stores.com/.well-known/oauth-protected-resource,,dns_apex_spray,shopify_storefront
campchef.com,https://campchef.com/api/mcp,A_verified_mcp,oauth,True,200,storefront-renderer,0.1.0,2025-06-18,"logging,prompts,resources,tools",https://shopify.com/authentication/78845739257/oauth/authorize,https://shopify.com/authentication/78845739257/oauth/token,,False,"openid,email,customer-account-api:full,customer-account-mcp-api:full",https://shopify.com/authentication/78845739257,https://campchef.com/.well-known/oauth-protected-resource,,dns_apex_spray,shopify_storefront
candystore.com,https://candystore.com/api/mcp,A_verified_mcp,oauth,True,200,storefront-renderer,0.1.0,2025-06-18,"logging,prompts,resources,tools",https://shopify.com/authentication/61483090107/oauth/authorize,https://shopify.com/authentication/61483090107/oauth/token,,False,"openid,email,customer-account-api:full,customer-account-mcp-api:full",https://shopify.com/authentication/61483090107,https://candystore.com/.well-known/oauth-protected-resource,,dns_apex_spray,shopify_storefront
candyfavorites.com,https://candyfavorites.com/api/mcp,A_verified_mcp,oauth,True,200,storefront-renderer,0.1.0,2025-06-18,"logging,prompts,resources,tools",https://account.candyfavorites.com/authentication/oauth/authorize,https://account.candyfavorites.com/authentication/oauth/token,,False,"openid,email,customer-account-api:full,customer-account-mcp-api:full",https://shopify.com/authentication/69947293945,https://candyfavorites.com/.well-known/oauth-protected-resource,,dns_apex_spray,shopify_storefront
aputure.com,https://aputure.com/api/mcp,A_verified_mcp,none_public,False,200,storefront-renderer,0.1.0,2025-06-18,"logging,prompts,resources,tools",,,,False,,,,,dns_apex_spray,shopify_storefront
casablancaparis.com,https://casablancaparis.com/api/mcp,A_verified_mcp,oauth,True,200,storefront-renderer,0.1.0,2025-06-18,"logging,prompts,resources,tools",https://shopify.com/authentication/7613415506/oauth/authorize,https://shopify.com/authentication/7613415506/oauth/token,,False,"openid,email,customer-account-api:full,customer-account-mcp-api:full",https://shopify.com/authentication/7613415506,https://casablancaparis.com/.well-known/oauth-protected-resource,,dns_apex_spray,shopify_storefront
cinemark-shop.myshopify.com,https://cinemark-shop.myshopify.com/api/mcp,A_verified_mcp,oauth,True,200,storefront-renderer,0.1.0,2025-06-18,"logging,prompts,resources,tools",https://shopify.com/authentication/80234217665/oauth/authorize,https://shopify.com/authentication/80234217665/oauth/token,,False,"openid,email,customer-account-api:full,customer-account-mcp-api:full",https://shopify.com/authentication/80234217665,https://cinemark-shop.myshopify.com/.well-known/oauth-protected-resource,,dns_apex_spray,shopify_storefront
cleorecs.com,https://cleorecs.com/api/mcp,A_verified_mcp,oauth,True,200,storefront-renderer,0.1.0,2025-06-18,"logging,prompts,resources,tools",https://account.cleorecs.com/authentication/oauth/authorize,https://account.cleorecs.com/authentication/oauth/token,,False,"openid,email,customer-account-api:full,customer-account-mcp-api:full",https://shopify.com/authentication/86833791287,https://cleorecs.com/.well-known/oauth-protected-resource,,dns_apex_spray,shopify_storefront
cellucor.com,https://cellucor.com/api/mcp,A_verified_mcp,oauth,True,200,storefront-renderer,0.1.0,2025-06-18,"logging,prompts,resources,tools",https://shopify.com/authentication/14922278/oauth/authorize,https://shopify.com/authentication/14922278/oauth/token,,False,"openid,email,customer-account-api:full,customer-account-mcp-api:full",https://shopify.com/authentication/14922278,https://cellucor.com/.well-known/oauth-protected-resource,,dns_apex_spray,shopify_storefront
charbroil.com,https://charbroil.com/api/mcp,A_verified_mcp,oauth,True,200,storefront-renderer,0.1.0,2025-06-18,"logging,prompts,resources,tools",https://shopify.com/authentication/61895966795/oauth/authorize,https://shopify.com/authentication/61895966795/oauth/token,,False,"openid,email,customer-account-api:full,customer-account-mcp-api:full",https://shopify.com/authentication/61895966795,https://charbroil.com/.well-known/oauth-protected-resource,,dns_apex_spray,shopify_storefront
chromeindustries.com,https://chromeindustries.com/api/mcp,A_verified_mcp,oauth,True,200,storefront-renderer,0.1.0,2025-06-18,"logging,prompts,resources,tools",https://shopify.com/authentication/56707678268/oauth/authorize,https://shopify.com/authentication/56707678268/oauth/token,,False,"openid,email,customer-account-api:full,customer-account-mcp-api:full",https://shopify.com/authentication/56707678268,https://chromeindustries.com/.well-known/oauth-protected-resource,,dns_apex_spray,shopify_storefront
clickandgrow.com,https://clickandgrow.com/api/mcp,A_verified_mcp,oauth,True,200,storefront-renderer,0.1.0,2025-06-18,"logging,prompts,resources,tools",https://shopify.com/authentication/1560137/oauth/authorize,https://shopify.com/authentication/1560137/oauth/token,,False,"openid,email,customer-account-api:full,customer-account-mcp-api:full",https://shopify.com/authentication/1560137,https://clickandgrow.com/.well-known/oauth-protected-resource,,dns_apex_spray,shopify_storefront
commonthreadco.com,https://commonthreadco.com/api/mcp,A_verified_mcp,oauth,True,200,storefront-renderer,0.1.0,2025-06-18,"logging,prompts,resources,tools",https://shopify.com/authentication/10241659/oauth/authorize,https://shopify.com/authentication/10241659/oauth/token,,False,"openid,email,customer-account-api:full,customer-account-mcp-api:full",https://shopify.com/authentication/10241659,https://commonthreadco.com/.well-known/oauth-protected-resource,,dns_apex_spray,shopify_storefront
comfrt.com,https://comfrt.com/api/mcp,A_verified_mcp,oauth,True,200,storefront-renderer,0.1.0,2025-06-18,"logging,prompts,resources,tools",https://account.comfrt.com/authentication/oauth/authorize,https://account.comfrt.com/authentication/oauth/token,,False,"openid,email,customer-account-api:full,customer-account-mcp-api:full",https://shopify.com/authentication/56940298284,https://comfrt.com/.well-known/oauth-protected-resource,,dns_apex_spray,shopify_storefront
colorware.com,https://colorware.com/api/mcp,A_verified_mcp,oauth,True,200,storefront-renderer,0.1.0,2025-06-18,"logging,prompts,resources,tools",https://account.colorware.com/authentication/oauth/authorize,https://account.colorware.com/authentication/oauth/token,,False,"openid,email,customer-account-api:full,customer-account-mcp-api:full",https://shopify.com/authentication/79183675687,https://colorware.com/.well-known/oauth-protected-resource,,dns_apex_spray,shopify_storefront
charlotterusse.com,https://charlotterusse.com/api/mcp,A_verified_mcp,oauth,True,200,storefront-renderer,0.1.0,2025-06-18,"logging,prompts,resources,tools",https://shopify.com/authentication/7451246676/oauth/authorize,https://shopify.com/authentication/7451246676/oauth/token,,False,"openid,email,customer-account-api:full,customer-account-mcp-api:full",https://shopify.com/authentication/7451246676,https://charlotterusse.com/.well-known/oauth-protected-resource,,dns_apex_spray,shopify_storefront
clove.co.uk,https://clove.co.uk/api/mcp,A_verified_mcp,oauth,True,200,storefront-renderer,0.1.0,2025-06-18,"logging,prompts,resources,tools",https://shopify.com/authentication/7755137083/oauth/authorize,https://shopify.com/authentication/7755137083/oauth/token,,False,"openid,email,customer-account-api:full,customer-account-mcp-api:full",https://shopify.com/authentication/7755137083,https://clove.co.uk/.well-known/oauth-protected-resource,,dns_apex_spray,shopify_storefront
cnd.com,https://cnd.com/api/mcp,A_verified_mcp,oauth,True,200,storefront-renderer,0.1.0,2025-06-18,"logging,prompts,resources,tools",https://shopify.com/authentication/79400108323/oauth/authorize,https://shopify.com/authentication/79400108323/oauth/token,,False,"openid,email,customer-account-api:full,customer-account-mcp-api:full",https://shopify.com/authentication/79400108323,https://cnd.com/.well-known/oauth-protected-resource,,dns_apex_spray,shopify_storefront
celestialseasonings.com,https://celestialseasonings.com/api/mcp,A_verified_mcp,oauth,True,200,storefront-renderer,0.1.0,2025-06-18,"logging,prompts,resources,tools",https://shopify.com/authentication/56682905798/oauth/authorize,https://shopify.com/authentication/56682905798/oauth/token,,False,"openid,email,customer-account-api:full,customer-account-mcp-api:full",https://shopify.com/authentication/56682905798,https://celestialseasonings.com/.well-known/oauth-protected-resource,,dns_apex_spray,shopify_storefront
cobra.com,https://cobra.com/api/mcp,A_verified_mcp,oauth,True,200,storefront-renderer,0.1.0,2025-06-18,"logging,prompts,resources,tools",https://shopify.com/authentication/22032035/oauth/authorize,https://shopify.com/authentication/22032035/oauth/token,,False,"openid,email,customer-account-api:full,customer-account-mcp-api:full",https://shopify.com/authentication/22032035,https://cobra.com/.well-known/oauth-protected-resource,,dns_apex_spray,shopify_storefront
cheesemaking.com,https://cheesemaking.com/api/mcp,A_verified_mcp,oauth,True,200,storefront-renderer,0.1.0,2025-06-18,"logging,prompts,resources,tools",https://shopify.com/authentication/28362982/oauth/authorize,https://shopify.com/authentication/28362982/oauth/token,,False,"openid,email,customer-account-api:full,customer-account-mcp-api:full",https://shopify.com/authentication/28362982,https://cheesemaking.com/.well-known/oauth-protected-resource,,dns_apex_spray,shopify_storefront
crankbrothers.com,https://crankbrothers.com/api/mcp,A_verified_mcp,oauth,True,200,storefront-renderer,0.1.0,2025-06-18,"logging,prompts,resources,tools",https://account.crankbrothers.com/authentication/oauth/authorize,https://account.crankbrothers.com/authentication/oauth/token,,False,"openid,email,customer-account-api:full,customer-account-mcp-api:full",https://shopify.com/authentication/22560503,https://crankbrothers.com/.well-known/oauth-protected-resource,,dns_apex_spray,shopify_storefront
colnago.com,https://colnago.com/api/mcp,A_verified_mcp,oauth,True,200,storefront-renderer,0.1.0,2025-06-18,"logging,prompts,resources,tools",https://shopify.com/authentication/82889802039/oauth/authorize,https://shopify.com/authentication/82889802039/oauth/token,,False,"openid,email,customer-account-api:full,customer-account-mcp-api:full",https://shopify.com/authentication/82889802039,https://colnago.com/.well-known/oauth-protected-resource,,dns_apex_spray,shopify_storefront
cole-and-son.com,https://cole-and-son.com/api/mcp,A_verified_mcp,oauth,True,200,storefront-renderer,0.1.0,2025-06-18,"logging,prompts,resources,tools",https://shopify.com/authentication/57705431226/oauth/authorize,https://shopify.com/authentication/57705431226/oauth/token,,False,"openid,email,customer-account-api:full,customer-account-mcp-api:full",https://shopify.com/authentication/57705431226,https://cole-and-son.com/.well-known/oauth-protected-resource,,dns_apex_spray,shopify_storefront
counterculturecoffee.com,https://counterculturecoffee.com/api/mcp,A_verified_mcp,oauth,True,200,storefront-renderer,0.1.0,2025-06-18,"logging,prompts,resources,tools",https://shopify.com/authentication/24942837837/oauth/authorize,https://shopify.com/authentication/24942837837/oauth/token,,False,"openid,email,customer-account-api:full,customer-account-mcp-api:full",https://shopify.com/authentication/24942837837,https://counterculturecoffee.com/.well-known/oauth-protected-resource,,dns_apex_spray,shopify_storefront
coolibar.com,https://coolibar.com/api/mcp,A_verified_mcp,oauth,True,200,storefront-renderer,0.1.0,2025-06-18,"logging,prompts,resources,tools",https://shopify.com/authentication/80722985274/oauth/authorize,https://shopify.com/authentication/80722985274/oauth/token,,False,"openid,email,customer-account-api:full,customer-account-mcp-api:full",https://shopify.com/authentication/80722985274,https://coolibar.com/.well-known/oauth-protected-resource,,dns_apex_spray,shopify_storefront
daily-harvest.com,https://daily-harvest.com/api/mcp,A_verified_mcp,oauth,True,200,storefront-renderer,0.1.0,2025-06-18,"logging,prompts,resources,tools",https://account.daily-harvest.com/authentication/oauth/authorize,https://account.daily-harvest.com/authentication/oauth/token,,False,"openid,email,customer-account-api:full,customer-account-mcp-api:full",https://shopify.com/authentication/73275670826,https://daily-harvest.com/.well-known/oauth-protected-resource,,dns_apex_spray,shopify_storefront
cvlinens.com,https://cvlinens.com/api/mcp,A_verified_mcp,oauth,True,200,storefront-renderer,0.1.0,2025-06-18,"logging,prompts,resources,tools",https://account.cvlinens.com/authentication/oauth/authorize,https://account.cvlinens.com/authentication/oauth/token,,False,"openid,email,customer-account-api:full,customer-account-mcp-api:full",https://shopify.com/authentication/4203905136,https://cvlinens.com/.well-known/oauth-protected-resource,,dns_apex_spray,shopify_storefront
coolwallet.io,https://coolwallet.io/api/mcp,A_verified_mcp,oauth,True,200,storefront-renderer,0.1.0,2025-06-18,"logging,prompts,resources,tools",https://shopify.com/authentication/64139952301/oauth/authorize,https://shopify.com/authentication/64139952301/oauth/token,,False,"openid,email,customer-account-api:full,customer-account-mcp-api:full",https://shopify.com/authentication/64139952301,https://coolwallet.io/.well-known/oauth-protected-resource,,dns_apex_spray,shopify_storefront
cosrx.com,https://cosrx.com/api/mcp,A_verified_mcp,oauth,True,200,storefront-renderer,0.1.0,2025-06-18,"logging,prompts,resources,tools",https://account.cosrx.com/authentication/oauth/authorize,https://account.cosrx.com/authentication/oauth/token,,False,"openid,email,customer-account-api:full,customer-account-mcp-api:full",https://shopify.com/authentication/51337756828,https://cosrx.com/.well-known/oauth-protected-resource,,dns_apex_spray,shopify_storefront
cultpens.com,https://cultpens.com/api/mcp,A_verified_mcp,oauth,True,200,storefront-renderer,0.1.0,2025-06-18,"logging,prompts,resources,tools",https://shopify.com/authentication/65963884787/oauth/authorize,https://shopify.com/authentication/65963884787/oauth/token,,False,"openid,email,customer-account-api:full,customer-account-mcp-api:full",https://shopify.com/authentication/65963884787,https://cultpens.com/.well-known/oauth-protected-resource,,dns_apex_spray,shopify_storefront
costafarms.com,https://costafarms.com/api/mcp,A_verified_mcp,oauth,True,200,storefront-renderer,0.1.0,2025-06-18,"logging,prompts,resources,tools",https://shopify.com/authentication/28037251144/oauth/authorize,https://shopify.com/authentication/28037251144/oauth/token,,False,"openid,email,customer-account-api:full,customer-account-mcp-api:full",https://shopify.com/authentication/28037251144,https://costafarms.com/.well-known/oauth-protected-resource,,dns_apex_spray,shopify_storefront
cross.com,https://cross.com/api/mcp,A_verified_mcp,oauth,True,200,storefront-renderer,0.1.0,2025-06-18,"logging,prompts,resources,tools",https://account.cross.com/authentication/oauth/authorize,https://account.cross.com/authentication/oauth/token,,False,"openid,email,customer-account-api:full,customer-account-mcp-api:full",https://shopify.com/authentication/87133258022,https://cross.com/.well-known/oauth-protected-resource,,dns_apex_spray,shopify_storefront
cynthiarowley.com,https://cynthiarowley.com/api/mcp,A_verified_mcp,oauth,True,200,storefront-renderer,0.1.0,2025-06-18,"logging,prompts,resources,tools",https://shopify.com/authentication/19154287/oauth/authorize,https://shopify.com/authentication/19154287/oauth/token,,False,"openid,email,customer-account-api:full,customer-account-mcp-api:full",https://shopify.com/authentication/19154287,https://cynthiarowley.com/.well-known/oauth-protected-resource,,dns_apex_spray,shopify_storefront
couturecandy.com,https://couturecandy.com/api/mcp,A_verified_mcp,oauth,True,200,storefront-renderer,0.1.0,2025-06-18,"logging,prompts,resources,tools",https://shopify.com/authentication/14470185017/oauth/authorize,https://shopify.com/authentication/14470185017/oauth/token,,False,"openid,email,customer-account-api:full,customer-account-mcp-api:full",https://shopify.com/authentication/14470185017,https://couturecandy.com/.well-known/oauth-protected-resource,,dns_apex_spray,shopify_storefront
cstrecords.com,https://cstrecords.com/api/mcp,A_verified_mcp,oauth,True,200,storefront-renderer,0.1.0,2025-06-18,"logging,prompts,resources,tools",https://shopify.com/authentication/7155810415/oauth/authorize,https://shopify.com/authentication/7155810415/oauth/token,,False,"openid,email,customer-account-api:full,customer-account-mcp-api:full",https://shopify.com/authentication/7155810415,https://cstrecords.com/.well-known/oauth-protected-resource,,dns_apex_spray,shopify_storefront
daiyafoods.com,https://daiyafoods.com/api/mcp,A_verified_mcp,oauth,True,200,storefront-renderer,0.1.0,2025-06-18,"logging,prompts,resources,tools",https://shopify.com/authentication/78259519766/oauth/authorize,https://shopify.com/authentication/78259519766/oauth/token,,False,"openid,email,customer-account-api:full,customer-account-mcp-api:full",https://shopify.com/authentication/78259519766,https://daiyafoods.com/.well-known/oauth-protected-resource,,dns_apex_spray,shopify_storefront
decathlon.com,https://decathlon.com/api/mcp,A_verified_mcp,oauth,True,200,storefront-renderer,0.1.0,2025-06-18,"logging,prompts,resources,tools",https://shopify.com/authentication/13306287/oauth/authorize,https://shopify.com/authentication/13306287/oauth/token,,False,"openid,email,customer-account-api:full,customer-account-mcp-api:full",https://shopify.com/authentication/13306287,https://decathlon.com/.well-known/oauth-protected-resource,,dns_apex_spray,shopify_storefront
dharmatrading.com,https://dharmatrading.com/api/mcp,A_verified_mcp,oauth,True,200,storefront-renderer,0.1.0,2025-06-18,"logging,prompts,resources,tools",https://account.dharmatrading.com/authentication/oauth/authorize,https://account.dharmatrading.com/authentication/oauth/token,,False,"openid,email,customer-account-api:full,customer-account-mcp-api:full",https://shopify.com/authentication/86772285753,https://dharmatrading.com/.well-known/oauth-protected-resource,,dns_apex_spray,shopify_storefront
decoart.com,https://decoart.com/api/mcp,A_verified_mcp,oauth,True,200,storefront-renderer,0.1.0,2025-06-18,"logging,prompts,resources,tools",https://shopify.com/authentication/73459335401/oauth/authorize,https://shopify.com/authentication/73459335401/oauth/token,,False,"openid,email,customer-account-api:full,customer-account-mcp-api:full",https://shopify.com/authentication/73459335401,https://decoart.com/.well-known/oauth-protected-resource,,dns_apex_spray,shopify_storefront
deuscustoms.com,https://deuscustoms.com/api/mcp,A_verified_mcp,oauth,True,200,storefront-renderer,0.1.0,2025-06-18,"logging,prompts,resources,tools",https://account.deuscustoms.com/authentication/oauth/authorize,https://account.deuscustoms.com/authentication/oauth/token,,False,"openid,email,customer-account-api:full,customer-account-mcp-api:full",https://shopify.com/authentication/9094166,https://deuscustoms.com/.well-known/oauth-protected-resource,,dns_apex_spray,shopify_storefront
deeppurple.com,https://deeppurple.com/api/mcp,A_verified_mcp,oauth,True,200,storefront-renderer,0.1.0,2025-06-18,"logging,prompts,resources,tools",https://shopify.com/authentication/8499992/oauth/authorize,https://shopify.com/authentication/8499992/oauth/token,,False,"openid,email,customer-account-api:full,customer-account-mcp-api:full",https://shopify.com/authentication/8499992,https://deeppurple.com/.well-known/oauth-protected-resource,,dns_apex_spray,shopify_storefront
davidaustinroses.com,https://davidaustinroses.com/api/mcp,A_verified_mcp,oauth,True,200,storefront-renderer,0.1.0,2025-06-18,"logging,prompts,resources,tools",https://shopify.com/authentication/25021513807/oauth/authorize,https://shopify.com/authentication/25021513807/oauth/token,,False,"openid,email,customer-account-api:full,customer-account-mcp-api:full",https://shopify.com/authentication/25021513807,https://davidaustinroses.com/.well-known/oauth-protected-resource,,dns_apex_spray,shopify_storefront
currentbody.com,https://currentbody.com/api/mcp,A_verified_mcp,oauth,True,200,storefront-renderer,0.1.0,2025-06-18,"logging,prompts,resources,tools",https://account.currentbody.com/authentication/oauth/authorize,https://account.currentbody.com/authentication/oauth/token,,False,"openid,email,customer-account-api:full,customer-account-mcp-api:full",https://shopify.com/authentication/30977858,https://currentbody.com/.well-known/oauth-protected-resource,,dns_apex_spray,shopify_storefront
defjamshop.com,https://defjamshop.com/api/mcp,A_verified_mcp,oauth,True,200,storefront-renderer,0.1.0,2025-06-18,"logging,prompts,resources,tools",https://shopify.com/authentication/19786859/oauth/authorize,https://shopify.com/authentication/19786859/oauth/token,,False,"openid,email,customer-account-api:full,customer-account-mcp-api:full",https://shopify.com/authentication/19786859,https://defjamshop.com/.well-known/oauth-protected-resource,,dns_apex_spray,shopify_storefront
drscholls.com,https://drscholls.com/api/mcp,A_verified_mcp,oauth,True,200,storefront-renderer,0.1.0,2025-06-18,"logging,prompts,resources,tools",https://account.drscholls.com/authentication/oauth/authorize,https://account.drscholls.com/authentication/oauth/token,,False,"openid,email,customer-account-api:full,customer-account-mcp-api:full",https://shopify.com/authentication/83120324884,https://drscholls.com/.well-known/oauth-protected-resource,,dns_apex_spray,shopify_storefront
cupshe.com,https://cupshe.com/api/mcp,A_verified_mcp,oauth,True,200,,,,,https://shopify.com/authentication/7840207/oauth/authorize,https://shopify.com/authentication/7840207/oauth/token,,False,"openid,email,customer-account-api:full,customer-account-mcp-api:full",https://shopify.com/authentication/7840207,https://cupshe.com/.well-known/oauth-protected-resource,,dns_apex_spray,shopify_storefront
ecoalf.com,https://ecoalf.com/api/mcp,A_verified_mcp,oauth,True,200,storefront-renderer,0.1.0,2025-06-18,"logging,prompts,resources,tools",https://account.ecoalf.com/authentication/oauth/authorize,https://account.ecoalf.com/authentication/oauth/token,,False,"openid,email,customer-account-api:full,customer-account-mcp-api:full",https://shopify.com/authentication/55328047279,https://ecoalf.com/.well-known/oauth-protected-resource,,dns_apex_spray,shopify_storefront
dickensmuseum.com,https://dickensmuseum.com/api/mcp,A_verified_mcp,oauth,True,200,storefront-renderer,0.1.0,2025-06-18,"logging,prompts,resources,tools",https://shopify.com/authentication/9253888/oauth/authorize,https://shopify.com/authentication/9253888/oauth/token,,False,"openid,email,customer-account-api:full,customer-account-mcp-api:full",https://shopify.com/authentication/9253888,https://dickensmuseum.com/.well-known/oauth-protected-resource,,dns_apex_spray,shopify_storefront
deathwishcoffee.com,https://deathwishcoffee.com/api/mcp,A_verified_mcp,oauth,True,200,storefront-renderer,0.1.0,2025-06-18,"logging,prompts,resources,tools",https://shopify.com/authentication/2717209/oauth/authorize,https://shopify.com/authentication/2717209/oauth/token,,False,"openid,email,customer-account-api:full,customer-account-mcp-api:full",https://shopify.com/authentication/2717209,https://deathwishcoffee.com/.well-known/oauth-protected-resource,,dns_apex_spray,shopify_storefront
earthhero.com,https://earthhero.com/api/mcp,A_verified_mcp,oauth,True,200,storefront-renderer,0.1.0,2025-06-18,"logging,prompts,resources,tools",https://account.earthhero.com/authentication/oauth/authorize,https://account.earthhero.com/authentication/oauth/token,,False,"openid,email,customer-account-api:full,customer-account-mcp-api:full",https://shopify.com/authentication/61728784620,https://earthhero.com/.well-known/oauth-protected-resource,,dns_apex_spray,shopify_storefront
drakerelated.com,https://drakerelated.com/api/mcp,A_verified_mcp,none_public,False,200,storefront-renderer,0.1.0,2025-06-18,"logging,prompts,resources,tools",,,,False,,,,,dns_apex_spray,shopify_storefront
ekster.com,https://ekster.com/api/mcp,A_verified_mcp,oauth,True,200,storefront-renderer,0.1.0,2025-06-18,"logging,prompts,resources,tools",https://account.ekster.com/authentication/oauth/authorize,https://account.ekster.com/authentication/oauth/token,,False,"openid,email,customer-account-api:full,customer-account-mcp-api:full",https://shopify.com/authentication/14510712,https://ekster.com/.well-known/oauth-protected-resource,,dns_apex_spray,shopify_storefront
drinktrade.com,https://drinktrade.com/api/mcp,A_verified_mcp,oauth,True,200,storefront-renderer,0.1.0,2025-06-18,"logging,prompts,resources,tools",https://shopify.com/authentication/79471280447/oauth/authorize,https://shopify.com/authentication/79471280447/oauth/token,,False,"openid,email,customer-account-api:full,customer-account-mcp-api:full",https://shopify.com/authentication/79471280447,https://drinktrade.com/.well-known/oauth-protected-resource,,dns_apex_spray,shopify_storefront
estesrockets.com,https://estesrockets.com/api/mcp,A_verified_mcp,oauth,True,200,storefront-renderer,0.1.0,2025-06-18,"logging,prompts,resources,tools",https://account.estesrockets.com/authentication/oauth/authorize,https://account.estesrockets.com/authentication/oauth/token,,False,"openid,email,customer-account-api:full,customer-account-mcp-api:full",https://shopify.com/authentication/68602200369,https://estesrockets.com/.well-known/oauth-protected-resource,,dns_apex_spray,shopify_storefront
dylanscandybar.com,https://dylanscandybar.com/api/mcp,A_verified_mcp,oauth,True,200,storefront-renderer,0.1.0,2025-06-18,"logging,prompts,resources,tools",https://shopify.com/authentication/15089926198/oauth/authorize,https://shopify.com/authentication/15089926198/oauth/token,,False,"openid,email,customer-account-api:full,customer-account-mcp-api:full",https://shopify.com/authentication/15089926198,https://dylanscandybar.com/.well-known/oauth-protected-resource,,dns_apex_spray,shopify_storefront
djshadow.com,https://djshadow.com/api/mcp,A_verified_mcp,oauth,True,200,storefront-renderer,0.1.0,2025-06-18,"logging,prompts,resources,tools",https://shopify.com/authentication/52667318431/oauth/authorize,https://shopify.com/authentication/52667318431/oauth/token,,False,"openid,email,customer-account-api:full,customer-account-mcp-api:full",https://shopify.com/authentication/52667318431,https://djshadow.com/.well-known/oauth-protected-resource,,dns_apex_spray,shopify_storefront
etnies.com,https://etnies.com/api/mcp,A_verified_mcp,oauth,True,200,storefront-renderer,0.1.0,2025-06-18,"logging,prompts,resources,tools",https://account.etnies.com/authentication/oauth/authorize,https://account.etnies.com/authentication/oauth/token,,False,"openid,email,customer-account-api:full,customer-account-mcp-api:full",https://shopify.com/authentication/51301744799,https://etnies.com/.well-known/oauth-protected-resource,,dns_apex_spray,shopify_storefront
earache.com,https://earache.com/api/mcp,A_verified_mcp,oauth,True,200,storefront-renderer,0.1.0,2025-06-18,"logging,prompts,resources,tools",https://shopify.com/authentication/75474403641/oauth/authorize,https://shopify.com/authentication/75474403641/oauth/token,,False,"openid,email,customer-account-api:full,customer-account-mcp-api:full",https://shopify.com/authentication/75474403641,https://earache.com/.well-known/oauth-protected-resource,,dns_apex_spray,shopify_storefront
elderly.com,https://elderly.com/api/mcp,A_verified_mcp,oauth,True,200,storefront-renderer,0.1.0,2025-06-18,"logging,prompts,resources,tools",https://account.elderly.com/authentication/oauth/authorize,https://account.elderly.com/authentication/oauth/token,,False,"openid,email,customer-account-api:full,customer-account-mcp-api:full",https://shopify.com/authentication/14794129472,https://elderly.com/.well-known/oauth-protected-resource,,dns_apex_spray,shopify_storefront
elvie.com,https://elvie.com/api/mcp,A_verified_mcp,oauth,True,200,storefront-renderer,0.1.0,2025-06-18,"logging,prompts,resources,tools",https://shopify.com/authentication/68523229340/oauth/authorize,https://shopify.com/authentication/68523229340/oauth/token,,False,"openid,email,customer-account-api:full,customer-account-mcp-api:full",https://shopify.com/authentication/68523229340,https://elvie.com/.well-known/oauth-protected-resource,,dns_apex_spray,shopify_storefront
eboy.com,https://eboy.com/api/mcp,A_verified_mcp,oauth,True,200,storefront-renderer,0.1.0,2025-06-18,"logging,prompts,resources,tools",https://shopify.com/authentication/108042/oauth/authorize,https://shopify.com/authentication/108042/oauth/token,,False,"openid,email,customer-account-api:full,customer-account-mcp-api:full",https://shopify.com/authentication/108042,https://eboy.com/.well-known/oauth-protected-resource,,dns_apex_spray,shopify_storefront
enchroma.com,https://enchroma.com/api/mcp,A_verified_mcp,oauth,True,200,storefront-renderer,0.1.0,2025-06-18,"logging,prompts,resources,tools",https://shopify.com/authentication/1092157503/oauth/authorize,https://shopify.com/authentication/1092157503/oauth/token,,False,"openid,email,customer-account-api:full,customer-account-mcp-api:full",https://shopify.com/authentication/1092157503,https://enchroma.com/.well-known/oauth-protected-resource,,dns_apex_spray,shopify_storefront
eliesaab.com,https://eliesaab.com/api/mcp,A_verified_mcp,oauth,True,200,storefront-renderer,0.1.0,2025-06-18,"logging,prompts,resources,tools",https://shopify.com/authentication/60588720370/oauth/authorize,https://shopify.com/authentication/60588720370/oauth/token,,False,"openid,email,customer-account-api:full,customer-account-mcp-api:full",https://shopify.com/authentication/60588720370,https://eliesaab.com/.well-known/oauth-protected-resource,,dns_apex_spray,shopify_storefront
epicreads.com,https://epicreads.com/api/mcp,A_verified_mcp,oauth,True,200,storefront-renderer,0.1.0,2025-06-18,"logging,prompts,resources,tools",https://shopify.com/authentication/93022585123/oauth/authorize,https://shopify.com/authentication/93022585123/oauth/token,,False,"openid,email,customer-account-api:full,customer-account-mcp-api:full",https://shopify.com/authentication/93022585123,https://epicreads.com/.well-known/oauth-protected-resource,,dns_apex_spray,shopify_storefront
energymuse.com,https://energymuse.com/api/mcp,A_verified_mcp,oauth,True,200,storefront-renderer,0.1.0,2025-06-18,"logging,prompts,resources,tools",https://shopify.com/authentication/15909421110/oauth/authorize,https://shopify.com/authentication/15909421110/oauth/token,,False,"openid,email,customer-account-api:full,customer-account-mcp-api:full",https://shopify.com/authentication/15909421110,https://energymuse.com/.well-known/oauth-protected-resource,,dns_apex_spray,shopify_storefront
ellipal.com,https://ellipal.com/api/mcp,A_verified_mcp,oauth,True,200,storefront-renderer,0.1.0,2025-06-18,"logging,prompts,resources,tools",https://account.ellipal.com/authentication/oauth/authorize,https://account.ellipal.com/authentication/oauth/token,,False,"openid,email,customer-account-api:full,customer-account-mcp-api:full",https://shopify.com/authentication/3157655641,https://ellipal.com/.well-known/oauth-protected-resource,,dns_apex_spray,shopify_storefront
eio.com,https://eio.com/api/mcp,A_verified_mcp,oauth,True,200,storefront-renderer,0.1.0,2025-06-18,"logging,prompts,resources,tools",https://shopify.com/authentication/7555809346/oauth/authorize,https://shopify.com/authentication/7555809346/oauth/token,,False,"openid,email,customer-account-api:full,customer-account-mcp-api:full",https://shopify.com/authentication/7555809346,https://eio.com/.well-known/oauth-protected-resource,,dns_apex_spray,shopify_storefront
escada.com,https://escada.com/api/mcp,A_verified_mcp,oauth,True,200,storefront-renderer,0.1.0,2025-06-18,"logging,prompts,resources,tools",https://account.escada.com/authentication/oauth/authorize,https://account.escada.com/authentication/oauth/token,,False,"openid,email,customer-account-api:full,customer-account-mcp-api:full",https://shopify.com/authentication/35047637124,https://escada.com/.well-known/oauth-protected-resource,,dns_apex_spray,shopify_storefront
ecwpress.com,https://ecwpress.com/api/mcp,A_verified_mcp,oauth,True,200,storefront-renderer,0.1.0,2025-06-18,"logging,prompts,resources,tools",https://shopify.com/authentication/7192207/oauth/authorize,https://shopify.com/authentication/7192207/oauth/token,,False,"openid,email,customer-account-api:full,customer-account-mcp-api:full",https://shopify.com/authentication/7192207,https://ecwpress.com/.well-known/oauth-protected-resource,,dns_apex_spray,shopify_storefront
extremerestraints.com,https://extremerestraints.com/api/mcp,A_verified_mcp,oauth,True,200,storefront-renderer,0.1.0,2025-06-18,"logging,prompts,resources,tools",https://shopify.com/authentication/70940524835/oauth/authorize,https://shopify.com/authentication/70940524835/oauth/token,,False,"openid,email,customer-account-api:full,customer-account-mcp-api:full",https://shopify.com/authentication/70940524835,https://extremerestraints.com/.well-known/oauth-protected-resource,,dns_apex_spray,shopify_storefront
escentual.com,https://escentual.com/api/mcp,A_verified_mcp,oauth,True,200,storefront-renderer,0.1.0,2025-06-18,"logging,prompts,resources,tools",https://account.escentual.com/authentication/oauth/authorize,https://account.escentual.com/authentication/oauth/token,,False,"openid,email,customer-account-api:full,customer-account-mcp-api:full",https://shopify.com/authentication/85318631748,https://escentual.com/.well-known/oauth-protected-resource,,dns_apex_spray,shopify_storefront
elitefts.com,https://elitefts.com/api/mcp,A_verified_mcp,oauth,True,200,storefront-renderer,0.1.0,2025-06-18,"logging,prompts,resources,tools",https://shopify.com/authentication/93064167710/oauth/authorize,https://shopify.com/authentication/93064167710/oauth/token,,False,"openid,email,customer-account-api:full,customer-account-mcp-api:full",https://shopify.com/authentication/93064167710,https://elitefts.com/.well-known/oauth-protected-resource,,dns_apex_spray,shopify_storefront
enjoylifefoods.com,https://enjoylifefoods.com/api/mcp,A_verified_mcp,oauth,True,200,storefront-renderer,0.1.0,2025-06-18,"logging,prompts,resources,tools",https://shopify.com/authentication/4174970991/oauth/authorize,https://shopify.com/authentication/4174970991/oauth/token,,False,"openid,email,customer-account-api:full,customer-account-mcp-api:full",https://shopify.com/authentication/4174970991,https://enjoylifefoods.com/.well-known/oauth-protected-resource,,dns_apex_spray,shopify_storefront
escortradar.com,https://escortradar.com/api/mcp,A_verified_mcp,oauth,True,200,storefront-renderer,0.1.0,2025-06-18,"logging,prompts,resources,tools",https://shopify.com/authentication/19351881/oauth/authorize,https://shopify.com/authentication/19351881/oauth/token,,False,"openid,email,customer-account-api:full,customer-account-mcp-api:full",https://shopify.com/authentication/19351881,https://escortradar.com/.well-known/oauth-protected-resource,,dns_apex_spray,shopify_storefront
faberge.com,https://faberge.com/api/mcp,A_verified_mcp,oauth,True,200,storefront-renderer,0.1.0,2025-06-18,"logging,prompts,resources,tools",https://account.faberge.com/authentication/oauth/authorize,https://account.faberge.com/authentication/oauth/token,,False,"openid,email,customer-account-api:full,customer-account-mcp-api:full",https://shopify.com/authentication/81258676570,https://faberge.com/.well-known/oauth-protected-resource,,dns_apex_spray,shopify_storefront
evannex.com,https://evannex.com/api/mcp,A_verified_mcp,oauth,True,200,storefront-renderer,0.1.0,2025-06-18,"logging,prompts,resources,tools",https://shopify.com/authentication/1965170/oauth/authorize,https://shopify.com/authentication/1965170/oauth/token,,False,"openid,email,customer-account-api:full,customer-account-mcp-api:full",https://shopify.com/authentication/1965170,https://evannex.com/.well-known/oauth-protected-resource,,dns_apex_spray,shopify_storefront
faoschwarz.com,https://faoschwarz.com/api/mcp,A_verified_mcp,oauth,True,200,storefront-renderer,0.1.0,2025-06-18,"logging,prompts,resources,tools",https://account.faoschwarz.com/authentication/oauth/authorize,https://account.faoschwarz.com/authentication/oauth/token,,False,"openid,email,customer-account-api:full,customer-account-mcp-api:full",https://shopify.com/authentication/22846393,https://faoschwarz.com/.well-known/oauth-protected-resource,,dns_apex_spray,shopify_storefront
fatwreck.com,https://fatwreck.com/api/mcp,A_verified_mcp,oauth,True,200,storefront-renderer,0.1.0,2025-06-18,"logging,prompts,resources,tools",https://shopify.com/authentication/19013073/oauth/authorize,https://shopify.com/authentication/19013073/oauth/token,,False,"openid,email,customer-account-api:full,customer-account-mcp-api:full",https://shopify.com/authentication/19013073,https://fatwreck.com/.well-known/oauth-protected-resource,,dns_apex_spray,shopify_storefront
fatpossum.com,https://fatpossum.com/api/mcp,A_verified_mcp,oauth,True,200,storefront-renderer,0.1.0,2025-06-18,"logging,prompts,resources,tools",https://shopify.com/authentication/6588461/oauth/authorize,https://shopify.com/authentication/6588461/oauth/token,,False,"openid,email,customer-account-api:full,customer-account-mcp-api:full",https://shopify.com/authentication/6588461,https://fatpossum.com/.well-known/oauth-protected-resource,,dns_apex_spray,shopify_storefront
farm.bot,https://farm.bot/api/mcp,A_verified_mcp,oauth,True,200,storefront-renderer,0.1.0,2025-06-18,"logging,prompts,resources,tools",https://account.farm.bot/authentication/oauth/authorize,https://account.farm.bot/authentication/oauth/token,,False,"openid,email,customer-account-api:full,customer-account-mcp-api:full",https://shopify.com/authentication/20400289,https://farm.bot/.well-known/oauth-protected-resource,,dns_apex_spray,shopify_storefront
fahrrad.de,https://fahrrad.de/api/mcp,A_verified_mcp,oauth,True,200,storefront-renderer,0.1.0,2025-06-18,"logging,prompts,resources,tools",https://shopify.com/authentication/81467244875/oauth/authorize,https://shopify.com/authentication/81467244875/oauth/token,,False,"openid,email,customer-account-api:full,customer-account-mcp-api:full",https://shopify.com/authentication/81467244875,https://fahrrad.de/.well-known/oauth-protected-resource,,dns_apex_spray,shopify_storefront
fonteyn.nl,https://fonteyn.nl/api/mcp,A_verified_mcp,oauth,True,200,storefront-renderer,0.1.0,2025-06-18,"logging,prompts,resources,tools",https://shopify.com/authentication/106887020883/oauth/authorize,https://shopify.com/authentication/106887020883/oauth/token,,False,"openid,email,customer-account-api:full,customer-account-mcp-api:full",https://shopify.com/authentication/106887020883,https://fonteyn.nl/.well-known/oauth-protected-resource,,dns_apex_spray,shopify_storefront
fenwick.co.uk,https://fenwick.co.uk/api/mcp,A_verified_mcp,oauth,True,200,storefront-renderer,0.1.0,2025-06-18,"logging,prompts,resources,tools",https://account.fenwick.co.uk/authentication/oauth/authorize,https://account.fenwick.co.uk/authentication/oauth/token,,False,"openid,email,customer-account-api:full,customer-account-mcp-api:full",https://shopify.com/authentication/85707063630,https://fenwick.co.uk/.well-known/oauth-protected-resource,,dns_apex_spray,shopify_storefront
fashionsarah.com,https://fashionsarah.com/api/mcp,A_verified_mcp,oauth,True,200,storefront-renderer,0.1.0,2025-06-18,"logging,prompts,resources,tools",https://shopify.com/authentication/10892083262/oauth/authorize,https://shopify.com/authentication/10892083262/oauth/token,,False,"openid,email,customer-account-api:full,customer-account-mcp-api:full",https://shopify.com/authentication/10892083262,https://fashionsarah.com/.well-known/oauth-protected-resource,,dns_apex_spray,shopify_storefront
fleshlight.com,https://fleshlight.com/api/mcp,A_verified_mcp,oauth,True,200,storefront-renderer,0.1.0,2025-06-18,"logging,prompts,resources,tools",https://shopify.com/authentication/9927780/oauth/authorize,https://shopify.com/authentication/9927780/oauth/token,,False,"openid,email,customer-account-api:full,customer-account-mcp-api:full",https://shopify.com/authentication/9927780,https://fleshlight.com/.well-known/oauth-protected-resource,,dns_apex_spray,shopify_storefront
framebridge.com,https://framebridge.com/api/mcp,A_verified_mcp,oauth,True,200,storefront-renderer,0.1.0,2025-06-18,"logging,prompts,resources,tools",https://account.framebridge.com/authentication/oauth/authorize,https://account.framebridge.com/authentication/oauth/token,,False,"openid,email,customer-account-api:full,customer-account-mcp-api:full",https://shopify.com/authentication/76936020283,https://framebridge.com/.well-known/oauth-protected-resource,,dns_apex_spray,shopify_storefront
feministpress.org,https://feministpress.org/api/mcp,A_verified_mcp,oauth,True,200,storefront-renderer,0.1.0,2025-06-18,"logging,prompts,resources,tools",https://shopify.com/authentication/89070895393/oauth/authorize,https://shopify.com/authentication/89070895393/oauth/token,,False,"openid,email,customer-account-api:full,customer-account-mcp-api:full",https://shopify.com/authentication/89070895393,https://feministpress.org/.well-known/oauth-protected-resource,,dns_apex_spray,shopify_storefront
finmodelslab.com,https://finmodelslab.com/api/mcp,A_verified_mcp,oauth,True,200,storefront-renderer,0.1.0,2025-06-18,"logging,prompts,resources,tools",https://account.financialmodelslab.com/authentication/oauth/authorize,https://account.financialmodelslab.com/authentication/oauth/token,,False,"openid,email,customer-account-api:full,customer-account-mcp-api:full",https://shopify.com/authentication/52261912762,https://finmodelslab.com/.well-known/oauth-protected-resource,,dns_apex_spray,shopify_storefront
fauchon.com,https://fauchon.com/api/mcp,A_verified_mcp,oauth,True,200,storefront-renderer,0.1.0,2025-06-18,"logging,prompts,resources,tools",https://shopify.com/authentication/69892112606/oauth/authorize,https://shopify.com/authentication/69892112606/oauth/token,,False,"openid,email,customer-account-api:full,customer-account-mcp-api:full",https://shopify.com/authentication/69892112606,https://fauchon.com/.well-known/oauth-protected-resource,,dns_apex_spray,shopify_storefront
fivefingerdeathpunch.com,https://fivefingerdeathpunch.com/api/mcp,A_verified_mcp,oauth,True,200,storefront-renderer,0.1.0,2025-06-18,"logging,prompts,resources,tools",https://shopify.com/authentication/14762826/oauth/authorize,https://shopify.com/authentication/14762826/oauth/token,,False,"openid,email,customer-account-api:full,customer-account-mcp-api:full",https://shopify.com/authentication/14762826,https://fivefingerdeathpunch.com/.well-known/oauth-protected-resource,,dns_apex_spray,shopify_storefront
floraqueen.com,https://floraqueen.com/api/mcp,A_verified_mcp,oauth,True,200,storefront-renderer,0.1.0,2025-06-18,"logging,prompts,resources,tools",https://shopify.com/authentication/89564086600/oauth/authorize,https://shopify.com/authentication/89564086600/oauth/token,,False,"openid,email,customer-account-api:full,customer-account-mcp-api:full",https://shopify.com/authentication/89564086600,https://floraqueen.com/.well-known/oauth-protected-resource,,dns_apex_spray,shopify_storefront
fc-koeln.de,https://fc-koeln.de/api/mcp,A_verified_mcp,oauth,True,200,storefront-renderer,0.1.0,2025-06-18,"logging,prompts,resources,tools",https://shopify.com/authentication/97291731276/oauth/authorize,https://shopify.com/authentication/97291731276/oauth/token,,False,"openid,email,customer-account-api:full,customer-account-mcp-api:full",https://shopify.com/authentication/97291731276,https://fc-koeln.de/.well-known/oauth-protected-resource,,dns_apex_spray,shopify_storefront
gaiaherbs.com,https://gaiaherbs.com/api/mcp,A_verified_mcp,oauth,True,200,storefront-renderer,0.1.0,2025-06-18,"logging,prompts,resources,tools",https://shopify.com/authentication/5802524783/oauth/authorize,https://shopify.com/authentication/5802524783/oauth/token,,False,"openid,email,customer-account-api:full,customer-account-mcp-api:full",https://shopify.com/authentication/5802524783,https://gaiaherbs.com/.well-known/oauth-protected-resource,,dns_apex_spray,shopify_storefront
g2esports.com,https://g2esports.com/api/mcp,A_verified_mcp,oauth,True,200,storefront-renderer,0.1.0,2025-06-18,"logging,prompts,resources,tools",https://shopify.com/authentication/54885548183/oauth/authorize,https://shopify.com/authentication/54885548183/oauth/token,,False,"openid,email,customer-account-api:full,customer-account-mcp-api:full",https://shopify.com/authentication/54885548183,https://g2esports.com/.well-known/oauth-protected-resource,,dns_apex_spray,shopify_storefront
forzieri.com,https://forzieri.com/api/mcp,A_verified_mcp,oauth,True,200,storefront-renderer,0.1.0,2025-06-18,"logging,prompts,resources,tools",https://account.forzieri.com/authentication/oauth/authorize,https://account.forzieri.com/authentication/oauth/token,,False,"openid,email,customer-account-api:full,customer-account-mcp-api:full",https://shopify.com/authentication/82098061657,https://forzieri.com/.well-known/oauth-protected-resource,,dns_apex_spray,shopify_storefront
funfactory.com,https://funfactory.com/api/mcp,A_verified_mcp,oauth,True,200,storefront-renderer,0.1.0,2025-06-18,"logging,prompts,resources,tools",https://shopify.com/authentication/33605222538/oauth/authorize,https://shopify.com/authentication/33605222538/oauth/token,,False,"openid,email,customer-account-api:full,customer-account-mcp-api:full",https://shopify.com/authentication/33605222538,https://funfactory.com/.well-known/oauth-protected-resource,,dns_apex_spray,shopify_storefront
fissler.com,https://fissler.com/api/mcp,A_verified_mcp,oauth,True,200,storefront-renderer,0.1.0,2025-06-18,"logging,prompts,resources,tools",https://shopify.com/authentication/89660293469/oauth/authorize,https://shopify.com/authentication/89660293469/oauth/token,,False,"openid,email,customer-account-api:full,customer-account-mcp-api:full",https://shopify.com/authentication/89660293469,https://fissler.com/.well-known/oauth-protected-resource,,dns_apex_spray,shopify_storefront
frescogolf.com,https://frescogolf.com/api/mcp,A_verified_mcp,oauth,True,200,storefront-renderer,0.1.0,2025-06-18,"logging,prompts,resources,tools",https://shopify.com/authentication/27037412/oauth/authorize,https://shopify.com/authentication/27037412/oauth/token,,False,"openid,email,customer-account-api:full,customer-account-mcp-api:full",https://shopify.com/authentication/27037412,https://frescogolf.com/.well-known/oauth-protected-resource,,dns_apex_spray,shopify_storefront
girlfriend.com,https://girlfriend.com/api/mcp,A_verified_mcp,oauth,True,200,storefront-renderer,0.1.0,2025-06-18,"logging,prompts,resources,tools",https://account.girlfriend.com/authentication/oauth/authorize,https://account.girlfriend.com/authentication/oauth/token,,False,"openid,email,customer-account-api:full,customer-account-mcp-api:full",https://shopify.com/authentication/1922170943,https://girlfriend.com/.well-known/oauth-protected-resource,,dns_apex_spray,shopify_storefront
feinkost-kaefer.de,https://feinkost-kaefer.de/api/mcp,A_verified_mcp,oauth,True,200,storefront-renderer,0.1.0,2025-06-18,"logging,prompts,resources,tools",https://shopify.com/authentication/77468172627/oauth/authorize,https://shopify.com/authentication/77468172627/oauth/token,,False,"openid,email,customer-account-api:full,customer-account-mcp-api:full",https://shopify.com/authentication/77468172627,https://feinkost-kaefer.de/.well-known/oauth-protected-resource,,dns_apex_spray,shopify_storefront
functionofbeauty.com,https://functionofbeauty.com/api/mcp,A_verified_mcp,oauth,True,200,storefront-renderer,0.1.0,2025-06-18,"logging,prompts,resources,tools",https://shopify.com/authentication/69081399608/oauth/authorize,https://shopify.com/authentication/69081399608/oauth/token,,False,"openid,email,customer-account-api:full,customer-account-mcp-api:full",https://shopify.com/authentication/69081399608,https://functionofbeauty.com/.well-known/oauth-protected-resource,,dns_apex_spray,shopify_storefront
frankandoak.com,https://frankandoak.com/api/mcp,A_verified_mcp,oauth,True,200,storefront-renderer,0.1.0,2025-06-18,"logging,prompts,resources,tools",https://shopify.com/authentication/55371006130/oauth/authorize,https://shopify.com/authentication/55371006130/oauth/token,,False,"openid,email,customer-account-api:full,customer-account-mcp-api:full",https://shopify.com/authentication/55371006130,https://frankandoak.com/.well-known/oauth-protected-resource,,dns_apex_spray,shopify_storefront
grasslandbeef.com,https://grasslandbeef.com/api/mcp,A_verified_mcp,oauth,True,200,storefront-renderer,0.1.0,2025-06-18,"logging,prompts,resources,tools",https://account.grasslandbeef.com/authentication/oauth/authorize,https://account.grasslandbeef.com/authentication/oauth/token,,False,"openid,email,customer-account-api:full,customer-account-mcp-api:full",https://shopify.com/authentication/56680611897,https://grasslandbeef.com/.well-known/oauth-protected-resource,,dns_apex_spray,shopify_storefront
francfranc.com,https://francfranc.com/api/mcp,A_verified_mcp,oauth,True,200,storefront-renderer,0.1.0,2025-06-18,"logging,prompts,resources,tools",https://shopify.com/authentication/13279363136/oauth/authorize,https://shopify.com/authentication/13279363136/oauth/token,,False,"openid,email,customer-account-api:full,customer-account-mcp-api:full",https://shopify.com/authentication/13279363136,https://francfranc.com/.well-known/oauth-protected-resource,,dns_apex_spray,shopify_storefront
fredericks.com,https://fredericks.com/api/mcp,A_verified_mcp,oauth,True,200,storefront-renderer,0.1.0,2025-06-18,"logging,prompts,resources,tools",https://account.fredericks.com/authentication/oauth/authorize,https://account.fredericks.com/authentication/oauth/token,,False,"openid,email,customer-account-api:full,customer-account-mcp-api:full",https://shopify.com/authentication/76938215725,https://fredericks.com/.well-known/oauth-protected-resource,,dns_apex_spray,shopify_storefront
getdigital.de,https://getdigital.de/api/mcp,A_verified_mcp,oauth,True,200,storefront-renderer,0.1.0,2025-06-18,"logging,prompts,resources,tools",https://account.getdigital.de/authentication/oauth/authorize,https://account.getdigital.de/authentication/oauth/token,,False,"openid,email,customer-account-api:full,customer-account-mcp-api:full",https://shopify.com/authentication/68487938316,https://getdigital.de/.well-known/oauth-protected-resource,,dns_apex_spray,shopify_storefront
gldproducts.com,https://gldproducts.com/api/mcp,A_verified_mcp,oauth,True,200,storefront-renderer,0.1.0,2025-06-18,"logging,prompts,resources,tools",https://account.gldproducts.com/authentication/oauth/authorize,https://account.gldproducts.com/authentication/oauth/token,,False,"openid,email,customer-account-api:full,customer-account-mcp-api:full",https://shopify.com/authentication/17389846628,https://gldproducts.com/.well-known/oauth-protected-resource,,dns_apex_spray,shopify_storefront
gogreensolar.com,https://gogreensolar.com/api/mcp,A_verified_mcp,oauth,True,200,storefront-renderer,0.1.0,2025-06-18,"logging,prompts,resources,tools",https://shopify.com/authentication/114102/oauth/authorize,https://shopify.com/authentication/114102/oauth/token,,False,"openid,email,customer-account-api:full,customer-account-mcp-api:full",https://shopify.com/authentication/114102,https://gogreensolar.com/.well-known/oauth-protected-resource,,dns_apex_spray,shopify_storefront
genesis17.com,https://genesis17.com/api/mcp,A_verified_mcp,oauth,True,200,storefront-renderer,0.1.0,2025-06-18,"logging,prompts,resources,tools",https://account.genesis17.com/authentication/oauth/authorize,https://account.genesis17.com/authentication/oauth/token,,False,"openid,email,customer-account-api:full,customer-account-mcp-api:full",https://shopify.com/authentication/66938896623,https://genesis17.com/.well-known/oauth-protected-resource,,dns_apex_spray,shopify_storefront
getsoul.com,https://getsoul.com/api/mcp,A_verified_mcp,oauth,True,200,storefront-renderer,0.1.0,2025-06-18,"logging,prompts,resources,tools",https://account.getsoul.com/authentication/oauth/authorize,https://account.getsoul.com/authentication/oauth/token,,False,"openid,email,customer-account-api:full,customer-account-mcp-api:full",https://shopify.com/authentication/38357172364,https://getsoul.com/.well-known/oauth-protected-resource,,dns_apex_spray,shopify_storefront
gloriousgaming.com,https://gloriousgaming.com/api/mcp,A_verified_mcp,oauth,True,200,storefront-renderer,0.1.0,2025-06-18,"logging,prompts,resources,tools",https://shopify.com/authentication/5492681/oauth/authorize,https://shopify.com/authentication/5492681/oauth/token,,False,"openid,email,customer-account-api:full,customer-account-mcp-api:full",https://shopify.com/authentication/5492681,https://gloriousgaming.com/.well-known/oauth-protected-resource,,dns_apex_spray,shopify_storefront
gl-inet.com,https://gl-inet.com/api/mcp,A_verified_mcp,oauth,True,200,storefront-renderer,0.1.0,2025-06-18,"logging,prompts,resources,tools",https://shopify.com/authentication/71177339063/oauth/authorize,https://shopify.com/authentication/71177339063/oauth/token,,False,"openid,email,customer-account-api:full,customer-account-mcp-api:full",https://shopify.com/authentication/71177339063,https://gl-inet.com/.well-known/oauth-protected-resource,,dns_apex_spray,shopify_storefront
ghostbed.com,https://ghostbed.com/api/mcp,A_verified_mcp,oauth,True,200,storefront-renderer,0.1.0,2025-06-18,"logging,prompts,resources,tools",https://account.ghostbed.com/authentication/oauth/authorize,https://account.ghostbed.com/authentication/oauth/token,,False,"openid,email,customer-account-api:full,customer-account-mcp-api:full",https://shopify.com/authentication/30711677063,https://ghostbed.com/.well-known/oauth-protected-resource,,dns_apex_spray,shopify_storefront
graymalin.com,https://graymalin.com/api/mcp,A_verified_mcp,oauth,True,200,storefront-renderer,0.1.0,2025-06-18,"logging,prompts,resources,tools",https://shopify.com/authentication/59460780229/oauth/authorize,https://shopify.com/authentication/59460780229/oauth/token,,False,"openid,email,customer-account-api:full,customer-account-mcp-api:full",https://shopify.com/authentication/59460780229,https://graymalin.com/.well-known/oauth-protected-resource,,dns_apex_spray,shopify_storefront
grand-illusions.com,https://grand-illusions.com/api/mcp,A_verified_mcp,oauth,True,200,storefront-renderer,0.1.0,2025-06-18,"logging,prompts,resources,tools",https://shopify.com/authentication/88140185947/oauth/authorize,https://shopify.com/authentication/88140185947/oauth/token,,False,"openid,email,customer-account-api:full,customer-account-mcp-api:full",https://shopify.com/authentication/88140185947,https://grand-illusions.com/.well-known/oauth-protected-resource,,dns_apex_spray,shopify_storefront
graze.com,https://graze.com/api/mcp,A_verified_mcp,oauth,True,200,storefront-renderer,0.1.0,2025-06-18,"logging,prompts,resources,tools",https://shopify.com/authentication/96777273721/oauth/authorize,https://shopify.com/authentication/96777273721/oauth/token,,False,"openid,email,customer-account-api:full,customer-account-mcp-api:full",https://shopify.com/authentication/96777273721,https://graze.com/.well-known/oauth-protected-resource,,dns_apex_spray,shopify_storefront
gwar.net,https://gwar.net/api/mcp,A_verified_mcp,oauth,True,200,storefront-renderer,0.1.0,2025-06-18,"logging,prompts,resources,tools",https://account.gwar.net/authentication/oauth/authorize,https://account.gwar.net/authentication/oauth/token,,False,"openid,email,customer-account-api:full,customer-account-mcp-api:full",https://shopify.com/authentication/28713320508,https://gwar.net/.well-known/oauth-protected-resource,,dns_apex_spray,shopify_storefront
getmaude.com,https://getmaude.com/api/mcp,A_verified_mcp,oauth,True,200,storefront-renderer,0.1.0,2025-06-18,"logging,prompts,resources,tools",https://shopify.com/authentication/17612711/oauth/authorize,https://shopify.com/authentication/17612711/oauth/token,,False,"openid,email,customer-account-api:full,customer-account-mcp-api:full",https://shopify.com/authentication/17612711,https://getmaude.com/.well-known/oauth-protected-resource,,dns_apex_spray,shopify_storefront
glowrecipe.com,https://glowrecipe.com/api/mcp,A_verified_mcp,oauth,True,200,storefront-renderer,0.1.0,2025-06-18,"logging,prompts,resources,tools",https://shopify.com/authentication/5438301/oauth/authorize,https://shopify.com/authentication/5438301/oauth/token,,False,"openid,email,customer-account-api:full,customer-account-mcp-api:full",https://shopify.com/authentication/5438301,https://glowrecipe.com/.well-known/oauth-protected-resource,,dns_apex_spray,shopify_storefront
gu.de,https://gu.de/api/mcp,A_verified_mcp,oauth,True,200,storefront-renderer,0.1.0,2025-06-18,"logging,prompts,resources,tools",https://shopify.com/authentication/56499601582/oauth/authorize,https://shopify.com/authentication/56499601582/oauth/token,,False,"openid,email,customer-account-api:full,customer-account-mcp-api:full",https://shopify.com/authentication/56499601582,https://gu.de/.well-known/oauth-protected-resource,,dns_apex_spray,shopify_storefront
getrocketbook.com,https://getrocketbook.com/api/mcp,A_verified_mcp,oauth,True,200,storefront-renderer,0.1.0,2025-06-18,"logging,prompts,resources,tools",https://shopify.com/authentication/9147760/oauth/authorize,https://shopify.com/authentication/9147760/oauth/token,,False,"openid,email,customer-account-api:full,customer-account-mcp-api:full",https://shopify.com/authentication/9147760,https://getrocketbook.com/.well-known/oauth-protected-resource,,dns_apex_spray,shopify_storefront
gradolabs.com,https://gradolabs.com/api/mcp,A_verified_mcp,oauth,True,200,storefront-renderer,0.1.0,2025-06-18,"logging,prompts,resources,tools",https://shopify.com/authentication/29816651824/oauth/authorize,https://shopify.com/authentication/29816651824/oauth/token,,False,"openid,email,customer-account-api:full,customer-account-mcp-api:full",https://shopify.com/authentication/29816651824,https://gradolabs.com/.well-known/oauth-protected-resource,,dns_apex_spray,shopify_storefront
graeters.com,https://graeters.com/api/mcp,A_verified_mcp,oauth,True,200,storefront-renderer,0.1.0,2025-06-18,"logging,prompts,resources,tools",https://shopify.com/authentication/73561768173/oauth/authorize,https://shopify.com/authentication/73561768173/oauth/token,,False,"openid,email,customer-account-api:full,customer-account-mcp-api:full",https://shopify.com/authentication/73561768173,https://graeters.com/.well-known/oauth-protected-resource,,dns_apex_spray,shopify_storefront
heartsfc.co.uk,https://heartsfc.co.uk/api/mcp,A_verified_mcp,oauth,True,200,storefront-renderer,0.1.0,2025-06-18,"logging,prompts,resources,tools",https://shopify.com/authentication/70573523240/oauth/authorize,https://shopify.com/authentication/70573523240/oauth/token,,False,"openid,email,customer-account-api:full,customer-account-mcp-api:full",https://shopify.com/authentication/70573523240,https://heartsfc.co.uk/.well-known/oauth-protected-resource,,dns_apex_spray,shopify_storefront
happymammoth.com,https://happymammoth.com/api/mcp,A_verified_mcp,oauth,True,200,storefront-renderer,0.1.0,2025-06-18,"logging,prompts,resources,tools",https://account.happymammoth.com/authentication/oauth/authorize,https://account.happymammoth.com/authentication/oauth/token,,False,"openid,email,customer-account-api:full,customer-account-mcp-api:full",https://shopify.com/authentication/15318007,https://happymammoth.com/.well-known/oauth-protected-resource,,dns_apex_spray,shopify_storefront
hoover.com,https://hoover.com/api/mcp,A_verified_mcp,oauth,True,200,storefront-renderer,0.1.0,2025-06-18,"logging,prompts,resources,tools",https://shopify.com/authentication/48424288407/oauth/authorize,https://shopify.com/authentication/48424288407/oauth/token,,False,"openid,email,customer-account-api:full,customer-account-mcp-api:full",https://shopify.com/authentication/48424288407,https://hoover.com/.well-known/oauth-protected-resource,,dns_apex_spray,shopify_storefront
hauslabs.com,https://hauslabs.com/api/mcp,A_verified_mcp,oauth,True,200,storefront-renderer,0.1.0,2025-06-18,"logging,prompts,resources,tools",https://shopify.com/authentication/5457969240/oauth/authorize,https://shopify.com/authentication/5457969240/oauth/token,,False,"openid,email,customer-account-api:full,customer-account-mcp-api:full",https://shopify.com/authentication/5457969240,https://hauslabs.com/.well-known/oauth-protected-resource,,dns_apex_spray,shopify_storefront
homewetbar.com,https://homewetbar.com/api/mcp,A_verified_mcp,oauth,True,200,storefront-renderer,0.1.0,2025-06-18,"logging,prompts,resources,tools",https://shopify.com/authentication/85328691519/oauth/authorize,https://shopify.com/authentication/85328691519/oauth/token,,False,"openid,email,customer-account-api:full,customer-account-mcp-api:full",https://shopify.com/authentication/85328691519,https://homewetbar.com/.well-known/oauth-protected-resource,,dns_apex_spray,shopify_storefront
gtbicycles.com,https://gtbicycles.com/api/mcp,A_verified_mcp,oauth,True,200,storefront-renderer,0.1.0,2025-06-18,"logging,prompts,resources,tools",https://shopify.com/authentication/77519126825/oauth/authorize,https://shopify.com/authentication/77519126825/oauth/token,,False,"openid,email,customer-account-api:full,customer-account-mcp-api:full",https://shopify.com/authentication/77519126825,https://gtbicycles.com/.well-known/oauth-protected-resource,,dns_apex_spray,shopify_storefront
houseofanansi.com,https://houseofanansi.com/api/mcp,A_verified_mcp,oauth,True,200,storefront-renderer,0.1.0,2025-06-18,"logging,prompts,resources,tools",https://shopify.com/authentication/26433749051/oauth/authorize,https://shopify.com/authentication/26433749051/oauth/token,,False,"openid,email,customer-account-api:full,customer-account-mcp-api:full",https://shopify.com/authentication/26433749051,https://houseofanansi.com/.well-known/oauth-protected-resource,,dns_apex_spray,shopify_storefront
hatjecantz.com,https://hatjecantz.com/api/mcp,A_verified_mcp,oauth,True,200,storefront-renderer,0.1.0,2025-06-18,"logging,prompts,resources,tools",https://shopify.com/authentication/58289488049/oauth/authorize,https://shopify.com/authentication/58289488049/oauth/token,,False,"openid,email,customer-account-api:full,customer-account-mcp-api:full",https://shopify.com/authentication/58289488049,https://hatjecantz.com/.well-known/oauth-protected-resource,,dns_apex_spray,shopify_storefront
hexclad.com,https://hexclad.com/api/mcp,A_verified_mcp,oauth,True,200,storefront-renderer,0.1.0,2025-06-18,"logging,prompts,resources,tools",https://shopify.com/authentication/3721101430/oauth/authorize,https://shopify.com/authentication/3721101430/oauth/token,,False,"openid,email,customer-account-api:full,customer-account-mcp-api:full",https://shopify.com/authentication/3721101430,https://hexclad.com/.well-known/oauth-protected-resource,,dns_apex_spray,shopify_storefront
getquip.com,https://getquip.com/api/mcp,A_verified_mcp,oauth,True,200,storefront-renderer,0.1.0,2025-06-18,"logging,prompts,resources,tools",https://shopify.com/authentication/57677807690/oauth/authorize,https://shopify.com/authentication/57677807690/oauth/token,,False,"openid,email,customer-account-api:full,customer-account-mcp-api:full",https://shopify.com/authentication/57677807690,https://getquip.com/.well-known/oauth-protected-resource,,dns_apex_spray,shopify_storefront
gunnar.com,https://gunnar.com/api/mcp,A_verified_mcp,oauth,True,200,storefront-renderer,0.1.0,2025-06-18,"logging,prompts,resources,tools",https://account.gunnar.com/authentication/oauth/authorize,https://account.gunnar.com/authentication/oauth/token,,False,"openid,email,customer-account-api:full,customer-account-mcp-api:full",https://shopify.com/authentication/55046701130,https://gunnar.com/.well-known/oauth-protected-resource,,dns_apex_spray,shopify_storefront
hausoftools.com,https://hausoftools.com/api/mcp,A_verified_mcp,oauth,True,200,storefront-renderer,0.1.0,2025-06-18,"logging,prompts,resources,tools",https://shopify.com/authentication/12069503035/oauth/authorize,https://shopify.com/authentication/12069503035/oauth/token,,False,"openid,email,customer-account-api:full,customer-account-mcp-api:full",https://shopify.com/authentication/12069503035,https://hausoftools.com/.well-known/oauth-protected-resource,,dns_apex_spray,shopify_storefront
heathceramics.com,https://heathceramics.com/api/mcp,A_verified_mcp,oauth,True,200,storefront-renderer,0.1.0,2025-06-18,"logging,prompts,resources,tools",https://account.heathceramics.com/authentication/oauth/authorize,https://account.heathceramics.com/authentication/oauth/token,,False,"openid,email,customer-account-api:full,customer-account-mcp-api:full",https://shopify.com/authentication/21167717,https://heathceramics.com/.well-known/oauth-protected-resource,,dns_apex_spray,shopify_storefront
humehealth.com,https://humehealth.com/api/mcp,A_verified_mcp,oauth,True,200,storefront-renderer,0.1.0,2025-06-18,"logging,prompts,resources,tools",https://shopify.com/authentication/55771889712/oauth/authorize,https://shopify.com/authentication/55771889712/oauth/token,,False,"openid,email,customer-account-api:full,customer-account-mcp-api:full",https://shopify.com/authentication/55771889712,https://humehealth.com/.well-known/oauth-protected-resource,,dns_apex_spray,shopify_storefront
gymshark.com,https://gymshark.com/api/mcp,A_verified_mcp,oauth,True,200,storefront-renderer,0.1.0,2025-06-18,"logging,prompts,resources,tools",https://shopify.com/authentication/1566146/oauth/authorize,https://shopify.com/authentication/1566146/oauth/token,,False,"openid,email,customer-account-api:full,customer-account-mcp-api:full",https://shopify.com/authentication/1566146,https://gymshark.com/.well-known/oauth-protected-resource,,dns_apex_spray,shopify_storefront
ice-watch.com,https://ice-watch.com/api/mcp,A_verified_mcp,oauth,True,200,storefront-renderer,0.1.0,2025-06-18,"logging,prompts,resources,tools",https://account.ice-watch.com/authentication/oauth/authorize,https://account.ice-watch.com/authentication/oauth/token,,False,"openid,email,customer-account-api:full,customer-account-mcp-api:full",https://shopify.com/authentication/74133831993,https://ice-watch.com/.well-known/oauth-protected-resource,,dns_apex_spray,shopify_storefront
hurley.com,https://hurley.com/api/mcp,A_verified_mcp,oauth,True,200,storefront-renderer,0.1.0,2025-06-18,"logging,prompts,resources,tools",https://shopify.com/authentication/27736801419/oauth/authorize,https://shopify.com/authentication/27736801419/oauth/token,,False,"openid,email,customer-account-api:full,customer-account-mcp-api:full",https://shopify.com/authentication/27736801419,https://hurley.com/.well-known/oauth-protected-resource,,dns_apex_spray,shopify_storefront
hubo.nl,https://hubo.nl/api/mcp,A_verified_mcp,oauth,True,200,storefront-renderer,0.1.0,2025-06-18,"logging,prompts,resources,tools",https://account.hubo.nl/authentication/oauth/authorize,https://account.hubo.nl/authentication/oauth/token,,False,"openid,email,customer-account-api:full,customer-account-mcp-api:full",https://shopify.com/authentication/77094289660,https://hubo.nl/.well-known/oauth-protected-resource,,dns_apex_spray,shopify_storefront
hoffmann-und-campe.de,https://hoffmann-und-campe.de/api/mcp,A_verified_mcp,oauth,True,200,storefront-renderer,0.1.0,2025-06-18,"logging,prompts,resources,tools",https://shopify.com/authentication/53542846632/oauth/authorize,https://shopify.com/authentication/53542846632/oauth/token,,False,"openid,email,customer-account-api:full,customer-account-mcp-api:full",https://shopify.com/authentication/53542846632,https://hoffmann-und-campe.de/.well-known/oauth-protected-resource,,dns_apex_spray,shopify_storefront
ilovestvincent.com,https://ilovestvincent.com/api/mcp,A_verified_mcp,oauth,True,200,storefront-renderer,0.1.0,2025-06-18,"logging,prompts,resources,tools",https://shopify.com/authentication/29886990/oauth/authorize,https://shopify.com/authentication/29886990/oauth/token,,False,"openid,email,customer-account-api:full,customer-account-mcp-api:full",https://shopify.com/authentication/29886990,https://ilovestvincent.com/.well-known/oauth-protected-resource,,dns_apex_spray,shopify_storefront
homedics.com,https://homedics.com/api/mcp,A_verified_mcp,oauth,True,200,storefront-renderer,0.1.0,2025-06-18,"logging,prompts,resources,tools",https://shopify.com/authentication/70341165241/oauth/authorize,https://shopify.com/authentication/70341165241/oauth/token,,False,"openid,email,customer-account-api:full,customer-account-mcp-api:full",https://shopify.com/authentication/70341165241,https://homedics.com/.well-known/oauth-protected-resource,,dns_apex_spray,shopify_storefront
holistapet.com,https://holistapet.com/api/mcp,A_verified_mcp,oauth,True,200,storefront-renderer,0.1.0,2025-06-18,"logging,prompts,resources,tools",https://account.holistapet.com/authentication/oauth/authorize,https://account.holistapet.com/authentication/oauth/token,,False,"openid,email,customer-account-api:full,customer-account-mcp-api:full",https://shopify.com/authentication/76539461913,https://holistapet.com/.well-known/oauth-protected-resource,,dns_apex_spray,shopify_storefront
hillmangear.com,https://hillmangear.com/api/mcp,A_verified_mcp,oauth,True,200,storefront-renderer,0.1.0,2025-06-18,"logging,prompts,resources,tools",https://shopify.com/authentication/23158171/oauth/authorize,https://shopify.com/authentication/23158171/oauth/token,,False,"openid,email,customer-account-api:full,customer-account-mcp-api:full",https://shopify.com/authentication/23158171,https://hillmangear.com/.well-known/oauth-protected-resource,,dns_apex_spray,shopify_storefront
hillmandeutschland.de,https://hillmandeutschland.de/api/mcp,A_verified_mcp,oauth,True,200,storefront-renderer,0.1.0,2025-06-18,"logging,prompts,resources,tools",https://shopify.com/authentication/8515720/oauth/authorize,https://shopify.com/authentication/8515720/oauth/token,,False,"openid,email,customer-account-api:full,customer-account-mcp-api:full",https://shopify.com/authentication/8515720,https://hillmandeutschland.de/.well-known/oauth-protected-resource,,dns_apex_spray,shopify_storefront
hypershop.com,https://hypershop.com/api/mcp,A_verified_mcp,oauth,True,200,storefront-renderer,0.1.0,2025-06-18,"logging,prompts,resources,tools",https://shopify.com/authentication/8726416/oauth/authorize,https://shopify.com/authentication/8726416/oauth/token,,False,"openid,email,customer-account-api:full,customer-account-mcp-api:full",https://shopify.com/authentication/8726416,https://hypershop.com/.well-known/oauth-protected-resource,,dns_apex_spray,shopify_storefront
illuminatelabs.org,https://illuminatelabs.org/api/mcp,A_verified_mcp,oauth,True,200,storefront-renderer,0.1.0,2025-06-18,"logging,prompts,resources,tools",https://shopify.com/authentication/4715249737/oauth/authorize,https://shopify.com/authentication/4715249737/oauth/token,,False,"openid,email,customer-account-api:full,customer-account-mcp-api:full",https://shopify.com/authentication/4715249737,https://illuminatelabs.org/.well-known/oauth-protected-resource,,dns_apex_spray,shopify_storefront
intelligentsiacoffee.com,https://intelligentsiacoffee.com/api/mcp,A_verified_mcp,oauth,True,200,storefront-renderer,0.1.0,2025-06-18,"logging,prompts,resources,tools",https://my.intelligentsia.com/authentication/oauth/authorize,https://my.intelligentsia.com/authentication/oauth/token,,False,"openid,email,customer-account-api:full,customer-account-mcp-api:full",https://shopify.com/authentication/8488026172,https://intelligentsiacoffee.com/.well-known/oauth-protected-resource,,dns_apex_spray,shopify_storefront
istudio-elush-production.myshopify.com,https://istudio-elush-production.myshopify.com/api/mcp,A_verified_mcp,oauth,True,200,storefront-renderer,0.1.0,2025-06-18,"logging,prompts,resources,tools",https://shopify.com/authentication/63738642612/oauth/authorize,https://shopify.com/authentication/63738642612/oauth/token,,False,"openid,email,customer-account-api:full,customer-account-mcp-api:full",https://shopify.com/authentication/63738642612,https://istudio-elush-production.myshopify.com/.well-known/oauth-protected-resource,,dns_apex_spray,shopify_storefront
insighteditions.com,https://insighteditions.com/api/mcp,A_verified_mcp,oauth,True,200,storefront-renderer,0.1.0,2025-06-18,"logging,prompts,resources,tools",https://shopify.com/authentication/42145022103/oauth/authorize,https://shopify.com/authentication/42145022103/oauth/token,,False,"openid,email,customer-account-api:full,customer-account-mcp-api:full",https://shopify.com/authentication/42145022103,https://insighteditions.com/.well-known/oauth-protected-resource,,dns_apex_spray,shopify_storefront
kelty.com,https://kelty.com/api/mcp,A_verified_mcp,oauth,True,200,storefront-renderer,0.1.0,2025-06-18,"logging,prompts,resources,tools",https://account.kelty.com/authentication/oauth/authorize,https://account.kelty.com/authentication/oauth/token,,False,"openid,email,customer-account-api:full,customer-account-mcp-api:full",https://shopify.com/authentication/66353791152,https://kelty.com/.well-known/oauth-protected-resource,,dns_apex_spray,shopify_storefront
islandrecords.com,https://islandrecords.com/api/mcp,A_verified_mcp,oauth,True,200,storefront-renderer,0.1.0,2025-06-18,"logging,prompts,resources,tools",https://shopify.com/authentication/28346482748/oauth/authorize,https://shopify.com/authentication/28346482748/oauth/token,,False,"openid,email,customer-account-api:full,customer-account-mcp-api:full",https://shopify.com/authentication/28346482748,https://islandrecords.com/.well-known/oauth-protected-resource,,dns_apex_spray,shopify_storefront
jigsaw-online.com,https://jigsaw-online.com/api/mcp,A_verified_mcp,oauth,True,200,storefront-renderer,0.1.0,2025-06-18,"logging,prompts,resources,tools",https://shopify.com/authentication/56172970150/oauth/authorize,https://shopify.com/authentication/56172970150/oauth/token,,False,"openid,email,customer-account-api:full,customer-account-mcp-api:full",https://shopify.com/authentication/56172970150,https://jigsaw-online.com/.well-known/oauth-protected-resource,,dns_apex_spray,shopify_storefront
janeiredale.com,https://janeiredale.com/api/mcp,A_verified_mcp,oauth,True,200,storefront-renderer,0.1.0,2025-06-18,"logging,prompts,resources,tools",https://shopify.com/authentication/33838825612/oauth/authorize,https://shopify.com/authentication/33838825612/oauth/token,,False,"openid,email,customer-account-api:full,customer-account-mcp-api:full",https://shopify.com/authentication/33838825612,https://janeiredale.com/.well-known/oauth-protected-resource,,dns_apex_spray,shopify_storefront
jessicasimpson.com,https://jessicasimpson.com/api/mcp,A_verified_mcp,oauth,True,200,storefront-renderer,0.1.0,2025-06-18,"logging,prompts,resources,tools",https://shopify.com/authentication/5743771761/oauth/authorize,https://shopify.com/authentication/5743771761/oauth/token,,False,"openid,email,customer-account-api:full,customer-account-mcp-api:full",https://shopify.com/authentication/5743771761,https://jessicasimpson.com/.well-known/oauth-protected-resource,,dns_apex_spray,shopify_storefront
jbhifi.com.au,https://jbhifi.com.au/api/mcp,A_verified_mcp,oauth,True,200,storefront-renderer,0.1.0,2025-06-18,"logging,prompts,resources,tools",https://shopify.com/authentication/2498035810/oauth/authorize,https://shopify.com/authentication/2498035810/oauth/token,,False,"openid,email,customer-account-api:full,customer-account-mcp-api:full",https://shopify.com/authentication/2498035810,https://jbhifi.com.au/.well-known/oauth-protected-resource,,dns_apex_spray,shopify_storefront
istudiosg.com,https://istudiosg.com/api/mcp,A_verified_mcp,oauth,True,200,storefront-renderer,0.1.0,2025-06-18,"logging,prompts,resources,tools",https://shopify.com/authentication/63738642612/oauth/authorize,https://shopify.com/authentication/63738642612/oauth/token,,False,"openid,email,customer-account-api:full,customer-account-mcp-api:full",https://shopify.com/authentication/63738642612,https://istudiosg.com/.well-known/oauth-protected-resource,,dns_apex_spray,shopify_storefront
juniorscheesecake.com,https://juniorscheesecake.com/api/mcp,A_verified_mcp,oauth,True,200,storefront-renderer,0.1.0,2025-06-18,"logging,prompts,resources,tools",https://account.juniorscheesecake.com/authentication/oauth/authorize,https://account.juniorscheesecake.com/authentication/oauth/token,,False,"openid,email,customer-account-api:full,customer-account-mcp-api:full",https://shopify.com/authentication/69475172609,https://juniorscheesecake.com/.well-known/oauth-protected-resource,,dns_apex_spray,shopify_storefront
keepcup.com,https://keepcup.com/api/mcp,A_verified_mcp,oauth,True,200,storefront-renderer,0.1.0,2025-06-18,"logging,prompts,resources,tools",https://account-au.keepcup.com/authentication/oauth/authorize,https://account-au.keepcup.com/authentication/oauth/token,,False,"openid,email,customer-account-api:full,customer-account-mcp-api:full",https://shopify.com/authentication/85139620197,https://keepcup.com/.well-known/oauth-protected-resource,,dns_apex_spray,shopify_storefront
kswiss.com,https://kswiss.com/api/mcp,A_verified_mcp,oauth,True,200,storefront-renderer,0.1.0,2025-06-18,"logging,prompts,resources,tools",https://shopify.com/authentication/699695159/oauth/authorize,https://shopify.com/authentication/699695159/oauth/token,,False,"openid,email,customer-account-api:full,customer-account-mcp-api:full",https://shopify.com/authentication/699695159,https://kswiss.com/.well-known/oauth-protected-resource,,dns_apex_spray,shopify_storefront
kidrock.com,https://kidrock.com/api/mcp,A_verified_mcp,oauth,True,200,storefront-renderer,0.1.0,2025-06-18,"logging,prompts,resources,tools",https://shopify.com/authentication/8693153852/oauth/authorize,https://shopify.com/authentication/8693153852/oauth/token,,False,"openid,email,customer-account-api:full,customer-account-mcp-api:full",https://shopify.com/authentication/8693153852,https://kidrock.com/.well-known/oauth-protected-resource,,dns_apex_spray,shopify_storefront
laifentech.com,https://laifentech.com/api/mcp,A_verified_mcp,oauth,True,200,storefront-renderer,0.1.0,2025-06-18,"logging,prompts,resources,tools",https://shopify.com/authentication/64128319725/oauth/authorize,https://shopify.com/authentication/64128319725/oauth/token,,False,"openid,email,customer-account-api:full,customer-account-mcp-api:full",https://shopify.com/authentication/64128319725,https://laifentech.com/.well-known/oauth-protected-resource,,dns_apex_spray,shopify_storefront
kennychesney.com,https://kennychesney.com/api/mcp,A_verified_mcp,oauth,True,200,storefront-renderer,0.1.0,2025-06-18,"logging,prompts,resources,tools",https://shopify.com/authentication/68822270057/oauth/authorize,https://shopify.com/authentication/68822270057/oauth/token,,False,"openid,email,customer-account-api:full,customer-account-mcp-api:full",https://shopify.com/authentication/68822270057,https://kennychesney.com/.well-known/oauth-protected-resource,,dns_apex_spray,shopify_storefront
khaite.com,https://khaite.com/api/mcp,A_verified_mcp,oauth,True,200,storefront-renderer,0.1.0,2025-06-18,"logging,prompts,resources,tools",https://account.khaite.com/authentication/oauth/authorize,https://account.khaite.com/authentication/oauth/token,,False,"openid,email,customer-account-api:full,customer-account-mcp-api:full",https://shopify.com/authentication/15197996,https://khaite.com/.well-known/oauth-protected-resource,,dns_apex_spray,shopify_storefront
journeymusic.com,https://journeymusic.com/api/mcp,A_verified_mcp,oauth,True,200,storefront-renderer,0.1.0,2025-06-18,"logging,prompts,resources,tools",https://shopify.com/authentication/50862293187/oauth/authorize,https://shopify.com/authentication/50862293187/oauth/token,,False,"openid,email,customer-account-api:full,customer-account-mcp-api:full",https://shopify.com/authentication/50862293187,https://journeymusic.com/.well-known/oauth-protected-resource,,dns_apex_spray,shopify_storefront
lecoqsportif.com,https://lecoqsportif.com/api/mcp,A_verified_mcp,oauth,True,200,storefront-renderer,0.1.0,2025-06-18,"logging,prompts,resources,tools",https://account.lecoqsportif.com/authentication/oauth/authorize,https://account.lecoqsportif.com/authentication/oauth/token,,False,"openid,email,customer-account-api:full,customer-account-mcp-api:full",https://shopify.com/authentication/73974251826,https://lecoqsportif.com/.well-known/oauth-protected-resource,,dns_apex_spray,shopify_storefront
killrockstars.com,https://killrockstars.com/api/mcp,A_verified_mcp,oauth,True,200,storefront-renderer,0.1.0,2025-06-18,"logging,prompts,resources,tools",https://shopify.com/authentication/27867545694/oauth/authorize,https://shopify.com/authentication/27867545694/oauth/token,,False,"openid,email,customer-account-api:full,customer-account-mcp-api:full",https://shopify.com/authentication/27867545694,https://killrockstars.com/.well-known/oauth-protected-resource,,dns_apex_spray,shopify_storefront
jumboplay.com,https://jumboplay.com/api/mcp,A_verified_mcp,oauth,True,200,storefront-renderer,0.1.0,2025-06-18,"logging,prompts,resources,tools",https://shopify.com/authentication/75518017870/oauth/authorize,https://shopify.com/authentication/75518017870/oauth/token,,False,"openid,email,customer-account-api:full,customer-account-mcp-api:full",https://shopify.com/authentication/75518017870,https://jumboplay.com/.well-known/oauth-protected-resource,,dns_apex_spray,shopify_storefront
kettleandfire.com,https://kettleandfire.com/api/mcp,A_verified_mcp,oauth,True,200,storefront-renderer,0.1.0,2025-06-18,"logging,prompts,resources,tools",https://shopify.com/authentication/17751825/oauth/authorize,https://shopify.com/authentication/17751825/oauth/token,,False,"openid,email,customer-account-api:full,customer-account-mcp-api:full",https://shopify.com/authentication/17751825,https://kettleandfire.com/.well-known/oauth-protected-resource,,dns_apex_spray,shopify_storefront
jonessoda.com,https://jonessoda.com/api/mcp,A_verified_mcp,oauth,True,200,storefront-renderer,0.1.0,2025-06-18,"logging,prompts,resources,tools",https://shopify.com/authentication/10887276/oauth/authorize,https://shopify.com/authentication/10887276/oauth/token,,False,"openid,email,customer-account-api:full,customer-account-mcp-api:full",https://shopify.com/authentication/10887276,https://jonessoda.com/.well-known/oauth-protected-resource,,dns_apex_spray,shopify_storefront
kinkly.com,https://kinkly.com/api/mcp,A_verified_mcp,oauth,True,200,storefront-renderer,0.1.0,2025-06-18,"logging,prompts,resources,tools",https://shopify.com/authentication/2378170415/oauth/authorize,https://shopify.com/authentication/2378170415/oauth/token,,False,"openid,email,customer-account-api:full,customer-account-mcp-api:full",https://shopify.com/authentication/2378170415,https://kinkly.com/.well-known/oauth-protected-resource,,dns_apex_spray,shopify_storefront
kappa.com,https://kappa.com/api/mcp,A_verified_mcp,oauth,True,200,storefront-renderer,0.1.0,2025-06-18,"logging,prompts,resources,tools",https://shopify.com/authentication/59039842441/oauth/authorize,https://shopify.com/authentication/59039842441/oauth/token,,False,"openid,email,customer-account-api:full,customer-account-mcp-api:full",https://shopify.com/authentication/59039842441,https://kappa.com/.well-known/oauth-protected-resource,,dns_apex_spray,shopify_storefront
kids2.com,https://kids2.com/api/mcp,A_verified_mcp,oauth,True,200,storefront-renderer,0.1.0,2025-06-18,"logging,prompts,resources,tools",https://shopify.com/authentication/46825210022/oauth/authorize,https://shopify.com/authentication/46825210022/oauth/token,,False,"openid,email,customer-account-api:full,customer-account-mcp-api:full",https://shopify.com/authentication/46825210022,https://kids2.com/.well-known/oauth-protected-resource,,dns_apex_spray,shopify_storefront
korres.com,https://korres.com/api/mcp,A_verified_mcp,oauth,True,200,storefront-renderer,0.1.0,2025-06-18,"logging,prompts,resources,tools",https://shopify.com/authentication/28740190267/oauth/authorize,https://shopify.com/authentication/28740190267/oauth/token,,False,"openid,email,customer-account-api:full,customer-account-mcp-api:full",https://shopify.com/authentication/28740190267,https://korres.com/.well-known/oauth-protected-resource,,dns_apex_spray,shopify_storefront
leadershipiq.com,https://leadershipiq.com/api/mcp,A_verified_mcp,oauth,True,200,storefront-renderer,0.1.0,2025-06-18,"logging,prompts,resources,tools",https://shopify.com/authentication/8607364/oauth/authorize,https://shopify.com/authentication/8607364/oauth/token,,False,"openid,email,customer-account-api:full,customer-account-mcp-api:full",https://shopify.com/authentication/8607364,https://leadershipiq.com/.well-known/oauth-protected-resource,,dns_apex_spray,shopify_storefront
kleinfeldbridal.com,https://kleinfeldbridal.com/api/mcp,A_verified_mcp,oauth,True,200,storefront-renderer,0.1.0,2025-06-18,"logging,prompts,resources,tools",https://shopify.com/authentication/67594453216/oauth/authorize,https://shopify.com/authentication/67594453216/oauth/token,,False,"openid,email,customer-account-api:full,customer-account-mcp-api:full",https://shopify.com/authentication/67594453216,https://kleinfeldbridal.com/.well-known/oauth-protected-resource,,dns_apex_spray,shopify_storefront
lights.com,https://lights.com/api/mcp,A_verified_mcp,oauth,True,200,storefront-renderer,0.1.0,2025-06-18,"logging,prompts,resources,tools",https://account.lights.com/authentication/oauth/authorize,https://account.lights.com/authentication/oauth/token,,False,"openid,email,customer-account-api:full,customer-account-mcp-api:full",https://shopify.com/authentication/60537995329,https://lights.com/.well-known/oauth-protected-resource,,dns_apex_spray,shopify_storefront
juicebeauty.com,https://juicebeauty.com/api/mcp,A_verified_mcp,oauth,True,200,storefront-renderer,0.1.0,2025-06-18,"logging,prompts,resources,tools",https://shopify.com/authentication/24893542/oauth/authorize,https://shopify.com/authentication/24893542/oauth/token,,False,"openid,email,customer-account-api:full,customer-account-mcp-api:full",https://shopify.com/authentication/24893542,https://juicebeauty.com/.well-known/oauth-protected-resource,,dns_apex_spray,shopify_storefront
lilygo.cc,https://lilygo.cc/api/mcp,A_verified_mcp,oauth,True,200,storefront-renderer,0.1.0,2025-06-18,"logging,prompts,resources,tools",https://account.lilygo.cc/authentication/oauth/authorize,https://account.lilygo.cc/authentication/oauth/token,,False,"openid,email,customer-account-api:full,customer-account-mcp-api:full",https://shopify.com/authentication/61771907253,https://lilygo.cc/.well-known/oauth-protected-resource,,dns_apex_spray,shopify_storefront
knitforless.com,https://knitforless.com/api/mcp,A_verified_mcp,oauth,True,200,storefront-renderer,0.1.0,2025-06-18,"logging,prompts,resources,tools",https://account.knitforless.com/authentication/oauth/authorize,https://account.knitforless.com/authentication/oauth/token,,False,"openid,email,customer-account-api:full,customer-account-mcp-api:full",https://shopify.com/authentication/92964946307,https://knitforless.com/.well-known/oauth-protected-resource,,dns_apex_spray,shopify_storefront
laurageller.com,https://laurageller.com/api/mcp,A_verified_mcp,oauth,True,200,storefront-renderer,0.1.0,2025-06-18,"logging,prompts,resources,tools",https://account.laurageller.com/authentication/oauth/authorize,https://account.laurageller.com/authentication/oauth/token,,False,"openid,email,customer-account-api:full,customer-account-mcp-api:full",https://shopify.com/authentication/2416181294,https://laurageller.com/.well-known/oauth-protected-resource,,dns_apex_spray,shopify_storefront
lasenza.com,https://lasenza.com/api/mcp,A_verified_mcp,oauth,True,200,storefront-renderer,0.1.0,2025-06-18,"logging,prompts,resources,tools",https://shopify.com/authentication/70660522227/oauth/authorize,https://shopify.com/authentication/70660522227/oauth/token,,False,"openid,email,customer-account-api:full,customer-account-mcp-api:full",https://shopify.com/authentication/70660522227,https://lasenza.com/.well-known/oauth-protected-resource,,dns_apex_spray,shopify_storefront
liberatostile.com,https://liberatostile.com/api/mcp,A_verified_mcp,oauth,True,200,storefront-renderer,0.1.0,2025-06-18,"logging,prompts,resources,tools",https://shopify.com/authentication/22786495/oauth/authorize,https://shopify.com/authentication/22786495/oauth/token,,False,"openid,email,customer-account-api:full,customer-account-mcp-api:full",https://shopify.com/authentication/22786495,https://liberatostile.com/.well-known/oauth-protected-resource,,dns_apex_spray,shopify_storefront
lightintheattic.net,https://lightintheattic.net/api/mcp,A_verified_mcp,oauth,True,200,storefront-renderer,0.1.0,2025-06-18,"logging,prompts,resources,tools",https://shopify.com/authentication/8064172096/oauth/authorize,https://shopify.com/authentication/8064172096/oauth/token,,False,"openid,email,customer-account-api:full,customer-account-mcp-api:full",https://shopify.com/authentication/8064172096,https://lightintheattic.net/.well-known/oauth-protected-resource,,dns_apex_spray,shopify_storefront
livingproof.com,https://livingproof.com/api/mcp,A_verified_mcp,oauth,True,200,storefront-renderer,0.1.0,2025-06-18,"logging,prompts,resources,tools",https://shopify.com/authentication/73220391164/oauth/authorize,https://shopify.com/authentication/73220391164/oauth/token,,False,"openid,email,customer-account-api:full,customer-account-mcp-api:full",https://shopify.com/authentication/73220391164,https://livingproof.com/.well-known/oauth-protected-resource,,dns_apex_spray,shopify_storefront
lensbaby.com,https://lensbaby.com/api/mcp,A_verified_mcp,oauth,True,200,storefront-renderer,0.1.0,2025-06-18,"logging,prompts,resources,tools",https://shopify.com/authentication/27913781386/oauth/authorize,https://shopify.com/authentication/27913781386/oauth/token,,False,"openid,email,customer-account-api:full,customer-account-mcp-api:full",https://shopify.com/authentication/27913781386,https://lensbaby.com/.well-known/oauth-protected-resource,,dns_apex_spray,shopify_storefront
liveaquaria.com,https://liveaquaria.com/api/mcp,A_verified_mcp,oauth,True,200,storefront-renderer,0.1.0,2025-06-18,"logging,prompts,resources,tools",https://shopify.com/authentication/79494971635/oauth/authorize,https://shopify.com/authentication/79494971635/oauth/token,,False,"openid,email,customer-account-api:full,customer-account-mcp-api:full",https://shopify.com/authentication/79494971635,https://liveaquaria.com/.well-known/oauth-protected-resource,,dns_apex_spray,shopify_storefront
layouthub.com,https://layouthub.com/api/mcp,A_verified_mcp,oauth,True,200,storefront-renderer,0.1.0,2025-06-18,"logging,prompts,resources,tools",https://shopify.com/authentication/28760440914/oauth/authorize,https://shopify.com/authentication/28760440914/oauth/token,,False,"openid,email,customer-account-api:full,customer-account-mcp-api:full",https://shopify.com/authentication/28760440914,https://layouthub.com/.well-known/oauth-protected-resource,,dns_apex_spray,shopify_storefront
magbak.com,https://magbak.com/api/mcp,A_verified_mcp,oauth,True,200,storefront-renderer,0.1.0,2025-06-18,"logging,prompts,resources,tools",https://account.magbak.com/authentication/oauth/authorize,https://account.magbak.com/authentication/oauth/token,,False,"openid,email,customer-account-api:full,customer-account-mcp-api:full",https://shopify.com/authentication/2620325,https://magbak.com/.well-known/oauth-protected-resource,,dns_apex_spray,shopify_storefront
lkbennett.com,https://lkbennett.com/api/mcp,A_verified_mcp,oauth,True,200,storefront-renderer,0.1.0,2025-06-18,"logging,prompts,resources,tools",https://shopify.com/authentication/93345448272/oauth/authorize,https://shopify.com/authentication/93345448272/oauth/token,,False,"openid,email,customer-account-api:full,customer-account-mcp-api:full",https://shopify.com/authentication/93345448272,https://lkbennett.com/.well-known/oauth-protected-resource,,dns_apex_spray,shopify_storefront
littletikes.com,https://littletikes.com/api/mcp,A_verified_mcp,oauth,True,200,storefront-renderer,0.1.0,2025-06-18,"logging,prompts,resources,tools",https://shopify.com/authentication/53944025275/oauth/authorize,https://shopify.com/authentication/53944025275/oauth/token,,False,"openid,email,customer-account-api:full,customer-account-mcp-api:full",https://shopify.com/authentication/53944025275,https://littletikes.com/.well-known/oauth-protected-resource,,dns_apex_spray,shopify_storefront
luxyhair.com,https://luxyhair.com/api/mcp,A_verified_mcp,oauth,True,200,storefront-renderer,0.1.0,2025-06-18,"logging,prompts,resources,tools",https://shopify.com/authentication/660052/oauth/authorize,https://shopify.com/authentication/660052/oauth/token,,False,"openid,email,customer-account-api:full,customer-account-mcp-api:full",https://shopify.com/authentication/660052,https://luxyhair.com/.well-known/oauth-protected-resource,,dns_apex_spray,shopify_storefront
mariobadescu.com,https://mariobadescu.com/api/mcp,A_verified_mcp,oauth,True,200,storefront-renderer,0.1.0,2025-06-18,"logging,prompts,resources,tools",https://account.mariobadescu.com/authentication/oauth/authorize,https://account.mariobadescu.com/authentication/oauth/token,,False,"openid,email,customer-account-api:full,customer-account-mcp-api:full",https://shopify.com/authentication/61884760291,https://mariobadescu.com/.well-known/oauth-protected-resource,,dns_apex_spray,shopify_storefront
luluguinness.com,https://luluguinness.com/api/mcp,A_verified_mcp,oauth,True,200,storefront-renderer,0.1.0,2025-06-18,"logging,prompts,resources,tools",https://shopify.com/authentication/55363698837/oauth/authorize,https://shopify.com/authentication/55363698837/oauth/token,,False,"openid,email,customer-account-api:full,customer-account-mcp-api:full",https://shopify.com/authentication/55363698837,https://luluguinness.com/.well-known/oauth-protected-resource,,dns_apex_spray,shopify_storefront
laurenceking.com,https://laurenceking.com/api/mcp,A_verified_mcp,oauth,True,200,storefront-renderer,0.1.0,2025-06-18,"logging,prompts,resources,tools",https://shopify.com/authentication/59296153794/oauth/authorize,https://shopify.com/authentication/59296153794/oauth/token,,False,"openid,email,customer-account-api:full,customer-account-mcp-api:full",https://shopify.com/authentication/59296153794,https://laurenceking.com/.well-known/oauth-protected-resource,,dns_apex_spray,shopify_storefront
lorex.com,https://lorex.com/api/mcp,A_verified_mcp,oauth,True,200,storefront-renderer,0.1.0,2025-06-18,"logging,prompts,resources,tools",https://shopify.com/authentication/57109545110/oauth/authorize,https://shopify.com/authentication/57109545110/oauth/token,,False,"openid,email,customer-account-api:full,customer-account-mcp-api:full",https://shopify.com/authentication/57109545110,https://lorex.com/.well-known/oauth-protected-resource,,dns_apex_spray,shopify_storefront
machinehead1.com,https://machinehead1.com/api/mcp,A_verified_mcp,oauth,True,200,storefront-renderer,0.1.0,2025-06-18,"logging,prompts,resources,tools",https://shopify.com/authentication/22721153/oauth/authorize,https://shopify.com/authentication/22721153/oauth/token,,False,"openid,email,customer-account-api:full,customer-account-mcp-api:full",https://shopify.com/authentication/22721153,https://machinehead1.com/.well-known/oauth-protected-resource,,dns_apex_spray,shopify_storefront
mattandnat.com,https://mattandnat.com/api/mcp,A_verified_mcp,oauth,True,200,storefront-renderer,0.1.0,2025-06-18,"logging,prompts,resources,tools",https://shopify.com/authentication/32565690501/oauth/authorize,https://shopify.com/authentication/32565690501/oauth/token,,False,"openid,email,customer-account-api:full,customer-account-mcp-api:full",https://shopify.com/authentication/32565690501,https://mattandnat.com/.well-known/oauth-protected-resource,,dns_apex_spray,shopify_storefront
makershed.com,https://makershed.com/api/mcp,A_verified_mcp,oauth,True,200,storefront-renderer,0.1.0,2025-06-18,"logging,prompts,resources,tools",https://account.makershed.com/authentication/oauth/authorize,https://account.makershed.com/authentication/oauth/token,,False,"openid,email,customer-account-api:full,customer-account-mcp-api:full",https://shopify.com/authentication/2437593,https://makershed.com/.well-known/oauth-protected-resource,,dns_apex_spray,shopify_storefront
maglite.com,https://maglite.com/api/mcp,A_verified_mcp,oauth,True,200,storefront-renderer,0.1.0,2025-06-18,"logging,prompts,resources,tools",https://shopify.com/authentication/8917647423/oauth/authorize,https://shopify.com/authentication/8917647423/oauth/token,,False,"openid,email,customer-account-api:full,customer-account-mcp-api:full",https://shopify.com/authentication/8917647423,https://maglite.com/.well-known/oauth-protected-resource,,dns_apex_spray,shopify_storefront
masterdynamic.com,https://masterdynamic.com/api/mcp,A_verified_mcp,oauth,True,200,storefront-renderer,0.1.0,2025-06-18,"logging,prompts,resources,tools",https://account.masterdynamic.com/authentication/oauth/authorize,https://account.masterdynamic.com/authentication/oauth/token,,False,"openid,email,customer-account-api:full,customer-account-mcp-api:full",https://shopify.com/authentication/4041101,https://masterdynamic.com/.well-known/oauth-protected-resource,,dns_apex_spray,shopify_storefront
marinbikes.com,https://marinbikes.com/api/mcp,A_verified_mcp,oauth,True,200,storefront-renderer,0.1.0,2025-06-18,"logging,prompts,resources,tools",https://shopify.com/authentication/93194551645/oauth/authorize,https://shopify.com/authentication/93194551645/oauth/token,,False,"openid,email,customer-account-api:full,customer-account-mcp-api:full",https://shopify.com/authentication/93194551645,https://marinbikes.com/.well-known/oauth-protected-resource,,dns_apex_spray,shopify_storefront
makeyourownstyles.website,https://makeyourownstyles.website/api/mcp,A_verified_mcp,oauth,True,200,storefront-renderer,0.1.0,2025-06-18,"logging,prompts,resources,tools",https://shopify.com/authentication/69652218010/oauth/authorize,https://shopify.com/authentication/69652218010/oauth/token,,False,"openid,email,customer-account-api:full,customer-account-mcp-api:full",https://shopify.com/authentication/69652218010,https://makeyourownstyles.website/.well-known/oauth-protected-resource,,dns_apex_spray,shopify_storefront
medterracbd.com,https://medterracbd.com/api/mcp,A_verified_mcp,oauth,True,200,storefront-renderer,0.1.0,2025-06-18,"logging,prompts,resources,tools",https://shopify.com/authentication/60687515840/oauth/authorize,https://shopify.com/authentication/60687515840/oauth/token,,False,"openid,email,customer-account-api:full,customer-account-mcp-api:full",https://shopify.com/authentication/60687515840,https://medterracbd.com/.well-known/oauth-protected-resource,,dns_apex_spray,shopify_storefront
mechanicalkeyboards.com,https://mechanicalkeyboards.com/api/mcp,A_verified_mcp,oauth,True,200,storefront-renderer,0.1.0,2025-06-18,"logging,prompts,resources,tools",https://account.mechanicalkeyboards.com/authentication/oauth/authorize,https://account.mechanicalkeyboards.com/authentication/oauth/token,,False,"openid,email,customer-account-api:full,customer-account-mcp-api:full",https://shopify.com/authentication/83597066540,https://mechanicalkeyboards.com/.well-known/oauth-protected-resource,,dns_apex_spray,shopify_storefront
mdaemon.com,https://mdaemon.com/api/mcp,A_verified_mcp,oauth,True,200,storefront-renderer,0.1.0,2025-06-18,"logging,prompts,resources,tools",https://shopify.com/authentication/10326736932/oauth/authorize,https://shopify.com/authentication/10326736932/oauth/token,,False,"openid,email,customer-account-api:full,customer-account-mcp-api:full",https://shopify.com/authentication/10326736932,https://mdaemon.com/.well-known/oauth-protected-resource,,dns_apex_spray,shopify_storefront
milkmakeup.com,https://milkmakeup.com/api/mcp,A_verified_mcp,oauth,True,200,storefront-renderer,0.1.0,2025-06-18,"logging,prompts,resources,tools",https://shopify.com/authentication/57236455609/oauth/authorize,https://shopify.com/authentication/57236455609/oauth/token,,False,"openid,email,customer-account-api:full,customer-account-mcp-api:full",https://shopify.com/authentication/57236455609,https://milkmakeup.com/.well-known/oauth-protected-resource,,dns_apex_spray,shopify_storefront
milbstore.com,https://milbstore.com/api/mcp,A_verified_mcp,oauth,True,200,storefront-renderer,0.1.0,2025-06-18,"logging,prompts,resources,tools",https://shopify.com/authentication/5464260690/oauth/authorize,https://shopify.com/authentication/5464260690/oauth/token,,False,"openid,email,customer-account-api:full,customer-account-mcp-api:full",https://shopify.com/authentication/5464260690,https://milbstore.com/.well-known/oauth-protected-resource,,dns_apex_spray,shopify_storefront
monroeinstitute.org,https://monroeinstitute.org/api/mcp,A_verified_mcp,oauth,True,200,storefront-renderer,0.1.0,2025-06-18,"logging,prompts,resources,tools",https://shopify.com/authentication/26359267437/oauth/authorize,https://shopify.com/authentication/26359267437/oauth/token,,False,"openid,email,customer-account-api:full,customer-account-mcp-api:full",https://shopify.com/authentication/26359267437,https://monroeinstitute.org/.well-known/oauth-protected-resource,,dns_apex_spray,shopify_storefront
mfjenterprises.com,https://mfjenterprises.com/api/mcp,A_verified_mcp,oauth,True,200,storefront-renderer,0.1.0,2025-06-18,"logging,prompts,resources,tools",https://shopify.com/authentication/28977823843/oauth/authorize,https://shopify.com/authentication/28977823843/oauth/token,,False,"openid,email,customer-account-api:full,customer-account-mcp-api:full",https://shopify.com/authentication/28977823843,https://mfjenterprises.com/.well-known/oauth-protected-resource,,dns_apex_spray,shopify_storefront
micromark.com,https://micromark.com/api/mcp,A_verified_mcp,oauth,True,200,storefront-renderer,0.1.0,2025-06-18,"logging,prompts,resources,tools",https://shopify.com/authentication/64855507115/oauth/authorize,https://shopify.com/authentication/64855507115/oauth/token,,False,"openid,email,customer-account-api:full,customer-account-mcp-api:full",https://shopify.com/authentication/64855507115,https://micromark.com/.well-known/oauth-protected-resource,,dns_apex_spray,shopify_storefront
moniquelhuillier.com,https://moniquelhuillier.com/api/mcp,A_verified_mcp,oauth,True,200,storefront-renderer,0.1.0,2025-06-18,"logging,prompts,resources,tools",https://shopify.com/authentication/2048426035/oauth/authorize,https://shopify.com/authentication/2048426035/oauth/token,,False,"openid,email,customer-account-api:full,customer-account-mcp-api:full",https://shopify.com/authentication/2048426035,https://moniquelhuillier.com/.well-known/oauth-protected-resource,,dns_apex_spray,shopify_storefront
melissas.com,https://melissas.com/api/mcp,A_verified_mcp,oauth,True,200,storefront-renderer,0.1.0,2025-06-18,"logging,prompts,resources,tools",https://shopify.com/authentication/33671675948/oauth/authorize,https://shopify.com/authentication/33671675948/oauth/token,,False,"openid,email,customer-account-api:full,customer-account-mcp-api:full",https://shopify.com/authentication/33671675948,https://melissas.com/.well-known/oauth-protected-resource,,dns_apex_spray,shopify_storefront
mycustomgolfball.com,https://mycustomgolfball.com/api/mcp,A_verified_mcp,oauth,True,200,storefront-renderer,0.1.0,2025-06-18,"logging,prompts,resources,tools",https://account.mycustomgolfball.com/authentication/oauth/authorize,https://account.mycustomgolfball.com/authentication/oauth/token,,False,"openid,email,customer-account-api:full,customer-account-mcp-api:full",https://shopify.com/authentication/53252915388,https://mycustomgolfball.com/.well-known/oauth-protected-resource,,dns_apex_spray,shopify_storefront
nealsyardremedies.com,https://nealsyardremedies.com/api/mcp,A_verified_mcp,oauth,True,200,storefront-renderer,0.1.0,2025-06-18,"logging,prompts,resources,tools",https://accounts.nealsyardremedies.com/authentication/oauth/authorize,https://accounts.nealsyardremedies.com/authentication/oauth/token,,False,"openid,email,customer-account-api:full,customer-account-mcp-api:full",https://shopify.com/authentication/62891294940,https://nealsyardremedies.com/.well-known/oauth-protected-resource,,dns_apex_spray,shopify_storefront
momentfactory.com,https://momentfactory.com/api/mcp,A_verified_mcp,oauth,True,200,storefront-renderer,0.1.0,2025-06-18,"logging,prompts,resources,tools",https://shopify.com/authentication/64296255685/oauth/authorize,https://shopify.com/authentication/64296255685/oauth/token,,False,"openid,email,customer-account-api:full,customer-account-mcp-api:full",https://shopify.com/authentication/64296255685,https://momentfactory.com/.well-known/oauth-protected-resource,,dns_apex_spray,shopify_storefront
merci-merci.com,https://merci-merci.com/api/mcp,A_verified_mcp,oauth,True,200,storefront-renderer,0.1.0,2025-06-18,"logging,prompts,resources,tools",https://shopify.com/authentication/52874805443/oauth/authorize,https://shopify.com/authentication/52874805443/oauth/token,,False,"openid,email,customer-account-api:full,customer-account-mcp-api:full",https://shopify.com/authentication/52874805443,https://merci-merci.com/.well-known/oauth-protected-resource,,dns_apex_spray,shopify_storefront
momastore.org,https://momastore.org/api/mcp,A_verified_mcp,oauth,True,200,storefront-renderer,0.1.0,2025-06-18,"logging,prompts,resources,tools",https://account.store.moma.org/authentication/oauth/authorize,https://account.store.moma.org/authentication/oauth/token,,False,"openid,email,customer-account-api:full,customer-account-mcp-api:full",https://shopify.com/authentication/62379622630,https://momastore.org/.well-known/oauth-protected-resource,,dns_apex_spray,shopify_storefront
mycarpe.com,https://mycarpe.com/api/mcp,A_verified_mcp,oauth,True,200,storefront-renderer,0.1.0,2025-06-18,"logging,prompts,resources,tools",https://account.mycarpe.com/authentication/oauth/authorize,https://account.mycarpe.com/authentication/oauth/token,,False,"openid,email,customer-account-api:full,customer-account-mcp-api:full",https://shopify.com/authentication/33516224645,https://mycarpe.com/.well-known/oauth-protected-resource,,dns_apex_spray,shopify_storefront
mudwtr.com,https://mudwtr.com/api/mcp,A_verified_mcp,oauth,True,200,storefront-renderer,0.1.0,2025-06-18,"logging,prompts,resources,tools",https://account.mudwtr.com/authentication/oauth/authorize,https://account.mudwtr.com/authentication/oauth/token,,False,"openid,email,customer-account-api:full,customer-account-mcp-api:full",https://shopify.com/authentication/13794345014,https://mudwtr.com/.well-known/oauth-protected-resource,,dns_apex_spray,shopify_storefront
movingthreadla.com,https://movingthreadla.com/api/mcp,A_verified_mcp,oauth,True,200,storefront-renderer,0.1.0,2025-06-18,"logging,prompts,resources,tools",https://info.movingthreadla.com/authentication/oauth/authorize,https://info.movingthreadla.com/authentication/oauth/token,,False,"openid,email,customer-account-api:full,customer-account-mcp-api:full",https://shopify.com/authentication/26206044205,https://movingthreadla.com/.well-known/oauth-protected-resource,,dns_apex_spray,shopify_storefront
mymuesli.com,https://mymuesli.com/api/mcp,A_verified_mcp,oauth,True,200,storefront-renderer,0.1.0,2025-06-18,"logging,prompts,resources,tools",https://account.mymuesli.com/authentication/oauth/authorize,https://account.mymuesli.com/authentication/oauth/token,,False,"openid,email,customer-account-api:full,customer-account-mcp-api:full",https://shopify.com/authentication/93682172253,https://mymuesli.com/.well-known/oauth-protected-resource,,dns_apex_spray,shopify_storefront
mondoshop.com,https://mondoshop.com/api/mcp,A_verified_mcp,oauth,True,200,storefront-renderer,0.1.0,2025-06-18,"logging,prompts,resources,tools",https://shopify.com/authentication/5582081/oauth/authorize,https://shopify.com/authentication/5582081/oauth/token,,False,"openid,email,customer-account-api:full,customer-account-mcp-api:full",https://shopify.com/authentication/5582081,https://mondoshop.com/.well-known/oauth-protected-resource,,dns_apex_spray,shopify_storefront
midlandusa.com,https://midlandusa.com/api/mcp,A_verified_mcp,oauth,True,200,storefront-renderer,0.1.0,2025-06-18,"logging,prompts,resources,tools",https://shopify.com/authentication/53128560817/oauth/authorize,https://shopify.com/authentication/53128560817/oauth/token,,False,"openid,email,customer-account-api:full,customer-account-mcp-api:full",https://shopify.com/authentication/53128560817,https://midlandusa.com/.well-known/oauth-protected-resource,,dns_apex_spray,shopify_storefront
muc-off.com,https://muc-off.com/api/mcp,A_verified_mcp,oauth,True,200,storefront-renderer,0.1.0,2025-06-18,"logging,prompts,resources,tools",https://shopify.com/authentication/13206923/oauth/authorize,https://shopify.com/authentication/13206923/oauth/token,,False,"openid,email,customer-account-api:full,customer-account-mcp-api:full",https://shopify.com/authentication/13206923,https://muc-off.com/.well-known/oauth-protected-resource,,dns_apex_spray,shopify_storefront
naturesway.com,https://naturesway.com/api/mcp,A_verified_mcp,oauth,True,200,storefront-renderer,0.1.0,2025-06-18,"logging,prompts,resources,tools",https://account.naturesway.com/authentication/oauth/authorize,https://account.naturesway.com/authentication/oauth/token,,False,"openid,email,customer-account-api:full,customer-account-mcp-api:full",https://shopify.com/authentication/66691104982,https://naturesway.com/.well-known/oauth-protected-resource,,dns_apex_spray,shopify_storefront
nanit.com,https://nanit.com/api/mcp,A_verified_mcp,oauth,True,200,storefront-renderer,0.1.0,2025-06-18,"logging,prompts,resources,tools",https://shopify.com/authentication/13547173/oauth/authorize,https://shopify.com/authentication/13547173/oauth/token,,False,"openid,email,customer-account-api:full,customer-account-mcp-api:full",https://shopify.com/authentication/13547173,https://nanit.com/.well-known/oauth-protected-resource,,dns_apex_spray,shopify_storefront
morrisonhotelgallery.com,https://morrisonhotelgallery.com/api/mcp,A_verified_mcp,oauth,True,200,storefront-renderer,0.1.0,2025-06-18,"logging,prompts,resources,tools",https://shopify.com/authentication/56454054087/oauth/authorize,https://shopify.com/authentication/56454054087/oauth/token,,False,"openid,email,customer-account-api:full,customer-account-mcp-api:full",https://shopify.com/authentication/56454054087,https://morrisonhotelgallery.com/.well-known/oauth-protected-resource,,dns_apex_spray,shopify_storefront
mrsfields.com,https://mrsfields.com/api/mcp,A_verified_mcp,oauth,True,200,storefront-renderer,0.1.0,2025-06-18,"logging,prompts,resources,tools",https://shopify.com/authentication/55190716499/oauth/authorize,https://shopify.com/authentication/55190716499/oauth/token,,False,"openid,email,customer-account-api:full,customer-account-mcp-api:full",https://shopify.com/authentication/55190716499,https://mrsfields.com/.well-known/oauth-protected-resource,,dns_apex_spray,shopify_storefront
motherhood.com,https://motherhood.com/api/mcp,A_verified_mcp,oauth,True,200,storefront-renderer,0.1.0,2025-06-18,"logging,prompts,resources,tools",https://shopify.com/authentication/85484863796/oauth/authorize,https://shopify.com/authentication/85484863796/oauth/token,,False,"openid,email,customer-account-api:full,customer-account-mcp-api:full",https://shopify.com/authentication/85484863796,https://motherhood.com/.well-known/oauth-protected-resource,,dns_apex_spray,shopify_storefront
motobuys.com,https://motobuys.com/api/mcp,A_verified_mcp,oauth,True,200,storefront-renderer,0.1.0,2025-06-18,"logging,prompts,resources,tools",https://shopify.com/authentication/43215224985/oauth/authorize,https://shopify.com/authentication/43215224985/oauth/token,,False,"openid,email,customer-account-api:full,customer-account-mcp-api:full",https://shopify.com/authentication/43215224985,https://motobuys.com/.well-known/oauth-protected-resource,,dns_apex_spray,shopify_storefront
merchnow.com,https://merchnow.com/api/mcp,A_verified_mcp,oauth,True,200,storefront-renderer,0.1.0,2025-06-18,"logging,prompts,resources,tools",https://shopify.com/authentication/74151199025/oauth/authorize,https://shopify.com/authentication/74151199025/oauth/token,,False,"openid,email,customer-account-api:full,customer-account-mcp-api:full",https://shopify.com/authentication/74151199025,https://merchnow.com/.well-known/oauth-protected-resource,,dns_apex_spray,shopify_storefront
mrsmeyers.com,https://mrsmeyers.com/api/mcp,A_verified_mcp,oauth,True,200,storefront-renderer,0.1.0,2025-06-18,"logging,prompts,resources,tools",https://account.mrsmeyers.com/authentication/oauth/authorize,https://account.mrsmeyers.com/authentication/oauth/token,,False,"openid,email,customer-account-api:full,customer-account-mcp-api:full",https://shopify.com/authentication/89446187282,https://mrsmeyers.com/.well-known/oauth-protected-resource,,dns_apex_spray,shopify_storefront
morilee.com,https://morilee.com/api/mcp,A_verified_mcp,oauth,True,200,storefront-renderer,0.1.0,2025-06-18,"logging,prompts,resources,tools",https://shopify.com/authentication/90830111000/oauth/authorize,https://shopify.com/authentication/90830111000/oauth/token,,False,"openid,email,customer-account-api:full,customer-account-mcp-api:full",https://shopify.com/authentication/90830111000,https://morilee.com/.well-known/oauth-protected-resource,,dns_apex_spray,shopify_storefront
nickelback.com,https://nickelback.com/api/mcp,A_verified_mcp,oauth,True,200,storefront-renderer,0.1.0,2025-06-18,"logging,prompts,resources,tools",https://shopify.com/authentication/65214939384/oauth/authorize,https://shopify.com/authentication/65214939384/oauth/token,,False,"openid,email,customer-account-api:full,customer-account-mcp-api:full",https://shopify.com/authentication/65214939384,https://nickelback.com/.well-known/oauth-protected-resource,,dns_apex_spray,shopify_storefront
mp3car.com,https://mp3car.com/api/mcp,A_verified_mcp,oauth,True,200,storefront-renderer,0.1.0,2025-06-18,"logging,prompts,resources,tools",https://shopify.com/authentication/2743599139/oauth/authorize,https://shopify.com/authentication/2743599139/oauth/token,,False,"openid,email,customer-account-api:full,customer-account-mcp-api:full",https://shopify.com/authentication/2743599139,https://mp3car.com/.well-known/oauth-protected-resource,,dns_apex_spray,shopify_storefront
monsterstore.com,https://monsterstore.com/api/mcp,A_verified_mcp,oauth,True,200,storefront-renderer,0.1.0,2025-06-18,"logging,prompts,resources,tools",https://shopify.com/authentication/68892229935/oauth/authorize,https://shopify.com/authentication/68892229935/oauth/token,,False,"openid,email,customer-account-api:full,customer-account-mcp-api:full",https://shopify.com/authentication/68892229935,https://monsterstore.com/.well-known/oauth-protected-resource,,dns_apex_spray,shopify_storefront
modiphius.net,https://modiphius.net/api/mcp,A_verified_mcp,oauth,True,200,storefront-renderer,0.1.0,2025-06-18,"logging,prompts,resources,tools",https://shopify.com/authentication/2254035/oauth/authorize,https://shopify.com/authentication/2254035/oauth/token,,False,"openid,email,customer-account-api:full,customer-account-mcp-api:full",https://shopify.com/authentication/2254035,https://modiphius.net/.well-known/oauth-protected-resource,,dns_apex_spray,shopify_storefront
misumiskincare.com,https://misumiskincare.com/api/mcp,A_verified_mcp,oauth,True,200,storefront-renderer,0.1.0,2025-06-18,"logging,prompts,resources,tools",https://shopify.com/authentication/2311716925/oauth/authorize,https://shopify.com/authentication/2311716925/oauth/token,,False,"openid,email,customer-account-api:full,customer-account-mcp-api:full",https://shopify.com/authentication/2311716925,https://misumiskincare.com/.well-known/oauth-protected-resource,,dns_apex_spray,shopify_storefront
nativeseeds.org,https://nativeseeds.org/api/mcp,A_verified_mcp,oauth,True,200,storefront-renderer,0.1.0,2025-06-18,"logging,prompts,resources,tools",https://shopify.com/authentication/1570808/oauth/authorize,https://shopify.com/authentication/1570808/oauth/token,,False,"openid,email,customer-account-api:full,customer-account-mcp-api:full",https://shopify.com/authentication/1570808,https://nativeseeds.org/.well-known/oauth-protected-resource,,dns_apex_spray,shopify_storefront
nitroapps.co,https://nitroapps.co/api/mcp,A_verified_mcp,oauth,True,200,storefront-renderer,0.1.0,2025-06-18,"logging,prompts,resources,tools",https://shopify.com/authentication/20731885/oauth/authorize,https://shopify.com/authentication/20731885/oauth/token,,False,"openid,email,customer-account-api:full,customer-account-mcp-api:full",https://shopify.com/authentication/20731885,https://nitroapps.co/.well-known/oauth-protected-resource,,dns_apex_spray,shopify_storefront
nemoequipment.com,https://nemoequipment.com/api/mcp,A_verified_mcp,oauth,True,200,storefront-renderer,0.1.0,2025-06-18,"logging,prompts,resources,tools",https://shopify.com/authentication/58211369133/oauth/authorize,https://shopify.com/authentication/58211369133/oauth/token,,False,"openid,email,customer-account-api:full,customer-account-mcp-api:full",https://shopify.com/authentication/58211369133,https://nemoequipment.com/.well-known/oauth-protected-resource,,dns_apex_spray,shopify_storefront
nixplay.com,https://nixplay.com/api/mcp,A_verified_mcp,oauth,True,200,storefront-renderer,0.1.0,2025-06-18,"logging,prompts,resources,tools",https://shopify.com/authentication/3668553/oauth/authorize,https://shopify.com/authentication/3668553/oauth/token,,False,"openid,email,customer-account-api:full,customer-account-mcp-api:full",https://shopify.com/authentication/3668553,https://nixplay.com/.well-known/oauth-protected-resource,,dns_apex_spray,shopify_storefront
ncaapublications.com,https://ncaapublications.com/api/mcp,A_verified_mcp,oauth,True,200,storefront-renderer,0.1.0,2025-06-18,"logging,prompts,resources,tools",https://shopify.com/authentication/72844771499/oauth/authorize,https://shopify.com/authentication/72844771499/oauth/token,,False,"openid,email,customer-account-api:full,customer-account-mcp-api:full",https://shopify.com/authentication/72844771499,https://ncaapublications.com/.well-known/oauth-protected-resource,,dns_apex_spray,shopify_storefront
obagi.com,https://obagi.com/api/mcp,A_verified_mcp,oauth,True,200,storefront-renderer,0.1.0,2025-06-18,"logging,prompts,resources,tools",https://account.obagi.com/authentication/oauth/authorize,https://account.obagi.com/authentication/oauth/token,,False,"openid,email,customer-account-api:full,customer-account-mcp-api:full",https://shopify.com/authentication/66931753236,https://obagi.com/.well-known/oauth-protected-resource,,dns_apex_spray,shopify_storefront
newair.com,https://newair.com/api/mcp,A_verified_mcp,oauth,True,200,storefront-renderer,0.1.0,2025-06-18,"logging,prompts,resources,tools",https://account.newair.com/authentication/oauth/authorize,https://account.newair.com/authentication/oauth/token,,False,"openid,email,customer-account-api:full,customer-account-mcp-api:full",https://shopify.com/authentication/6675955769,https://newair.com/.well-known/oauth-protected-resource,,dns_apex_spray,shopify_storefront
nothingbuthemp.net,https://nothingbuthemp.net/api/mcp,A_verified_mcp,oauth,True,200,storefront-renderer,0.1.0,2025-06-18,"logging,prompts,resources,tools",https://shopify.com/authentication/64370507968/oauth/authorize,https://shopify.com/authentication/64370507968/oauth/token,,False,"openid,email,customer-account-api:full,customer-account-mcp-api:full",https://shopify.com/authentication/64370507968,https://nothingbuthemp.net/.well-known/oauth-protected-resource,,dns_apex_spray,shopify_storefront
nativeunion.com,https://nativeunion.com/api/mcp,A_verified_mcp,oauth,True,200,storefront-renderer,0.1.0,2025-06-18,"logging,prompts,resources,tools",https://shopify.com/authentication/6690504822/oauth/authorize,https://shopify.com/authentication/6690504822/oauth/token,,False,"openid,email,customer-account-api:full,customer-account-mcp-api:full",https://shopify.com/authentication/6690504822,https://nativeunion.com/.well-known/oauth-protected-resource,,dns_apex_spray,shopify_storefront
nothingbutcanna.net,https://nothingbutcanna.net/api/mcp,A_verified_mcp,oauth,True,200,storefront-renderer,0.1.0,2025-06-18,"logging,prompts,resources,tools",https://shopify.com/authentication/64370507968/oauth/authorize,https://shopify.com/authentication/64370507968/oauth/token,,False,"openid,email,customer-account-api:full,customer-account-mcp-api:full",https://shopify.com/authentication/64370507968,https://nothingbutcanna.net/.well-known/oauth-protected-resource,,dns_apex_spray,shopify_storefront
nzxt.com,https://nzxt.com/api/mcp,A_verified_mcp,oauth,True,200,storefront-renderer,0.1.0,2025-06-18,"logging,prompts,resources,tools",https://account.nzxt.com/authentication/oauth/authorize,https://account.nzxt.com/authentication/oauth/token,,False,"openid,email,customer-account-api:full,customer-account-mcp-api:full",https://shopify.com/authentication/19869305,https://nzxt.com/.well-known/oauth-protected-resource,,dns_apex_spray,shopify_storefront
nuunlife.com,https://nuunlife.com/api/mcp,A_verified_mcp,oauth,True,200,storefront-renderer,0.1.0,2025-06-18,"logging,prompts,resources,tools",https://shopify.com/authentication/1435631652/oauth/authorize,https://shopify.com/authentication/1435631652/oauth/token,,False,"openid,email,customer-account-api:full,customer-account-mcp-api:full",https://shopify.com/authentication/1435631652,https://nuunlife.com/.well-known/oauth-protected-resource,,dns_apex_spray,shopify_storefront
oreo.com,https://oreo.com/api/mcp,A_verified_mcp,oauth,True,200,storefront-renderer,0.1.0,2025-06-18,"logging,prompts,resources,tools",https://account.oreo.com/authentication/oauth/authorize,https://account.oreo.com/authentication/oauth/token,,False,"openid,email,customer-account-api:full,customer-account-mcp-api:full",https://shopify.com/authentication/55873667206,https://oreo.com/.well-known/oauth-protected-resource,,dns_apex_spray,shopify_storefront
nuleafnaturals.com,https://nuleafnaturals.com/api/mcp,A_verified_mcp,oauth,True,200,storefront-renderer,0.1.0,2025-06-18,"logging,prompts,resources,tools",https://shopify.com/authentication/93637706028/oauth/authorize,https://shopify.com/authentication/93637706028/oauth/token,,False,"openid,email,customer-account-api:full,customer-account-mcp-api:full",https://shopify.com/authentication/93637706028,https://nuleafnaturals.com/.well-known/oauth-protected-resource,,dns_apex_spray,shopify_storefront
olloclip.com,https://olloclip.com/api/mcp,A_verified_mcp,oauth,True,200,storefront-renderer,0.1.0,2025-06-18,"logging,prompts,resources,tools",https://shopify.com/authentication/26006096/oauth/authorize,https://shopify.com/authentication/26006096/oauth/token,,False,"openid,email,customer-account-api:full,customer-account-mcp-api:full",https://shopify.com/authentication/26006096,https://olloclip.com/.well-known/oauth-protected-resource,,dns_apex_spray,shopify_storefront
nyandcompany.com,https://nyandcompany.com/api/mcp,A_verified_mcp,oauth,True,200,storefront-renderer,0.1.0,2025-06-18,"logging,prompts,resources,tools",https://shopify.com/authentication/55407182011/oauth/authorize,https://shopify.com/authentication/55407182011/oauth/token,,False,"openid,email,customer-account-api:full,customer-account-mcp-api:full",https://shopify.com/authentication/55407182011,https://nyandcompany.com/.well-known/oauth-protected-resource,,dns_apex_spray,shopify_storefront
pacificabeauty.com,https://pacificabeauty.com/api/mcp,A_verified_mcp,oauth,True,200,storefront-renderer,0.1.0,2025-06-18,"logging,prompts,resources,tools",https://account.pacificabeauty.com/authentication/oauth/authorize,https://account.pacificabeauty.com/authentication/oauth/token,,False,"openid,email,customer-account-api:full,customer-account-mcp-api:full",https://shopify.com/authentication/15150462,https://pacificabeauty.com/.well-known/oauth-protected-resource,,dns_apex_spray,shopify_storefront
party-expert.com,https://party-expert.com/api/mcp,A_verified_mcp,oauth,True,200,storefront-renderer,0.1.0,2025-06-18,"logging,prompts,resources,tools",https://account.party-expert.com/authentication/oauth/authorize,https://account.party-expert.com/authentication/oauth/token,,False,"openid,email,customer-account-api:full,customer-account-mcp-api:full",https://shopify.com/authentication/7231668290,https://party-expert.com/.well-known/oauth-protected-resource,,dns_apex_spray,shopify_storefront
pangaia.com,https://pangaia.com/api/mcp,A_verified_mcp,oauth,True,200,storefront-renderer,0.1.0,2025-06-18,"logging,prompts,resources,tools",https://account-global.pangaia.com/authentication/oauth/authorize,https://account-global.pangaia.com/authentication/oauth/token,,False,"openid,email,customer-account-api:full,customer-account-mcp-api:full",https://shopify.com/authentication/3513090115,https://pangaia.com/.well-known/oauth-protected-resource,,dns_apex_spray,shopify_storefront
ozobot.com,https://ozobot.com/api/mcp,A_verified_mcp,oauth,True,200,storefront-renderer,0.1.0,2025-06-18,"logging,prompts,resources,tools",https://shopify.com/authentication/10598266/oauth/authorize,https://shopify.com/authentication/10598266/oauth/token,,False,"openid,email,customer-account-api:full,customer-account-mcp-api:full",https://shopify.com/authentication/10598266,https://ozobot.com/.well-known/oauth-protected-resource,,dns_apex_spray,shopify_storefront
pearlizumi.com,https://pearlizumi.com/api/mcp,A_verified_mcp,oauth,True,200,storefront-renderer,0.1.0,2025-06-18,"logging,prompts,resources,tools",https://shopify.com/authentication/51894059179/oauth/authorize,https://shopify.com/authentication/51894059179/oauth/token,,False,"openid,email,customer-account-api:full,customer-account-mcp-api:full",https://shopify.com/authentication/51894059179,https://pearlizumi.com/.well-known/oauth-protected-resource,,dns_apex_spray,shopify_storefront
oukitel.com,https://oukitel.com/api/mcp,A_verified_mcp,oauth,True,200,storefront-renderer,0.1.0,2025-06-18,"logging,prompts,resources,tools",https://shopify.com/authentication/39274283139/oauth/authorize,https://shopify.com/authentication/39274283139/oauth/token,,False,"openid,email,customer-account-api:full,customer-account-mcp-api:full",https://shopify.com/authentication/39274283139,https://oukitel.com/.well-known/oauth-protected-resource,,dns_apex_spray,shopify_storefront
oribe.com,https://oribe.com/api/mcp,A_verified_mcp,oauth,True,200,storefront-renderer,0.1.0,2025-06-18,"logging,prompts,resources,tools",https://shopify.com/authentication/73860841787/oauth/authorize,https://shopify.com/authentication/73860841787/oauth/token,,False,"openid,email,customer-account-api:full,customer-account-mcp-api:full",https://shopify.com/authentication/73860841787,https://oribe.com/.well-known/oauth-protected-resource,,dns_apex_spray,shopify_storefront
pax.com,https://pax.com/api/mcp,A_verified_mcp,oauth,True,200,storefront-renderer,0.1.0,2025-06-18,"logging,prompts,resources,tools",https://account.pax.com/authentication/oauth/authorize,https://account.pax.com/authentication/oauth/token,,False,"openid,email,customer-account-api:full,customer-account-mcp-api:full",https://shopify.com/authentication/2764177523,https://pax.com/.well-known/oauth-protected-resource,,dns_apex_spray,shopify_storefront
outdoorvoices.com,https://outdoorvoices.com/api/mcp,A_verified_mcp,oauth,True,200,storefront-renderer,0.1.0,2025-06-18,"logging,prompts,resources,tools",https://shopify.com/authentication/1901390/oauth/authorize,https://shopify.com/authentication/1901390/oauth/token,,False,"openid,email,customer-account-api:full,customer-account-mcp-api:full",https://shopify.com/authentication/1901390,https://outdoorvoices.com/.well-known/oauth-protected-resource,,dns_apex_spray,shopify_storefront
partydelights.co.uk,https://partydelights.co.uk/api/mcp,A_verified_mcp,oauth,True,200,storefront-renderer,0.1.0,2025-06-18,"logging,prompts,resources,tools",https://shopify.com/authentication/90434208130/oauth/authorize,https://shopify.com/authentication/90434208130/oauth/token,,False,"openid,email,customer-account-api:full,customer-account-mcp-api:full",https://shopify.com/authentication/90434208130,https://partydelights.co.uk/.well-known/oauth-protected-resource,,dns_apex_spray,shopify_storefront
ortofon.com,https://ortofon.com/api/mcp,A_verified_mcp,oauth,True,200,storefront-renderer,0.1.0,2025-06-18,"logging,prompts,resources,tools",https://shopify.com/authentication/75692474651/oauth/authorize,https://shopify.com/authentication/75692474651/oauth/token,,False,"openid,email,customer-account-api:full,customer-account-mcp-api:full",https://shopify.com/authentication/75692474651,https://ortofon.com/.well-known/oauth-protected-resource,,dns_apex_spray,shopify_storefront
orlebarbrown.com,https://orlebarbrown.com/api/mcp,A_verified_mcp,oauth,True,200,storefront-renderer,0.1.0,2025-06-18,"logging,prompts,resources,tools",https://shopify.com/authentication/67965649115/oauth/authorize,https://shopify.com/authentication/67965649115/oauth/token,,False,"openid,email,customer-account-api:full,customer-account-mcp-api:full",https://shopify.com/authentication/67965649115,https://orlebarbrown.com/.well-known/oauth-protected-resource,,dns_apex_spray,shopify_storefront
portlandleathergoods.com,https://portlandleathergoods.com/api/mcp,A_verified_mcp,oauth,True,200,storefront-renderer,0.1.0,2025-06-18,"logging,prompts,resources,tools",https://account.portlandleathergoods.com/authentication/oauth/authorize,https://account.portlandleathergoods.com/authentication/oauth/token,,False,"openid,email,customer-account-api:full,customer-account-mcp-api:full",https://shopify.com/authentication/7121227,https://portlandleathergoods.com/.well-known/oauth-protected-resource,,dns_apex_spray,shopify_storefront
pedegoelectricbikes.com,https://pedegoelectricbikes.com/api/mcp,A_verified_mcp,oauth,True,200,storefront-renderer,0.1.0,2025-06-18,"logging,prompts,resources,tools",https://shopify.com/authentication/65441595587/oauth/authorize,https://shopify.com/authentication/65441595587/oauth/token,,False,"openid,email,customer-account-api:full,customer-account-mcp-api:full",https://shopify.com/authentication/65441595587,https://pedegoelectricbikes.com/.well-known/oauth-protected-resource,,dns_apex_spray,shopify_storefront
petmate.com,https://petmate.com/api/mcp,A_verified_mcp,oauth,True,200,storefront-renderer,0.1.0,2025-06-18,"logging,prompts,resources,tools",https://account.petmate.com/authentication/oauth/authorize,https://account.petmate.com/authentication/oauth/token,,False,"openid,email,customer-account-api:full,customer-account-mcp-api:full",https://shopify.com/authentication/81716871489,https://petmate.com/.well-known/oauth-protected-resource,,dns_apex_spray,shopify_storefront
panaprium.com,https://panaprium.com/api/mcp,A_verified_mcp,oauth,True,200,storefront-renderer,0.1.0,2025-06-18,"logging,prompts,resources,tools",https://shopify.com/authentication/604209215/oauth/authorize,https://shopify.com/authentication/604209215/oauth/token,,False,"openid,email,customer-account-api:full,customer-account-mcp-api:full",https://shopify.com/authentication/604209215,https://panaprium.com/.well-known/oauth-protected-resource,,dns_apex_spray,shopify_storefront
plantdelights.com,https://plantdelights.com/api/mcp,A_verified_mcp,oauth,True,200,storefront-renderer,0.1.0,2025-06-18,"logging,prompts,resources,tools",https://account.plantdelights.com/authentication/oauth/authorize,https://account.plantdelights.com/authentication/oauth/token,,False,"openid,email,customer-account-api:full,customer-account-mcp-api:full",https://shopify.com/authentication/15278799,https://plantdelights.com/.well-known/oauth-protected-resource,,dns_apex_spray,shopify_storefront
pifyapp.com,https://pifyapp.com/api/mcp,A_verified_mcp,oauth,True,200,storefront-renderer,0.1.0,2025-06-18,"logging,prompts,resources,tools",https://shopify.com/authentication/33429553284/oauth/authorize,https://shopify.com/authentication/33429553284/oauth/token,,False,"openid,email,customer-account-api:full,customer-account-mcp-api:full",https://shopify.com/authentication/33429553284,https://pifyapp.com/.well-known/oauth-protected-resource,,dns_apex_spray,shopify_storefront
peopletree.co.uk,https://peopletree.co.uk/api/mcp,A_verified_mcp,oauth,True,200,storefront-renderer,0.1.0,2025-06-18,"logging,prompts,resources,tools",https://shopify.com/authentication/59399602349/oauth/authorize,https://shopify.com/authentication/59399602349/oauth/token,,False,"openid,email,customer-account-api:full,customer-account-mcp-api:full",https://shopify.com/authentication/59399602349,https://peopletree.co.uk/.well-known/oauth-protected-resource,,dns_apex_spray,shopify_storefront
primalkitchen.com,https://primalkitchen.com/api/mcp,A_verified_mcp,oauth,True,200,storefront-renderer,0.1.0,2025-06-18,"logging,prompts,resources,tools",https://shopify.com/authentication/23646329/oauth/authorize,https://shopify.com/authentication/23646329/oauth/token,,False,"openid,email,customer-account-api:full,customer-account-mcp-api:full",https://shopify.com/authentication/23646329,https://primalkitchen.com/.well-known/oauth-protected-resource,,dns_apex_spray,shopify_storefront
primelights.com,https://primelights.com/api/mcp,A_verified_mcp,oauth,True,200,storefront-renderer,0.1.0,2025-06-18,"logging,prompts,resources,tools",https://account.primelights.com/authentication/oauth/authorize,https://account.primelights.com/authentication/oauth/token,,False,"openid,email,customer-account-api:full,customer-account-mcp-api:full",https://shopify.com/authentication/27777794096,https://primelights.com/.well-known/oauth-protected-resource,,dns_apex_spray,shopify_storefront
peterluger.com,https://peterluger.com/api/mcp,A_verified_mcp,oauth,True,200,storefront-renderer,0.1.0,2025-06-18,"logging,prompts,resources,tools",https://shopify.com/authentication/61714333743/oauth/authorize,https://shopify.com/authentication/61714333743/oauth/token,,False,"openid,email,customer-account-api:full,customer-account-mcp-api:full",https://shopify.com/authentication/61714333743,https://peterluger.com/.well-known/oauth-protected-resource,,dns_apex_spray,shopify_storefront
plowhearth.com,https://plowhearth.com/api/mcp,A_verified_mcp,oauth,True,200,storefront-renderer,0.1.0,2025-06-18,"logging,prompts,resources,tools",https://shopify.com/authentication/87859527978/oauth/authorize,https://shopify.com/authentication/87859527978/oauth/token,,False,"openid,email,customer-account-api:full,customer-account-mcp-api:full",https://shopify.com/authentication/87859527978,https://plowhearth.com/.well-known/oauth-protected-resource,,dns_apex_spray,shopify_storefront
pollosecurity.com,https://pollosecurity.com/api/mcp,A_verified_mcp,oauth,True,200,storefront-renderer,0.1.0,2025-06-18,"logging,prompts,resources,tools",https://shopify.com/authentication/70800081194/oauth/authorize,https://shopify.com/authentication/70800081194/oauth/token,,False,"openid,email,customer-account-api:full,customer-account-mcp-api:full",https://shopify.com/authentication/70800081194,https://pollosecurity.com/.well-known/oauth-protected-resource,,dns_apex_spray,shopify_storefront
pollo.net.au,https://pollo.net.au/api/mcp,A_verified_mcp,oauth,True,200,storefront-renderer,0.1.0,2025-06-18,"logging,prompts,resources,tools",https://shopify.com/authentication/70800081194/oauth/authorize,https://shopify.com/authentication/70800081194/oauth/token,,False,"openid,email,customer-account-api:full,customer-account-mcp-api:full",https://shopify.com/authentication/70800081194,https://pollo.net.au/.well-known/oauth-protected-resource,,dns_apex_spray,shopify_storefront
psaudio.com,https://psaudio.com/api/mcp,A_verified_mcp,oauth,True,200,storefront-renderer,0.1.0,2025-06-18,"logging,prompts,resources,tools",https://account.psaudio.com/authentication/oauth/authorize,https://account.psaudio.com/authentication/oauth/token,,False,"openid,email,customer-account-api:full,customer-account-mcp-api:full",https://shopify.com/authentication/67222831394,https://psaudio.com/.well-known/oauth-protected-resource,,dns_apex_spray,shopify_storefront
polyvinylrecords.com,https://polyvinylrecords.com/api/mcp,A_verified_mcp,oauth,True,200,storefront-renderer,0.1.0,2025-06-18,"logging,prompts,resources,tools",https://account.polyvinylrecords.com/authentication/oauth/authorize,https://account.polyvinylrecords.com/authentication/oauth/token,,False,"openid,email,customer-account-api:full,customer-account-mcp-api:full",https://shopify.com/authentication/88176558387,https://polyvinylrecords.com/.well-known/oauth-protected-resource,,dns_apex_spray,shopify_storefront
plantoys.com,https://plantoys.com/api/mcp,A_verified_mcp,oauth,True,200,storefront-renderer,0.1.0,2025-06-18,"logging,prompts,resources,tools",https://shopify.com/authentication/60896182503/oauth/authorize,https://shopify.com/authentication/60896182503/oauth/token,,False,"openid,email,customer-account-api:full,customer-account-mcp-api:full",https://shopify.com/authentication/60896182503,https://plantoys.com/.well-known/oauth-protected-resource,,dns_apex_spray,shopify_storefront
philosophy.com,https://philosophy.com/api/mcp,A_verified_mcp,oauth,True,200,storefront-renderer,0.1.0,2025-06-18,"logging,prompts,resources,tools",https://shopify.com/authentication/66453930238/oauth/authorize,https://shopify.com/authentication/66453930238/oauth/token,,False,"openid,email,customer-account-api:full,customer-account-mcp-api:full",https://shopify.com/authentication/66453930238,https://philosophy.com/.well-known/oauth-protected-resource,,dns_apex_spray,shopify_storefront
publicgoods.com,https://publicgoods.com/api/mcp,A_verified_mcp,oauth,True,200,storefront-renderer,0.1.0,2025-06-18,"logging,prompts,resources,tools",https://account.publicgoods.com/authentication/oauth/authorize,https://account.publicgoods.com/authentication/oauth/token,,False,"openid,email,customer-account-api:full,customer-account-mcp-api:full",https://shopify.com/authentication/8387991,https://publicgoods.com/.well-known/oauth-protected-resource,,dns_apex_spray,shopify_storefront
playingcarddecks.com,https://playingcarddecks.com/api/mcp,A_verified_mcp,oauth,True,200,storefront-renderer,0.1.0,2025-06-18,"logging,prompts,resources,tools",https://shopify.com/authentication/17884029/oauth/authorize,https://shopify.com/authentication/17884029/oauth/token,,False,"openid,email,customer-account-api:full,customer-account-mcp-api:full",https://shopify.com/authentication/17884029,https://playingcarddecks.com/.well-known/oauth-protected-resource,,dns_apex_spray,shopify_storefront
puffy.com,https://puffy.com/api/mcp,A_verified_mcp,oauth,True,200,storefront-renderer,0.1.0,2025-06-18,"logging,prompts,resources,tools",https://account.puffy.com/authentication/oauth/authorize,https://account.puffy.com/authentication/oauth/token,,False,"openid,email,customer-account-api:full,customer-account-mcp-api:full",https://shopify.com/authentication/17400017,https://puffy.com/.well-known/oauth-protected-resource,,dns_apex_spray,shopify_storefront
placeboworld.co.uk,https://placeboworld.co.uk/api/mcp,A_verified_mcp,oauth,True,200,storefront-renderer,0.1.0,2025-06-18,"logging,prompts,resources,tools",https://shopify.com/authentication/76190056633/oauth/authorize,https://shopify.com/authentication/76190056633/oauth/token,,False,"openid,email,customer-account-api:full,customer-account-mcp-api:full",https://shopify.com/authentication/76190056633,https://placeboworld.co.uk/.well-known/oauth-protected-resource,,dns_apex_spray,shopify_storefront
planetorganic.com,https://planetorganic.com/api/mcp,A_verified_mcp,oauth,True,200,storefront-renderer,0.1.0,2025-06-18,"logging,prompts,resources,tools",https://shopify.com/authentication/44774719645/oauth/authorize,https://shopify.com/authentication/44774719645/oauth/token,,False,"openid,email,customer-account-api:full,customer-account-mcp-api:full",https://shopify.com/authentication/44774719645,https://planetorganic.com/.well-known/oauth-protected-resource,,dns_apex_spray,shopify_storefront
radpowerbikes.com,https://radpowerbikes.com/api/mcp,A_verified_mcp,oauth,True,200,storefront-renderer,0.1.0,2025-06-18,"logging,prompts,resources,tools",https://account.radpowerbikes.com/authentication/oauth/authorize,https://account.radpowerbikes.com/authentication/oauth/token,,False,"openid,email,customer-account-api:full,customer-account-mcp-api:full",https://shopify.com/authentication/7999645,https://radpowerbikes.com/.well-known/oauth-protected-resource,,dns_apex_spray,shopify_storefront
proenzaschouler.com,https://proenzaschouler.com/api/mcp,A_verified_mcp,oauth,True,200,storefront-renderer,0.1.0,2025-06-18,"logging,prompts,resources,tools",https://shopify.com/authentication/2716991534/oauth/authorize,https://shopify.com/authentication/2716991534/oauth/token,,False,"openid,email,customer-account-api:full,customer-account-mcp-api:full",https://shopify.com/authentication/2716991534,https://proenzaschouler.com/.well-known/oauth-protected-resource,,dns_apex_spray,shopify_storefront
purefishing.com,https://purefishing.com/api/mcp,A_verified_mcp,oauth,True,200,storefront-renderer,0.1.0,2025-06-18,"logging,prompts,resources,tools",https://account.purefishing.com/authentication/oauth/authorize,https://account.purefishing.com/authentication/oauth/token,,False,"openid,email,customer-account-api:full,customer-account-mcp-api:full",https://shopify.com/authentication/32109133957,https://purefishing.com/.well-known/oauth-protected-resource,,dns_apex_spray,shopify_storefront
prohealth.com,https://prohealth.com/api/mcp,A_verified_mcp,oauth,True,200,storefront-renderer,0.1.0,2025-06-18,"logging,prompts,resources,tools",https://account.prohealth.com/authentication/oauth/authorize,https://account.prohealth.com/authentication/oauth/token,,False,"openid,email,customer-account-api:full,customer-account-mcp-api:full",https://shopify.com/authentication/20630765668,https://prohealth.com/.well-known/oauth-protected-resource,,dns_apex_spray,shopify_storefront
rauantiques.com,https://rauantiques.com/api/mcp,A_verified_mcp,oauth,True,200,storefront-renderer,0.1.0,2025-06-18,"logging,prompts,resources,tools",https://shopify.com/authentication/8324710466/oauth/authorize,https://shopify.com/authentication/8324710466/oauth/token,,False,"openid,email,customer-account-api:full,customer-account-mcp-api:full",https://shopify.com/authentication/8324710466,https://rauantiques.com/.well-known/oauth-protected-resource,,dns_apex_spray,shopify_storefront
probonoaustralia.com.au,https://probonoaustralia.com.au/api/mcp,A_verified_mcp,oauth,True,200,storefront-renderer,0.1.0,2025-06-18,"logging,prompts,resources,tools",https://shopify.com/authentication/78063796443/oauth/authorize,https://shopify.com/authentication/78063796443/oauth/token,,False,"openid,email,customer-account-api:full,customer-account-mcp-api:full",https://shopify.com/authentication/78063796443,https://probonoaustralia.com.au/.well-known/oauth-protected-resource,,dns_apex_spray,shopify_storefront
reef.eu,https://reef.eu/api/mcp,A_verified_mcp,oauth,True,200,storefront-renderer,0.1.0,2025-06-18,"logging,prompts,resources,tools",https://account.reef.eu/authentication/oauth/authorize,https://account.reef.eu/authentication/oauth/token,,False,"openid,email,customer-account-api:full,customer-account-mcp-api:full",https://shopify.com/authentication/68174381234,https://reef.eu/.well-known/oauth-protected-resource,,dns_apex_spray,shopify_storefront
quicksilverscientific.com,https://quicksilverscientific.com/api/mcp,A_verified_mcp,oauth,True,200,storefront-renderer,0.1.0,2025-06-18,"logging,prompts,resources,tools",https://account.quicksilverscientific.com/authentication/oauth/authorize,https://account.quicksilverscientific.com/authentication/oauth/token,,False,"openid,email,customer-account-api:full,customer-account-mcp-api:full",https://shopify.com/authentication/67091726591,https://quicksilverscientific.com/.well-known/oauth-protected-resource,,dns_apex_spray,shopify_storefront
questnutrition.com,https://questnutrition.com/api/mcp,A_verified_mcp,oauth,True,200,storefront-renderer,0.1.0,2025-06-18,"logging,prompts,resources,tools",https://shopify.com/authentication/14638084/oauth/authorize,https://shopify.com/authentication/14638084/oauth/token,,False,"openid,email,customer-account-api:full,customer-account-mcp-api:full",https://shopify.com/authentication/14638084,https://questnutrition.com/.well-known/oauth-protected-resource,,dns_apex_spray,shopify_storefront
radioflyer.com,https://radioflyer.com/api/mcp,A_verified_mcp,oauth,True,200,storefront-renderer,0.1.0,2025-06-18,"logging,prompts,resources,tools",https://account.radioflyer.com/authentication/oauth/authorize,https://account.radioflyer.com/authentication/oauth/token,,False,"openid,email,customer-account-api:full,customer-account-mcp-api:full",https://shopify.com/authentication/78040924433,https://radioflyer.com/.well-known/oauth-protected-resource,,dns_apex_spray,shopify_storefront
riyogems.com,https://riyogems.com/api/mcp,A_verified_mcp,oauth,True,200,storefront-renderer,0.1.0,2025-06-18,"logging,prompts,resources,tools",https://shopify.com/authentication/6371278895/oauth/authorize,https://shopify.com/authentication/6371278895/oauth/token,,False,"openid,email,customer-account-api:full,customer-account-mcp-api:full",https://shopify.com/authentication/6371278895,https://riyogems.com/.well-known/oauth-protected-resource,,dns_apex_spray,shopify_storefront
rmsbeauty.com,https://rmsbeauty.com/api/mcp,A_verified_mcp,oauth,True,200,storefront-renderer,0.1.0,2025-06-18,"logging,prompts,resources,tools",https://account.rmsbeauty.com/authentication/oauth/authorize,https://account.rmsbeauty.com/authentication/oauth/token,,False,"openid,email,customer-account-api:full,customer-account-mcp-api:full",https://shopify.com/authentication/6426399,https://rmsbeauty.com/.well-known/oauth-protected-resource,,dns_apex_spray,shopify_storefront
randolphusa.com,https://randolphusa.com/api/mcp,A_verified_mcp,oauth,True,200,storefront-renderer,0.1.0,2025-06-18,"logging,prompts,resources,tools",https://shopify.com/authentication/30452646028/oauth/authorize,https://shopify.com/authentication/30452646028/oauth/token,,False,"openid,email,customer-account-api:full,customer-account-mcp-api:full",https://shopify.com/authentication/30452646028,https://randolphusa.com/.well-known/oauth-protected-resource,,dns_apex_spray,shopify_storefront
schwinnbikes.com,https://schwinnbikes.com/api/mcp,A_verified_mcp,oauth,True,200,storefront-renderer,0.1.0,2025-06-18,"logging,prompts,resources,tools",https://account.schwinnbikes.com/authentication/oauth/authorize,https://account.schwinnbikes.com/authentication/oauth/token,,False,"openid,email,customer-account-api:full,customer-account-mcp-api:full",https://shopify.com/authentication/27524268118,https://schwinnbikes.com/.well-known/oauth-protected-resource,,dns_apex_spray,shopify_storefront
roadid.com,https://roadid.com/api/mcp,A_verified_mcp,oauth,True,200,storefront-renderer,0.1.0,2025-06-18,"logging,prompts,resources,tools",https://account.roadid.com/authentication/oauth/authorize,https://account.roadid.com/authentication/oauth/token,,False,"openid,email,customer-account-api:full,customer-account-mcp-api:full",https://shopify.com/authentication/20179999,https://roadid.com/.well-known/oauth-protected-resource,,dns_apex_spray,shopify_storefront
salsacycles.com,https://salsacycles.com/api/mcp,A_verified_mcp,oauth,True,200,storefront-renderer,0.1.0,2025-06-18,"logging,prompts,resources,tools",https://account.salsacycles.com/authentication/oauth/authorize,https://account.salsacycles.com/authentication/oauth/token,,False,"openid,email,customer-account-api:full,customer-account-mcp-api:full",https://shopify.com/authentication/91249738003,https://salsacycles.com/.well-known/oauth-protected-resource,,dns_apex_spray,shopify_storefront
punkt.ch,https://punkt.ch/api/mcp,A_verified_mcp,oauth,True,200,storefront-renderer,0.1.0,2025-06-18,"logging,prompts,resources,tools",https://shopify.com/authentication/90631471490/oauth/authorize,https://shopify.com/authentication/90631471490/oauth/token,,False,"openid,email,customer-account-api:full,customer-account-mcp-api:full",https://shopify.com/authentication/90631471490,https://punkt.ch/.well-known/oauth-protected-resource,,dns_apex_spray,shopify_storefront
robertmondaviwinery.com,https://robertmondaviwinery.com/api/mcp,A_verified_mcp,oauth,True,200,storefront-renderer,0.1.0,2025-06-18,"logging,prompts,resources,tools",https://account.robertmondaviwinery.com/authentication/oauth/authorize,https://account.robertmondaviwinery.com/authentication/oauth/token,,False,"openid,email,customer-account-api:full,customer-account-mcp-api:full",https://shopify.com/authentication/54026862769,https://robertmondaviwinery.com/.well-known/oauth-protected-resource,,dns_apex_spray,shopify_storefront
rounder.com,https://rounder.com/api/mcp,A_verified_mcp,oauth,True,200,storefront-renderer,0.1.0,2025-06-18,"logging,prompts,resources,tools",https://account.rounder.com/authentication/oauth/authorize,https://account.rounder.com/authentication/oauth/token,,False,"openid,email,customer-account-api:full,customer-account-mcp-api:full",https://shopify.com/authentication/49317675161,https://rounder.com/.well-known/oauth-protected-resource,,dns_apex_spray,shopify_storefront
ryderwear.com,https://ryderwear.com/api/mcp,A_verified_mcp,oauth,True,200,storefront-renderer,0.1.0,2025-06-18,"logging,prompts,resources,tools",https://account.ryderwear.com/authentication/oauth/authorize,https://account.ryderwear.com/authentication/oauth/token,,False,"openid,email,customer-account-api:full,customer-account-mcp-api:full",https://shopify.com/authentication/26782686,https://ryderwear.com/.well-known/oauth-protected-resource,,dns_apex_spray,shopify_storefront
rollei.de,https://rollei.de/api/mcp,A_verified_mcp,oauth,True,200,storefront-renderer,0.1.0,2025-06-18,"logging,prompts,resources,tools",https://shopify.com/authentication/27391131725/oauth/authorize,https://shopify.com/authentication/27391131725/oauth/token,,False,"openid,email,customer-account-api:full,customer-account-mcp-api:full",https://shopify.com/authentication/27391131725,https://rollei.de/.well-known/oauth-protected-resource,,dns_apex_spray,shopify_storefront
sacredbonesrecords.com,https://sacredbonesrecords.com/api/mcp,A_verified_mcp,oauth,True,200,storefront-renderer,0.1.0,2025-06-18,"logging,prompts,resources,tools",https://shopify.com/authentication/2631575/oauth/authorize,https://shopify.com/authentication/2631575/oauth/token,,False,"openid,email,customer-account-api:full,customer-account-mcp-api:full",https://shopify.com/authentication/2631575,https://sacredbonesrecords.com/.well-known/oauth-protected-resource,,dns_apex_spray,shopify_storefront
sabrent.com,https://sabrent.com/api/mcp,A_verified_mcp,oauth,True,200,storefront-renderer,0.1.0,2025-06-18,"logging,prompts,resources,tools",https://shopify.com/authentication/60424618241/oauth/authorize,https://shopify.com/authentication/60424618241/oauth/token,,False,"openid,email,customer-account-api:full,customer-account-mcp-api:full",https://shopify.com/authentication/60424618241,https://sabrent.com/.well-known/oauth-protected-resource,,dns_apex_spray,shopify_storefront
sasa.com,https://sasa.com/api/mcp,A_verified_mcp,oauth,True,200,storefront-renderer,0.1.0,2025-06-18,"logging,prompts,resources,tools",https://shopify.com/authentication/62457938143/oauth/authorize,https://shopify.com/authentication/62457938143/oauth/token,,False,"openid,email,customer-account-api:full,customer-account-mcp-api:full",https://shopify.com/authentication/62457938143,https://sasa.com/.well-known/oauth-protected-resource,,dns_apex_spray,shopify_storefront
reneerouleau.com,https://reneerouleau.com/api/mcp,A_verified_mcp,oauth,True,200,storefront-renderer,0.1.0,2025-06-18,"logging,prompts,resources,tools",https://shopify.com/authentication/15944825/oauth/authorize,https://shopify.com/authentication/15944825/oauth/token,,False,"openid,email,customer-account-api:full,customer-account-mcp-api:full",https://shopify.com/authentication/15944825,https://reneerouleau.com/.well-known/oauth-protected-resource,,dns_apex_spray,shopify_storefront
schifferbooks.com,https://schifferbooks.com/api/mcp,A_verified_mcp,oauth,True,200,storefront-renderer,0.1.0,2025-06-18,"logging,prompts,resources,tools",https://shopify.com/authentication/57772245178/oauth/authorize,https://shopify.com/authentication/57772245178/oauth/token,,False,"openid,email,customer-account-api:full,customer-account-mcp-api:full",https://shopify.com/authentication/57772245178,https://schifferbooks.com/.well-known/oauth-protected-resource,,dns_apex_spray,shopify_storefront
scriptengine.net,https://scriptengine.net/api/mcp,A_verified_mcp,oauth,True,200,storefront-renderer,0.1.0,2025-06-18,"logging,prompts,resources,tools",https://shopify.com/authentication/91520991542/oauth/authorize,https://shopify.com/authentication/91520991542/oauth/token,,False,"openid,email,customer-account-api:full,customer-account-mcp-api:full",https://shopify.com/authentication/91520991542,https://scriptengine.net/.well-known/oauth-protected-resource,,dns_apex_spray,shopify_storefront
revolutionwp.com,https://revolutionwp.com/api/mcp,A_verified_mcp,oauth,True,200,storefront-renderer,0.1.0,2025-06-18,"logging,prompts,resources,tools",https://shopify.com/authentication/73329508601/oauth/authorize,https://shopify.com/authentication/73329508601/oauth/token,,False,"openid,email,customer-account-api:full,customer-account-mcp-api:full",https://shopify.com/authentication/73329508601,https://revolutionwp.com/.well-known/oauth-protected-resource,,dns_apex_spray,shopify_storefront
scottevest.com,https://scottevest.com/api/mcp,A_verified_mcp,oauth,True,200,storefront-renderer,0.1.0,2025-06-18,"logging,prompts,resources,tools",https://account.scottevest.com/authentication/oauth/authorize,https://account.scottevest.com/authentication/oauth/token,,False,"openid,email,customer-account-api:full,customer-account-mcp-api:full",https://shopify.com/authentication/60480618711,https://scottevest.com/.well-known/oauth-protected-resource,,dns_apex_spray,shopify_storefront
sainsmart.com,https://sainsmart.com/api/mcp,A_verified_mcp,oauth,True,200,storefront-renderer,0.1.0,2025-06-18,"logging,prompts,resources,tools",https://account.sainsmart.com/authentication/oauth/authorize,https://account.sainsmart.com/authentication/oauth/token,,False,"openid,email,customer-account-api:full,customer-account-mcp-api:full",https://shopify.com/authentication/19789859,https://sainsmart.com/.well-known/oauth-protected-resource,,dns_apex_spray,shopify_storefront
save-on-crafts.com,https://save-on-crafts.com/api/mcp,A_verified_mcp,oauth,True,200,storefront-renderer,0.1.0,2025-06-18,"logging,prompts,resources,tools",https://shopify.com/authentication/71577927737/oauth/authorize,https://shopify.com/authentication/71577927737/oauth/token,,False,"openid,email,customer-account-api:full,customer-account-mcp-api:full",https://shopify.com/authentication/71577927737,https://save-on-crafts.com/.well-known/oauth-protected-resource,,dns_apex_spray,shopify_storefront
rickowens.eu,https://rickowens.eu/api/mcp,A_verified_mcp,oauth,True,200,storefront-renderer,0.1.0,2025-06-18,"logging,prompts,resources,tools",https://shopify.com/authentication/65592787001/oauth/authorize,https://shopify.com/authentication/65592787001/oauth/token,,False,"openid,email,customer-account-api:full,customer-account-mcp-api:full",https://shopify.com/authentication/65592787001,https://rickowens.eu/.well-known/oauth-protected-resource,,dns_apex_spray,shopify_storefront
scotchandsoda.com,https://scotchandsoda.com/api/mcp,A_verified_mcp,oauth,True,200,storefront-renderer,0.1.0,2025-06-18,"logging,prompts,resources,tools",https://shopify.com/authentication/75289297183/oauth/authorize,https://shopify.com/authentication/75289297183/oauth/token,,False,"openid,email,customer-account-api:full,customer-account-mcp-api:full",https://shopify.com/authentication/75289297183,https://scotchandsoda.com/.well-known/oauth-protected-resource,,dns_apex_spray,shopify_storefront
serta.com,https://serta.com/api/mcp,A_verified_mcp,oauth,True,200,storefront-renderer,0.1.0,2025-06-18,"logging,prompts,resources,tools",https://shopify.com/authentication/64412942545/oauth/authorize,https://shopify.com/authentication/64412942545/oauth/token,,False,"openid,email,customer-account-api:full,customer-account-mcp-api:full",https://shopify.com/authentication/64412942545,https://serta.com/.well-known/oauth-protected-resource,,dns_apex_spray,shopify_storefront
sigmabeauty.com,https://sigmabeauty.com/api/mcp,A_verified_mcp,oauth,True,200,storefront-renderer,0.1.0,2025-06-18,"logging,prompts,resources,tools",https://account.sigmabeauty.com/authentication/oauth/authorize,https://account.sigmabeauty.com/authentication/oauth/token,,False,"openid,email,customer-account-api:full,customer-account-mcp-api:full",https://shopify.com/authentication/57132253337,https://sigmabeauty.com/.well-known/oauth-protected-resource,,dns_apex_spray,shopify_storefront
schiaparelli.com,https://schiaparelli.com/api/mcp,A_verified_mcp,oauth,True,200,storefront-renderer,0.1.0,2025-06-18,"logging,prompts,resources,tools",https://shopify.com/authentication/95418450265/oauth/authorize,https://shopify.com/authentication/95418450265/oauth/token,,False,"openid,email,customer-account-api:full,customer-account-mcp-api:full",https://shopify.com/authentication/95418450265,https://schiaparelli.com/.well-known/oauth-protected-resource,,dns_apex_spray,shopify_storefront
shop.spacex.com,https://shop.spacex.com/api/mcp,A_verified_mcp,oauth,True,200,storefront-renderer,0.1.0,2025-06-18,"logging,prompts,resources,tools",https://shopify.com/authentication/26126155855/oauth/authorize,https://shopify.com/authentication/26126155855/oauth/token,,False,"openid,email,customer-account-api:full,customer-account-mcp-api:full",https://shopify.com/authentication/26126155855,https://shop.spacex.com/.well-known/oauth-protected-resource,,dns_apex_spray,shopify_storefront
senecasense.com,https://senecasense.com/api/mcp,A_verified_mcp,oauth,True,200,storefront-renderer,0.1.0,2025-06-18,"logging,prompts,resources,tools",https://shopify.com/authentication/98087043204/oauth/authorize,https://shopify.com/authentication/98087043204/oauth/token,,False,"openid,email,customer-account-api:full,customer-account-mcp-api:full",https://shopify.com/authentication/98087043204,https://senecasense.com/.well-known/oauth-protected-resource,,dns_apex_spray,shopify_storefront
sfbags.com,https://sfbags.com/api/mcp,A_verified_mcp,oauth,True,200,storefront-renderer,0.1.0,2025-06-18,"logging,prompts,resources,tools",https://shopify.com/authentication/2812796/oauth/authorize,https://shopify.com/authentication/2812796/oauth/token,,False,"openid,email,customer-account-api:full,customer-account-mcp-api:full",https://shopify.com/authentication/2812796,https://sfbags.com/.well-known/oauth-protected-resource,,dns_apex_spray,shopify_storefront
skinkraft.com,https://skinkraft.com/api/mcp,A_verified_mcp,oauth,True,200,storefront-renderer,0.1.0,2025-06-18,"logging,prompts,resources,tools",https://shopify.com/authentication/20282057/oauth/authorize,https://shopify.com/authentication/20282057/oauth/token,,False,"openid,email,customer-account-api:full,customer-account-mcp-api:full",https://shopify.com/authentication/20282057,https://skinkraft.com/.well-known/oauth-protected-resource,,dns_apex_spray,shopify_storefront
seijoishii.com,https://seijoishii.com/api/mcp,A_verified_mcp,oauth,True,200,storefront-renderer,0.1.0,2025-06-18,"logging,prompts,resources,tools",https://shopify.com/authentication/86192619803/oauth/authorize,https://shopify.com/authentication/86192619803/oauth/token,,False,"openid,email,customer-account-api:full,customer-account-mcp-api:full",https://shopify.com/authentication/86192619803,https://seijoishii.com/.well-known/oauth-protected-resource,,dns_apex_spray,shopify_storefront
setforset.com,https://setforset.com/api/mcp,A_verified_mcp,oauth,True,200,storefront-renderer,0.1.0,2025-06-18,"logging,prompts,resources,tools",https://shopify.com/authentication/16337705/oauth/authorize,https://shopify.com/authentication/16337705/oauth/token,,False,"openid,email,customer-account-api:full,customer-account-mcp-api:full",https://shopify.com/authentication/16337705,https://setforset.com/.well-known/oauth-protected-resource,,dns_apex_spray,shopify_storefront
shoptiques.com,https://shoptiques.com/api/mcp,A_verified_mcp,oauth,True,200,storefront-renderer,0.1.0,2025-06-18,"logging,prompts,resources,tools",https://account.shoptiques.com/authentication/oauth/authorize,https://account.shoptiques.com/authentication/oauth/token,,False,"openid,email,customer-account-api:full,customer-account-mcp-api:full",https://shopify.com/authentication/70666223927,https://shoptiques.com/.well-known/oauth-protected-resource,,dns_apex_spray,shopify_storefront
seletti.it,https://seletti.it/api/mcp,A_verified_mcp,oauth,True,200,storefront-renderer,0.1.0,2025-06-18,"logging,prompts,resources,tools",https://shopify.com/authentication/79959327067/oauth/authorize,https://shopify.com/authentication/79959327067/oauth/token,,False,"openid,email,customer-account-api:full,customer-account-mcp-api:full",https://shopify.com/authentication/79959327067,https://seletti.it/.well-known/oauth-protected-resource,,dns_apex_spray,shopify_storefront
sealandgov.org,https://sealandgov.org/api/mcp,A_verified_mcp,oauth,True,200,storefront-renderer,0.1.0,2025-06-18,"logging,prompts,resources,tools",https://account.sealandgov.org/authentication/oauth/authorize,https://account.sealandgov.org/authentication/oauth/token,,False,"openid,email,customer-account-api:full,customer-account-mcp-api:full",https://shopify.com/authentication/72644722985,https://sealandgov.org/.well-known/oauth-protected-resource,,dns_apex_spray,shopify_storefront
royaltalens.com,https://royaltalens.com/api/mcp,A_verified_mcp,oauth,True,200,storefront-renderer,0.1.0,2025-06-18,"logging,prompts,resources,tools",https://shopify.com/authentication/68110549240/oauth/authorize,https://shopify.com/authentication/68110549240/oauth/token,,False,"openid,email,customer-account-api:full,customer-account-mcp-api:full",https://shopify.com/authentication/68110549240,https://royaltalens.com/.well-known/oauth-protected-resource,,dns_apex_spray,shopify_storefront
simmsfishing.com,https://simmsfishing.com/api/mcp,A_verified_mcp,oauth,True,200,storefront-renderer,0.1.0,2025-06-18,"logging,prompts,resources,tools",https://shopify.com/authentication/58095960254/oauth/authorize,https://shopify.com/authentication/58095960254/oauth/token,,False,"openid,email,customer-account-api:full,customer-account-mcp-api:full",https://shopify.com/authentication/58095960254,https://simmsfishing.com/.well-known/oauth-protected-resource,,dns_apex_spray,shopify_storefront
seothemesexpert.com,https://seothemesexpert.com/api/mcp,A_verified_mcp,oauth,True,200,storefront-renderer,0.1.0,2025-06-18,"logging,prompts,resources,tools",https://shopify.com/authentication/71066648798/oauth/authorize,https://shopify.com/authentication/71066648798/oauth/token,,False,"openid,email,customer-account-api:full,customer-account-mcp-api:full",https://shopify.com/authentication/71066648798,https://seothemesexpert.com/.well-known/oauth-protected-resource,,dns_apex_spray,shopify_storefront
simbasleep.com,https://simbasleep.com/api/mcp,A_verified_mcp,oauth,True,200,storefront-renderer,0.1.0,2025-06-18,"logging,prompts,resources,tools",https://account.simbasleep.com/authentication/oauth/authorize,https://account.simbasleep.com/authentication/oauth/token,,False,"openid,email,customer-account-api:full,customer-account-mcp-api:full",https://shopify.com/authentication/10594836,https://simbasleep.com/.well-known/oauth-protected-resource,,dns_apex_spray,shopify_storefront
sk-ii.com,https://sk-ii.com/api/mcp,A_verified_mcp,oauth,True,200,storefront-renderer,0.1.0,2025-06-18,"logging,prompts,resources,tools",https://shopify.com/authentication/76985008313/oauth/authorize,https://shopify.com/authentication/76985008313/oauth/token,,False,"openid,email,customer-account-api:full,customer-account-mcp-api:full",https://shopify.com/authentication/76985008313,https://sk-ii.com/.well-known/oauth-protected-resource,,dns_apex_spray,shopify_storefront
simhq.com,https://simhq.com/api/mcp,A_verified_mcp,oauth,True,200,storefront-renderer,0.1.0,2025-06-18,"logging,prompts,resources,tools",https://shopify.com/authentication/65100808369/oauth/authorize,https://shopify.com/authentication/65100808369/oauth/token,,False,"openid,email,customer-account-api:full,customer-account-mcp-api:full",https://shopify.com/authentication/65100808369,https://simhq.com/.well-known/oauth-protected-resource,,dns_apex_spray,shopify_storefront
shrinesolutions.com,https://shrinesolutions.com/api/mcp,A_verified_mcp,oauth,True,200,storefront-renderer,0.1.0,2025-06-18,"logging,prompts,resources,tools",https://account.shrinesolutions.com/authentication/oauth/authorize,https://account.shrinesolutions.com/authentication/oauth/token,,False,"openid,email,customer-account-api:full,customer-account-mcp-api:full",https://shopify.com/authentication/72674705737,https://shrinesolutions.com/.well-known/oauth-protected-resource,,dns_apex_spray,shopify_storefront
skymall.com,https://skymall.com/api/mcp,A_verified_mcp,oauth,True,200,storefront-renderer,0.1.0,2025-06-18,"logging,prompts,resources,tools",https://shopify.com/authentication/16868101/oauth/authorize,https://shopify.com/authentication/16868101/oauth/token,,False,"openid,email,customer-account-api:full,customer-account-mcp-api:full",https://shopify.com/authentication/16868101,https://skymall.com/.well-known/oauth-protected-resource,,dns_apex_spray,shopify_storefront
skims.com,https://skims.com/api/mcp,A_verified_mcp,none_public,False,200,storefront-renderer,0.1.0,2025-06-18,"logging,prompts,resources,tools",,,,False,,,,,dns_apex_spray,shopify_storefront
speckproducts.com,https://speckproducts.com/api/mcp,A_verified_mcp,oauth,True,200,storefront-renderer,0.1.0,2025-06-18,"logging,prompts,resources,tools",https://account.speckproducts.com/authentication/oauth/authorize,https://account.speckproducts.com/authentication/oauth/token,,False,"openid,email,customer-account-api:full,customer-account-mcp-api:full",https://shopify.com/authentication/32542523523,https://speckproducts.com/.well-known/oauth-protected-resource,,dns_apex_spray,shopify_storefront
shophq.com,https://shophq.com/api/mcp,A_verified_mcp,oauth,True,200,storefront-renderer,0.1.0,2025-06-18,"logging,prompts,resources,tools",https://shopify.com/authentication/63343296593/oauth/authorize,https://shopify.com/authentication/63343296593/oauth/token,,False,"openid,email,customer-account-api:full,customer-account-mcp-api:full",https://shopify.com/authentication/63343296593,https://shophq.com/.well-known/oauth-protected-resource,,dns_apex_spray,shopify_storefront
sokoglam.com,https://sokoglam.com/api/mcp,A_verified_mcp,oauth,True,200,storefront-renderer,0.1.0,2025-06-18,"logging,prompts,resources,tools",https://account.sokoglam.com/authentication/oauth/authorize,https://account.sokoglam.com/authentication/oauth/token,,False,"openid,email,customer-account-api:full,customer-account-mcp-api:full",https://shopify.com/authentication/2491218,https://sokoglam.com/.well-known/oauth-protected-resource,,dns_apex_spray,shopify_storefront
starlabs.systems,https://starlabs.systems/api/mcp,A_verified_mcp,oauth,True,200,storefront-renderer,0.1.0,2025-06-18,"logging,prompts,resources,tools",https://account.starlabs.systems/authentication/oauth/authorize,https://account.starlabs.systems/authentication/oauth/token,,False,"openid,email,customer-account-api:full,customer-account-mcp-api:full",https://shopify.com/authentication/20595897,https://starlabs.systems/.well-known/oauth-protected-resource,,dns_apex_spray,shopify_storefront
shopcircle.co,https://shopcircle.co/api/mcp,A_verified_mcp,oauth,True,200,storefront-renderer,0.1.0,2025-06-18,"logging,prompts,resources,tools",https://shopify.com/authentication/63536791706/oauth/authorize,https://shopify.com/authentication/63536791706/oauth/token,,False,"openid,email,customer-account-api:full,customer-account-mcp-api:full",https://shopify.com/authentication/63536791706,https://shopcircle.co/.well-known/oauth-protected-resource,,dns_apex_spray,shopify_storefront
standishgroup.com,https://standishgroup.com/api/mcp,A_verified_mcp,oauth,True,200,storefront-renderer,0.1.0,2025-06-18,"logging,prompts,resources,tools",https://shopify.com/authentication/32000540803/oauth/authorize,https://shopify.com/authentication/32000540803/oauth/token,,False,"openid,email,customer-account-api:full,customer-account-mcp-api:full",https://shopify.com/authentication/32000540803,https://standishgroup.com/.well-known/oauth-protected-resource,,dns_apex_spray,shopify_storefront
sonance.com,https://sonance.com/api/mcp,A_verified_mcp,oauth,True,200,storefront-renderer,0.1.0,2025-06-18,"logging,prompts,resources,tools",https://shopify.com/authentication/79604089136/oauth/authorize,https://shopify.com/authentication/79604089136/oauth/token,,False,"openid,email,customer-account-api:full,customer-account-mcp-api:full",https://shopify.com/authentication/79604089136,https://sonance.com/.well-known/oauth-protected-resource,,dns_apex_spray,shopify_storefront
smnovella.com,https://smnovella.com/api/mcp,A_verified_mcp,oauth,True,200,storefront-renderer,0.1.0,2025-06-18,"logging,prompts,resources,tools",https://shopify.com/authentication/61345202223/oauth/authorize,https://shopify.com/authentication/61345202223/oauth/token,,False,"openid,email,customer-account-api:full,customer-account-mcp-api:full",https://shopify.com/authentication/61345202223,https://smnovella.com/.well-known/oauth-protected-resource,,dns_apex_spray,shopify_storefront
steadyrack.com,https://steadyrack.com/api/mcp,A_verified_mcp,oauth,True,200,storefront-renderer,0.1.0,2025-06-18,"logging,prompts,resources,tools",https://shopify.com/authentication/85522383133/oauth/authorize,https://shopify.com/authentication/85522383133/oauth/token,,False,"openid,email,customer-account-api:full,customer-account-mcp-api:full",https://shopify.com/authentication/85522383133,https://steadyrack.com/.well-known/oauth-protected-resource,,dns_apex_spray,shopify_storefront
st-dupont.com,https://st-dupont.com/api/mcp,A_verified_mcp,oauth,True,200,storefront-renderer,0.1.0,2025-06-18,"logging,prompts,resources,tools",https://shopify.com/authentication/59895414952/oauth/authorize,https://shopify.com/authentication/59895414952/oauth/token,,False,"openid,email,customer-account-api:full,customer-account-mcp-api:full",https://shopify.com/authentication/59895414952,https://st-dupont.com/.well-known/oauth-protected-resource,,dns_apex_spray,shopify_storefront
steelsupplements.com,https://steelsupplements.com/api/mcp,A_verified_mcp,oauth,True,200,storefront-renderer,0.1.0,2025-06-18,"logging,prompts,resources,tools",https://account.steelsupplements.com/authentication/oauth/authorize,https://account.steelsupplements.com/authentication/oauth/token,,False,"openid,email,customer-account-api:full,customer-account-mcp-api:full",https://shopify.com/authentication/18764703,https://steelsupplements.com/.well-known/oauth-protected-resource,,dns_apex_spray,shopify_storefront
sterntaler.com,https://sterntaler.com/api/mcp,A_verified_mcp,oauth,True,200,storefront-renderer,0.1.0,2025-06-18,"logging,prompts,resources,tools",https://account.sterntaler.com/authentication/oauth/authorize,https://account.sterntaler.com/authentication/oauth/token,,False,"openid,email,customer-account-api:full,customer-account-mcp-api:full",https://shopify.com/authentication/28569206887,https://sterntaler.com/.well-known/oauth-protected-resource,,dns_apex_spray,shopify_storefront
stilacosmetics.com,https://stilacosmetics.com/api/mcp,A_verified_mcp,oauth,True,200,storefront-renderer,0.1.0,2025-06-18,"logging,prompts,resources,tools",https://shopify.com/authentication/22207229/oauth/authorize,https://shopify.com/authentication/22207229/oauth/token,,False,"openid,email,customer-account-api:full,customer-account-mcp-api:full",https://shopify.com/authentication/22207229,https://stilacosmetics.com/.well-known/oauth-protected-resource,,dns_apex_spray,shopify_storefront
sivanaspirit.com,https://sivanaspirit.com/api/mcp,A_verified_mcp,oauth,True,200,storefront-renderer,0.1.0,2025-06-18,"logging,prompts,resources,tools",https://shopify.com/authentication/662802/oauth/authorize,https://shopify.com/authentication/662802/oauth/token,,False,"openid,email,customer-account-api:full,customer-account-mcp-api:full",https://shopify.com/authentication/662802,https://sivanaspirit.com/.well-known/oauth-protected-resource,,dns_apex_spray,shopify_storefront
surnamedb.com,https://surnamedb.com/api/mcp,A_verified_mcp,none_public,False,200,storefront-renderer,0.1.0,2025-06-18,"logging,prompts,resources,tools",,,,False,,,,,dns_apex_spray,shopify_storefront
stockroom.com,https://stockroom.com/api/mcp,A_verified_mcp,oauth,True,200,storefront-renderer,0.1.0,2025-06-18,"logging,prompts,resources,tools",https://account.stockroom.com/authentication/oauth/authorize,https://account.stockroom.com/authentication/oauth/token,,False,"openid,email,customer-account-api:full,customer-account-mcp-api:full",https://shopify.com/authentication/50593988759,https://stockroom.com/.well-known/oauth-protected-resource,,dns_apex_spray,shopify_storefront
suomalainen.com,https://suomalainen.com/api/mcp,A_verified_mcp,oauth,True,200,storefront-renderer,0.1.0,2025-06-18,"logging,prompts,resources,tools",https://account.suomalainen.com/authentication/oauth/authorize,https://account.suomalainen.com/authentication/oauth/token,,False,"openid,email,customer-account-api:full,customer-account-mcp-api:full",https://shopify.com/authentication/6103728217,https://suomalainen.com/.well-known/oauth-protected-resource,,dns_apex_spray,shopify_storefront
store.happymammoth.com,https://store.happymammoth.com/api/mcp,A_verified_mcp,oauth,True,200,storefront-renderer,0.1.0,2025-06-18,"logging,prompts,resources,tools",https://my.happymammoth.com/authentication/oauth/authorize,https://my.happymammoth.com/authentication/oauth/token,,False,"openid,email,customer-account-api:full,customer-account-mcp-api:full",https://shopify.com/authentication/24552964170,https://store.happymammoth.com/.well-known/oauth-protected-resource,,dns_apex_spray,shopify_storefront
sundayriley.com,https://sundayriley.com/api/mcp,A_verified_mcp,oauth,True,200,storefront-renderer,0.1.0,2025-06-18,"logging,prompts,resources,tools",https://shopify.com/authentication/16812995/oauth/authorize,https://shopify.com/authentication/16812995/oauth/token,,False,"openid,email,customer-account-api:full,customer-account-mcp-api:full",https://shopify.com/authentication/16812995,https://sundayriley.com/.well-known/oauth-protected-resource,,dns_apex_spray,shopify_storefront
sweetmarias.com,https://sweetmarias.com/api/mcp,A_verified_mcp,oauth,True,200,storefront-renderer,0.1.0,2025-06-18,"logging,prompts,resources,tools",https://account.sweetmarias.com/authentication/oauth/authorize,https://account.sweetmarias.com/authentication/oauth/token,,False,"openid,email,customer-account-api:full,customer-account-mcp-api:full",https://shopify.com/authentication/70315180182,https://sweetmarias.com/.well-known/oauth-protected-resource,,dns_apex_spray,shopify_storefront
teefury.com,https://teefury.com/api/mcp,A_verified_mcp,oauth,True,200,storefront-renderer,0.1.0,2025-06-18,"logging,prompts,resources,tools",https://shopify.com/authentication/18690319/oauth/authorize,https://shopify.com/authentication/18690319/oauth/token,,False,"openid,email,customer-account-api:full,customer-account-mcp-api:full",https://shopify.com/authentication/18690319,https://teefury.com/.well-known/oauth-protected-resource,,dns_apex_spray,shopify_storefront
super7.com,https://super7.com/api/mcp,A_verified_mcp,oauth,True,200,storefront-renderer,0.1.0,2025-06-18,"logging,prompts,resources,tools",https://shopify.com/authentication/27261450/oauth/authorize,https://shopify.com/authentication/27261450/oauth/token,,False,"openid,email,customer-account-api:full,customer-account-mcp-api:full",https://shopify.com/authentication/27261450,https://super7.com/.well-known/oauth-protected-resource,,dns_apex_spray,shopify_storefront
sunfounder.com,https://sunfounder.com/api/mcp,A_verified_mcp,oauth,True,200,storefront-renderer,0.1.0,2025-06-18,"logging,prompts,resources,tools",https://shopify.com/authentication/47477293217/oauth/authorize,https://shopify.com/authentication/47477293217/oauth/token,,False,"openid,email,customer-account-api:full,customer-account-mcp-api:full",https://shopify.com/authentication/47477293217,https://sunfounder.com/.well-known/oauth-protected-resource,,dns_apex_spray,shopify_storefront
tesmanian.com,https://tesmanian.com/api/mcp,A_verified_mcp,oauth,True,200,storefront-renderer,0.1.0,2025-06-18,"logging,prompts,resources,tools",https://account.tesmanian.com/authentication/oauth/authorize,https://account.tesmanian.com/authentication/oauth/token,,False,"openid,email,customer-account-api:full,customer-account-mcp-api:full",https://shopify.com/authentication/17382047844,https://tesmanian.com/.well-known/oauth-protected-resource,,dns_apex_spray,shopify_storefront
tagalys.com,https://tagalys.com/api/mcp,A_verified_mcp,oauth,True,200,storefront-renderer,0.1.0,2025-06-18,"logging,prompts,resources,tools",https://shopify.com/authentication/68041408610/oauth/authorize,https://shopify.com/authentication/68041408610/oauth/token,,False,"openid,email,customer-account-api:full,customer-account-mcp-api:full",https://shopify.com/authentication/68041408610,https://tagalys.com/.well-known/oauth-protected-resource,,dns_apex_spray,shopify_storefront
tataharperskincare.com,https://tataharperskincare.com/api/mcp,A_verified_mcp,oauth,True,200,storefront-renderer,0.1.0,2025-06-18,"logging,prompts,resources,tools",https://shopify.com/authentication/70910476572/oauth/authorize,https://shopify.com/authentication/70910476572/oauth/token,,False,"openid,email,customer-account-api:full,customer-account-mcp-api:full",https://shopify.com/authentication/70910476572,https://tataharperskincare.com/.well-known/oauth-protected-resource,,dns_apex_spray,shopify_storefront
tcpress.com,https://tcpress.com/api/mcp,A_verified_mcp,oauth,True,200,storefront-renderer,0.1.0,2025-06-18,"logging,prompts,resources,tools",https://shopify.com/authentication/65040515174/oauth/authorize,https://shopify.com/authentication/65040515174/oauth/token,,False,"openid,email,customer-account-api:full,customer-account-mcp-api:full",https://shopify.com/authentication/65040515174,https://tcpress.com/.well-known/oauth-protected-resource,,dns_apex_spray,shopify_storefront
territorialseed.com,https://territorialseed.com/api/mcp,A_verified_mcp,oauth,True,200,storefront-renderer,0.1.0,2025-06-18,"logging,prompts,resources,tools",https://account.territorialseed.com/authentication/oauth/authorize,https://account.territorialseed.com/authentication/oauth/token,,False,"openid,email,customer-account-api:full,customer-account-mcp-api:full",https://shopify.com/authentication/18624989,https://territorialseed.com/.well-known/oauth-protected-resource,,dns_apex_spray,shopify_storefront
tentree.com,https://tentree.com/api/mcp,A_verified_mcp,oauth,True,200,storefront-renderer,0.1.0,2025-06-18,"logging,prompts,resources,tools",https://account.tentree.com/authentication/oauth/authorize,https://account.tentree.com/authentication/oauth/token,,False,"openid,email,customer-account-api:full,customer-account-mcp-api:full",https://shopify.com/authentication/23413995,https://tentree.com/.well-known/oauth-protected-resource,,dns_apex_spray,shopify_storefront
thedressoutlet.com,https://thedressoutlet.com/api/mcp,A_verified_mcp,oauth,True,200,storefront-renderer,0.1.0,2025-06-18,"logging,prompts,resources,tools",https://shopify.com/authentication/11093312/oauth/authorize,https://shopify.com/authentication/11093312/oauth/token,,False,"openid,email,customer-account-api:full,customer-account-mcp-api:full",https://shopify.com/authentication/11093312,https://thedressoutlet.com/.well-known/oauth-protected-resource,,dns_apex_spray,shopify_storefront
theochocolate.com,https://theochocolate.com/api/mcp,A_verified_mcp,oauth,True,200,storefront-renderer,0.1.0,2025-06-18,"logging,prompts,resources,tools",https://account.theochocolate.com/authentication/oauth/authorize,https://account.theochocolate.com/authentication/oauth/token,,False,"openid,email,customer-account-api:full,customer-account-mcp-api:full",https://shopify.com/authentication/66955771982,https://theochocolate.com/.well-known/oauth-protected-resource,,dns_apex_spray,shopify_storefront
taser.com,https://taser.com/api/mcp,A_verified_mcp,oauth,True,200,storefront-renderer,0.1.0,2025-06-18,"logging,prompts,resources,tools",https://shopify.com/authentication/25660444/oauth/authorize,https://shopify.com/authentication/25660444/oauth/token,,False,"openid,email,customer-account-api:full,customer-account-mcp-api:full",https://shopify.com/authentication/25660444,https://taser.com/.well-known/oauth-protected-resource,,dns_apex_spray,shopify_storefront
thehundreds.com,https://thehundreds.com/api/mcp,A_verified_mcp,oauth,True,200,storefront-renderer,0.1.0,2025-06-18,"logging,prompts,resources,tools",https://shopify.com/authentication/15205960/oauth/authorize,https://shopify.com/authentication/15205960/oauth/token,,False,"openid,email,customer-account-api:full,customer-account-mcp-api:full",https://shopify.com/authentication/15205960,https://thehundreds.com/.well-known/oauth-protected-resource,,dns_apex_spray,shopify_storefront
the3doodler.com,https://the3doodler.com/api/mcp,A_verified_mcp,oauth,True,200,storefront-renderer,0.1.0,2025-06-18,"logging,prompts,resources,tools",https://account.the3doodler.com/authentication/oauth/authorize,https://account.the3doodler.com/authentication/oauth/token,,False,"openid,email,customer-account-api:full,customer-account-mcp-api:full",https://shopify.com/authentication/428933175,https://the3doodler.com/.well-known/oauth-protected-resource,,dns_apex_spray,shopify_storefront
themesglance.com,https://themesglance.com/api/mcp,A_verified_mcp,oauth,True,200,storefront-renderer,0.1.0,2025-06-18,"logging,prompts,resources,tools",https://shopify.com/authentication/69497749742/oauth/authorize,https://shopify.com/authentication/69497749742/oauth/token,,False,"openid,email,customer-account-api:full,customer-account-mcp-api:full",https://shopify.com/authentication/69497749742,https://themesglance.com/.well-known/oauth-protected-resource,,dns_apex_spray,shopify_storefront
themeshopy.com,https://themeshopy.com/api/mcp,A_verified_mcp,oauth,True,200,storefront-renderer,0.1.0,2025-06-18,"logging,prompts,resources,tools",https://shopify.com/authentication/98260386156/oauth/authorize,https://shopify.com/authentication/98260386156/oauth/token,,False,"openid,email,customer-account-api:full,customer-account-mcp-api:full",https://shopify.com/authentication/98260386156,https://themeshopy.com/.well-known/oauth-protected-resource,,dns_apex_spray,shopify_storefront
tatteredcover.com,https://tatteredcover.com/api/mcp,A_verified_mcp,oauth,True,200,storefront-renderer,0.1.0,2025-06-18,"logging,prompts,resources,tools",https://shopify.com/authentication/60308389949/oauth/authorize,https://shopify.com/authentication/60308389949/oauth/token,,False,"openid,email,customer-account-api:full,customer-account-mcp-api:full",https://shopify.com/authentication/60308389949,https://tatteredcover.com/.well-known/oauth-protected-resource,,dns_apex_spray,shopify_storefront
thefryecompany.com,https://thefryecompany.com/api/mcp,A_verified_mcp,oauth,True,200,storefront-renderer,0.1.0,2025-06-18,"logging,prompts,resources,tools",https://shopify.com/authentication/14033715254/oauth/authorize,https://shopify.com/authentication/14033715254/oauth/token,,False,"openid,email,customer-account-api:full,customer-account-mcp-api:full",https://shopify.com/authentication/14033715254,https://thefryecompany.com/.well-known/oauth-protected-resource,,dns_apex_spray,shopify_storefront
thelaundress.com,https://thelaundress.com/api/mcp,A_verified_mcp,oauth,True,200,storefront-renderer,0.1.0,2025-06-18,"logging,prompts,resources,tools",https://shopify.com/authentication/59352383651/oauth/authorize,https://shopify.com/authentication/59352383651/oauth/token,,False,"openid,email,customer-account-api:full,customer-account-mcp-api:full",https://shopify.com/authentication/59352383651,https://thelaundress.com/.well-known/oauth-protected-resource,,dns_apex_spray,shopify_storefront
themeignite.com,https://themeignite.com/api/mcp,A_verified_mcp,oauth,True,200,storefront-renderer,0.1.0,2025-06-18,"logging,prompts,resources,tools",https://shopify.com/authentication/68876894504/oauth/authorize,https://shopify.com/authentication/68876894504/oauth/token,,False,"openid,email,customer-account-api:full,customer-account-mcp-api:full",https://shopify.com/authentication/68876894504,https://themeignite.com/.well-known/oauth-protected-resource,,dns_apex_spray,shopify_storefront
tipsyelves.com,https://tipsyelves.com/api/mcp,A_verified_mcp,oauth,True,200,storefront-renderer,0.1.0,2025-06-18,"logging,prompts,resources,tools",https://shopify.com/authentication/58966671535/oauth/authorize,https://shopify.com/authentication/58966671535/oauth/token,,False,"openid,email,customer-account-api:full,customer-account-mcp-api:full",https://shopify.com/authentication/58966671535,https://tipsyelves.com/.well-known/oauth-protected-resource,,dns_apex_spray,shopify_storefront
threadz.com,https://threadz.com/api/mcp,A_verified_mcp,oauth,True,200,storefront-renderer,0.1.0,2025-06-18,"logging,prompts,resources,tools",https://shopify.com/authentication/65029505176/oauth/authorize,https://shopify.com/authentication/65029505176/oauth/token,,False,"openid,email,customer-account-api:full,customer-account-mcp-api:full",https://shopify.com/authentication/65029505176,https://threadz.com/.well-known/oauth-protected-resource,,dns_apex_spray,shopify_storefront
thundershirt.com,https://thundershirt.com/api/mcp,A_verified_mcp,oauth,True,200,storefront-renderer,0.1.0,2025-06-18,"logging,prompts,resources,tools",https://shopify.com/authentication/24286429239/oauth/authorize,https://shopify.com/authentication/24286429239/oauth/token,,False,"openid,email,customer-account-api:full,customer-account-mcp-api:full",https://shopify.com/authentication/24286429239,https://thundershirt.com/.well-known/oauth-protected-resource,,dns_apex_spray,shopify_storefront
thermos.com,https://thermos.com/api/mcp,A_verified_mcp,oauth,True,200,storefront-renderer,0.1.0,2025-06-18,"logging,prompts,resources,tools",https://shopify.com/authentication/55297310876/oauth/authorize,https://shopify.com/authentication/55297310876/oauth/token,,False,"openid,email,customer-account-api:full,customer-account-mcp-api:full",https://shopify.com/authentication/55297310876,https://thermos.com/.well-known/oauth-protected-resource,,dns_apex_spray,shopify_storefront
theop.games,https://theop.games/api/mcp,A_verified_mcp,oauth,True,200,storefront-renderer,0.1.0,2025-06-18,"logging,prompts,resources,tools",https://shopify.com/authentication/61139583198/oauth/authorize,https://shopify.com/authentication/61139583198/oauth/token,,False,"openid,email,customer-account-api:full,customer-account-mcp-api:full",https://shopify.com/authentication/61139583198,https://theop.games/.well-known/oauth-protected-resource,,dns_apex_spray,shopify_storefront
thetiebar.com,https://thetiebar.com/api/mcp,A_verified_mcp,oauth,True,200,storefront-renderer,0.1.0,2025-06-18,"logging,prompts,resources,tools",https://account.thetiebar.com/authentication/oauth/authorize,https://account.thetiebar.com/authentication/oauth/token,,False,"openid,email,customer-account-api:full,customer-account-mcp-api:full",https://shopify.com/authentication/50570199217,https://thetiebar.com/.well-known/oauth-protected-resource,,dns_apex_spray,shopify_storefront
topatoco.com,https://topatoco.com/api/mcp,A_verified_mcp,oauth,True,200,storefront-renderer,0.1.0,2025-06-18,"logging,prompts,resources,tools",https://account.topatoco.com/authentication/oauth/authorize,https://account.topatoco.com/authentication/oauth/token,,False,"openid,email,customer-account-api:full,customer-account-mcp-api:full",https://shopify.com/authentication/18294817,https://topatoco.com/.well-known/oauth-protected-resource,,dns_apex_spray,shopify_storefront
tilley.com,https://tilley.com/api/mcp,A_verified_mcp,oauth,True,200,storefront-renderer,0.1.0,2025-06-18,"logging,prompts,resources,tools",https://shopify.com/authentication/55372185768/oauth/authorize,https://shopify.com/authentication/55372185768/oauth/token,,False,"openid,email,customer-account-api:full,customer-account-mcp-api:full",https://shopify.com/authentication/55372185768,https://tilley.com/.well-known/oauth-protected-resource,,dns_apex_spray,shopify_storefront
timekettle.co,https://timekettle.co/api/mcp,A_verified_mcp,oauth,True,200,storefront-renderer,0.1.0,2025-06-18,"logging,prompts,resources,tools",https://shopify.com/authentication/9037971519/oauth/authorize,https://shopify.com/authentication/9037971519/oauth/token,,False,"openid,email,customer-account-api:full,customer-account-mcp-api:full",https://shopify.com/authentication/9037971519,https://timekettle.co/.well-known/oauth-protected-resource,,dns_apex_spray,shopify_storefront
tinyrituals.co,https://tinyrituals.co/api/mcp,A_verified_mcp,oauth,True,200,storefront-renderer,0.1.0,2025-06-18,"logging,prompts,resources,tools",https://shopify.com/authentication/27342143566/oauth/authorize,https://shopify.com/authentication/27342143566/oauth/token,,False,"openid,email,customer-account-api:full,customer-account-mcp-api:full",https://shopify.com/authentication/27342143566,https://tinyrituals.co/.well-known/oauth-protected-resource,,dns_apex_spray,shopify_storefront
tinpaw.com,https://tinpaw.com/api/mcp,A_verified_mcp,oauth,True,200,storefront-renderer,0.1.0,2025-06-18,"logging,prompts,resources,tools",https://shopify.com/authentication/88588550491/oauth/authorize,https://shopify.com/authentication/88588550491/oauth/token,,False,"openid,email,customer-account-api:full,customer-account-mcp-api:full",https://shopify.com/authentication/88588550491,https://tinpaw.com/.well-known/oauth-protected-resource,,dns_apex_spray,shopify_storefront
toraya-group.co.jp,https://toraya-group.co.jp/api/mcp,A_verified_mcp,oauth,True,200,storefront-renderer,0.1.0,2025-06-18,"logging,prompts,resources,tools",https://account.toraya-group.co.jp/authentication/oauth/authorize,https://account.toraya-group.co.jp/authentication/oauth/token,,False,"openid,email,customer-account-api:full,customer-account-mcp-api:full",https://shopify.com/authentication/64145031410,https://toraya-group.co.jp/.well-known/oauth-protected-resource,,dns_apex_spray,shopify_storefront
transtore.app,https://transtore.app/api/mcp,A_verified_mcp,oauth,True,200,storefront-renderer,0.1.0,2025-06-18,"logging,prompts,resources,tools",https://shopify.com/authentication/66398650622/oauth/authorize,https://shopify.com/authentication/66398650622/oauth/token,,False,"openid,email,customer-account-api:full,customer-account-mcp-api:full",https://shopify.com/authentication/66398650622,https://transtore.app/.well-known/oauth-protected-resource,,dns_apex_spray,shopify_storefront
tmlewin.co.uk,https://tmlewin.co.uk/api/mcp,A_verified_mcp,oauth,True,200,storefront-renderer,0.1.0,2025-06-18,"logging,prompts,resources,tools",https://account.tmlewin.co.uk/authentication/oauth/authorize,https://account.tmlewin.co.uk/authentication/oauth/token,,False,"openid,email,customer-account-api:full,customer-account-mcp-api:full",https://shopify.com/authentication/56837701769,https://tmlewin.co.uk/.well-known/oauth-protected-resource,,dns_apex_spray,shopify_storefront
trans-siberian.com,https://trans-siberian.com/api/mcp,A_verified_mcp,oauth,True,200,storefront-renderer,0.1.0,2025-06-18,"logging,prompts,resources,tools",https://shopify.com/authentication/70184075422/oauth/authorize,https://shopify.com/authentication/70184075422/oauth/token,,False,"openid,email,customer-account-api:full,customer-account-mcp-api:full",https://shopify.com/authentication/70184075422,https://trans-siberian.com/.well-known/oauth-protected-resource,,dns_apex_spray,shopify_storefront
twinings.co.uk,https://twinings.co.uk/api/mcp,A_verified_mcp,oauth,True,200,storefront-renderer,0.1.0,2025-06-18,"logging,prompts,resources,tools",https://account.twinings.co.uk/authentication/oauth/authorize,https://account.twinings.co.uk/authentication/oauth/token,,False,"openid,email,customer-account-api:full,customer-account-mcp-api:full",https://shopify.com/authentication/53367439558,https://twinings.co.uk/.well-known/oauth-protected-resource,,dns_apex_spray,shopify_storefront
tompetty.com,https://tompetty.com/api/mcp,A_verified_mcp,oauth,True,200,storefront-renderer,0.1.0,2025-06-18,"logging,prompts,resources,tools",https://shopify.com/authentication/89158418732/oauth/authorize,https://shopify.com/authentication/89158418732/oauth/token,,False,"openid,email,customer-account-api:full,customer-account-mcp-api:full",https://shopify.com/authentication/89158418732,https://tompetty.com/.well-known/oauth-protected-resource,,dns_apex_spray,shopify_storefront
tomfordbeauty.com,https://tomfordbeauty.com/api/mcp,A_verified_mcp,oauth,True,200,storefront-renderer,0.1.0,2025-06-18,"logging,prompts,resources,tools",https://account.tomfordbeauty.com/authentication/oauth/authorize,https://account.tomfordbeauty.com/authentication/oauth/token,,False,"openid,email,customer-account-api:full,customer-account-mcp-api:full",https://shopify.com/authentication/76196905173,https://tomfordbeauty.com/.well-known/oauth-protected-resource,,dns_apex_spray,shopify_storefront
tombihn.com,https://tombihn.com/api/mcp,A_verified_mcp,oauth,True,200,storefront-renderer,0.1.0,2025-06-18,"logging,prompts,resources,tools",https://shopify.com/authentication/10898530/oauth/authorize,https://shopify.com/authentication/10898530/oauth/token,,False,"openid,email,customer-account-api:full,customer-account-mcp-api:full",https://shopify.com/authentication/10898530,https://tombihn.com/.well-known/oauth-protected-resource,,dns_apex_spray,shopify_storefront
tokyopop.com,https://tokyopop.com/api/mcp,A_verified_mcp,oauth,True,200,storefront-renderer,0.1.0,2025-06-18,"logging,prompts,resources,tools",https://shopify.com/authentication/59971141819/oauth/authorize,https://shopify.com/authentication/59971141819/oauth/token,,False,"openid,email,customer-account-api:full,customer-account-mcp-api:full",https://shopify.com/authentication/59971141819,https://tokyopop.com/.well-known/oauth-protected-resource,,dns_apex_spray,shopify_storefront
turtlewax.com,https://turtlewax.com/api/mcp,A_verified_mcp,oauth,True,200,storefront-renderer,0.1.0,2025-06-18,"logging,prompts,resources,tools",https://shopify.com/authentication/26150338613/oauth/authorize,https://shopify.com/authentication/26150338613/oauth/token,,False,"openid,email,customer-account-api:full,customer-account-mcp-api:full",https://shopify.com/authentication/26150338613,https://turtlewax.com/.well-known/oauth-protected-resource,,dns_apex_spray,shopify_storefront
traditionalmedicinals.com,https://traditionalmedicinals.com/api/mcp,A_verified_mcp,oauth,True,200,storefront-renderer,0.1.0,2025-06-18,"logging,prompts,resources,tools",https://shopify.com/authentication/50670370997/oauth/authorize,https://shopify.com/authentication/50670370997/oauth/token,,False,"openid,email,customer-account-api:full,customer-account-mcp-api:full",https://shopify.com/authentication/50670370997,https://traditionalmedicinals.com/.well-known/oauth-protected-resource,,dns_apex_spray,shopify_storefront
umbra.com,https://umbra.com/api/mcp,A_verified_mcp,oauth,True,200,storefront-renderer,0.1.0,2025-06-18,"logging,prompts,resources,tools",https://shopify.com/authentication/19353632834/oauth/authorize,https://shopify.com/authentication/19353632834/oauth/token,,False,"openid,email,customer-account-api:full,customer-account-mcp-api:full",https://shopify.com/authentication/19353632834,https://umbra.com/.well-known/oauth-protected-resource,,dns_apex_spray,shopify_storefront
unique-vintage.com,https://unique-vintage.com/api/mcp,A_verified_mcp,oauth,True,200,storefront-renderer,0.1.0,2025-06-18,"logging,prompts,resources,tools",https://shopify.com/authentication/27149310/oauth/authorize,https://shopify.com/authentication/27149310/oauth/token,,False,"openid,email,customer-account-api:full,customer-account-mcp-api:full",https://shopify.com/authentication/27149310,https://unique-vintage.com/.well-known/oauth-protected-resource,,dns_apex_spray,shopify_storefront
us.princesspolly.com,https://us.princesspolly.com/api/mcp,A_verified_mcp,oauth,True,200,storefront-renderer,0.1.0,2025-06-18,"logging,prompts,resources,tools",https://shopify.com/authentication/6186270804/oauth/authorize,https://shopify.com/authentication/6186270804/oauth/token,,False,"openid,email,customer-account-api:full,customer-account-mcp-api:full",https://shopify.com/authentication/6186270804,https://us.princesspolly.com/.well-known/oauth-protected-resource,,dns_apex_spray,shopify_storefront
varusteleka.com,https://varusteleka.com/api/mcp,A_verified_mcp,oauth,True,200,storefront-renderer,0.1.0,2025-06-18,"logging,prompts,resources,tools",https://account.varusteleka.com/authentication/oauth/authorize,https://account.varusteleka.com/authentication/oauth/token,,False,"openid,email,customer-account-api:full,customer-account-mcp-api:full",https://shopify.com/authentication/96219529555,https://varusteleka.com/.well-known/oauth-protected-resource,,dns_apex_spray,shopify_storefront
uniden.com,https://uniden.com/api/mcp,A_verified_mcp,oauth,True,200,storefront-renderer,0.1.0,2025-06-18,"logging,prompts,resources,tools",https://shopify.com/authentication/1835434029/oauth/authorize,https://shopify.com/authentication/1835434029/oauth/token,,False,"openid,email,customer-account-api:full,customer-account-mcp-api:full",https://shopify.com/authentication/1835434029,https://uniden.com/.well-known/oauth-protected-resource,,dns_apex_spray,shopify_storefront
villagehatshop.com,https://villagehatshop.com/api/mcp,A_verified_mcp,oauth,True,200,storefront-renderer,0.1.0,2025-06-18,"logging,prompts,resources,tools",https://account.villagehatshop.com/authentication/oauth/authorize,https://account.villagehatshop.com/authentication/oauth/token,,False,"openid,email,customer-account-api:full,customer-account-mcp-api:full",https://shopify.com/authentication/7437320263,https://villagehatshop.com/.well-known/oauth-protected-resource,,dns_apex_spray,shopify_storefront
veganessentials.com,https://veganessentials.com/api/mcp,A_verified_mcp,oauth,True,200,storefront-renderer,0.1.0,2025-06-18,"logging,prompts,resources,tools",https://account.veganessentials.com/authentication/oauth/authorize,https://account.veganessentials.com/authentication/oauth/token,,False,"openid,email,customer-account-api:full,customer-account-mcp-api:full",https://shopify.com/authentication/61292609676,https://veganessentials.com/.well-known/oauth-protected-resource,,dns_apex_spray,shopify_storefront
vapor.com,https://vapor.com/api/mcp,A_verified_mcp,oauth,True,200,storefront-renderer,0.1.0,2025-06-18,"logging,prompts,resources,tools",https://shopify.com/authentication/22067435/oauth/authorize,https://shopify.com/authentication/22067435/oauth/token,,False,"openid,email,customer-account-api:full,customer-account-mcp-api:full",https://shopify.com/authentication/22067435,https://vapor.com/.well-known/oauth-protected-resource,,dns_apex_spray,shopify_storefront
virtual-college.co.uk,https://virtual-college.co.uk/api/mcp,A_verified_mcp,oauth,True,200,storefront-renderer,0.1.0,2025-06-18,"logging,prompts,resources,tools",https://account.virtual-college.co.uk/authentication/oauth/authorize,https://account.virtual-college.co.uk/authentication/oauth/token,,False,"openid,email,customer-account-api:full,customer-account-mcp-api:full",https://shopify.com/authentication/86289908059,https://virtual-college.co.uk/.well-known/oauth-protected-resource,,dns_apex_spray,shopify_storefront
www.barnesandnoble.com,https://www.barnesandnoble.com/api/mcp,A_verified_mcp,none_public,False,200,storefront-renderer,0.1.0,2025-06-18,"logging,prompts,resources,tools",,,,False,,,,,dns_apex_spray,shopify_storefront
unihertz.com,https://unihertz.com/api/mcp,A_verified_mcp,oauth,True,200,storefront-renderer,0.1.0,2025-06-18,"logging,prompts,resources,tools",https://account.unihertz.com/authentication/oauth/authorize,https://account.unihertz.com/authentication/oauth/token,,False,"openid,email,customer-account-api:full,customer-account-mcp-api:full",https://shopify.com/authentication/52053377214,https://unihertz.com/.well-known/oauth-protected-resource,,dns_apex_spray,shopify_storefront
vapesonline.de,https://vapesonline.de/api/mcp,A_verified_mcp,oauth,True,200,storefront-renderer,0.1.0,2025-06-18,"logging,prompts,resources,tools",https://shopify.com/authentication/102551912782/oauth/authorize,https://shopify.com/authentication/102551912782/oauth/token,,False,"openid,email,customer-account-api:full,customer-account-mcp-api:full",https://shopify.com/authentication/102551912782,https://vapesonline.de/.well-known/oauth-protected-resource,,dns_apex_spray,shopify_storefront
wetnwildbeauty.com,https://wetnwildbeauty.com/api/mcp,A_verified_mcp,oauth,True,200,storefront-renderer,0.1.0,2025-06-18,"logging,prompts,resources,tools",https://shopify.com/authentication/92592210194/oauth/authorize,https://shopify.com/authentication/92592210194/oauth/token,,False,"openid,email,customer-account-api:full,customer-account-mcp-api:full",https://shopify.com/authentication/92592210194,https://wetnwildbeauty.com/.well-known/oauth-protected-resource,,dns_apex_spray,shopify_storefront
vittoria.com,https://vittoria.com/api/mcp,A_verified_mcp,oauth,True,200,storefront-renderer,0.1.0,2025-06-18,"logging,prompts,resources,tools",https://shopify.com/authentication/80005497120/oauth/authorize,https://shopify.com/authentication/80005497120/oauth/token,,False,"openid,email,customer-account-api:full,customer-account-mcp-api:full",https://shopify.com/authentication/80005497120,https://vittoria.com/.well-known/oauth-protected-resource,,dns_apex_spray,shopify_storefront
vifa.dk,https://vifa.dk/api/mcp,A_verified_mcp,oauth,True,200,storefront-renderer,0.1.0,2025-06-18,"logging,prompts,resources,tools",https://shopify.com/authentication/55054139552/oauth/authorize,https://shopify.com/authentication/55054139552/oauth/token,,False,"openid,email,customer-account-api:full,customer-account-mcp-api:full",https://shopify.com/authentication/55054139552,https://vifa.dk/.well-known/oauth-protected-resource,,dns_apex_spray,shopify_storefront
vograce.com,https://vograce.com/api/mcp,A_verified_mcp,oauth,True,200,storefront-renderer,0.1.0,2025-06-18,"logging,prompts,resources,tools",https://account.vograce.com/authentication/oauth/authorize,https://account.vograce.com/authentication/oauth/token,,False,"openid,email,customer-account-api:full,customer-account-mcp-api:full",https://shopify.com/authentication/33692975240,https://vograce.com/.well-known/oauth-protected-resource,,dns_apex_spray,shopify_storefront
vitality.gg,https://vitality.gg/api/mcp,A_verified_mcp,oauth,True,200,storefront-renderer,0.1.0,2025-06-18,"logging,prompts,resources,tools",https://account.vitality.gg/authentication/oauth/authorize,https://account.vitality.gg/authentication/oauth/token,,False,"openid,email,customer-account-api:full,customer-account-mcp-api:full",https://shopify.com/authentication/4922933366,https://vitality.gg/.well-known/oauth-protected-resource,,dns_apex_spray,shopify_storefront
vinegarsyndrome.com,https://vinegarsyndrome.com/api/mcp,A_verified_mcp,oauth,True,200,storefront-renderer,0.1.0,2025-06-18,"logging,prompts,resources,tools",https://shopify.com/authentication/9230254180/oauth/authorize,https://shopify.com/authentication/9230254180/oauth/token,,False,"openid,email,customer-account-api:full,customer-account-mcp-api:full",https://shopify.com/authentication/9230254180,https://vinegarsyndrome.com/.well-known/oauth-protected-resource,,dns_apex_spray,shopify_storefront
webcontrive.com,https://webcontrive.com/api/mcp,A_verified_mcp,oauth,True,200,storefront-renderer,0.1.0,2025-06-18,"logging,prompts,resources,tools",https://shopify.com/authentication/22023135/oauth/authorize,https://shopify.com/authentication/22023135/oauth/token,,False,"openid,email,customer-account-api:full,customer-account-mcp-api:full",https://shopify.com/authentication/22023135,https://webcontrive.com/.well-known/oauth-protected-resource,,dns_apex_spray,shopify_storefront
www.fashionnova.com,https://www.fashionnova.com/api/mcp,A_verified_mcp,none_public,False,200,storefront-renderer,0.1.0,2025-06-18,"logging,prompts,resources,tools",,,,False,,,,,dns_apex_spray,shopify_storefront
westcoastseeds.com,https://westcoastseeds.com/api/mcp,A_verified_mcp,oauth,True,200,storefront-renderer,0.1.0,2025-06-18,"logging,prompts,resources,tools",https://account.westcoastseeds.com/authentication/oauth/authorize,https://account.westcoastseeds.com/authentication/oauth/token,,False,"openid,email,customer-account-api:full,customer-account-mcp-api:full",https://shopify.com/authentication/1123418172,https://westcoastseeds.com/.well-known/oauth-protected-resource,,dns_apex_spray,shopify_storefront
winc.com,https://winc.com/api/mcp,A_verified_mcp,oauth,True,200,storefront-renderer,0.1.0,2025-06-18,"logging,prompts,resources,tools",https://shopify.com/authentication/77589545277/oauth/authorize,https://shopify.com/authentication/77589545277/oauth/token,,False,"openid,email,customer-account-api:full,customer-account-mcp-api:full",https://shopify.com/authentication/77589545277,https://winc.com/.well-known/oauth-protected-resource,,dns_apex_spray,shopify_storefront
xtool.com,https://xtool.com/api/mcp,A_verified_mcp,oauth,True,200,storefront-renderer,0.1.0,2025-06-18,"logging,prompts,resources,tools",https://shopify.com/authentication/46779859095/oauth/authorize,https://shopify.com/authentication/46779859095/oauth/token,,False,"openid,email,customer-account-api:full,customer-account-mcp-api:full",https://shopify.com/authentication/46779859095,https://xtool.com/.well-known/oauth-protected-resource,,dns_apex_spray,shopify_storefront
www.istudiosg.com,https://www.istudiosg.com/api/mcp,A_verified_mcp,oauth,True,200,storefront-renderer,0.1.0,2025-06-18,"logging,prompts,resources,tools",https://shopify.com/authentication/63738642612/oauth/authorize,https://shopify.com/authentication/63738642612/oauth/token,,False,"openid,email,customer-account-api:full,customer-account-mcp-api:full",https://shopify.com/authentication/63738642612,https://www.istudiosg.com/.well-known/oauth-protected-resource,,dns_apex_spray,shopify_storefront
www.aloyoga.com,https://www.aloyoga.com/api/mcp,A_verified_mcp,oauth,True,200,storefront-renderer,0.1.0,2025-06-18,"logging,prompts,resources,tools",https://shopify.com/authentication/21852813/oauth/authorize,https://shopify.com/authentication/21852813/oauth/token,,False,"openid,email,customer-account-api:full,customer-account-mcp-api:full",https://shopify.com/authentication/21852813,https://www.aloyoga.com/.well-known/oauth-protected-resource,,dns_apex_spray,shopify_storefront
www.sterntaler.com,https://www.sterntaler.com/api/mcp,A_verified_mcp,oauth,True,200,storefront-renderer,0.1.0,2025-06-18,"logging,prompts,resources,tools",https://account.sterntaler.com/authentication/oauth/authorize,https://account.sterntaler.com/authentication/oauth/token,,False,"openid,email,customer-account-api:full,customer-account-mcp-api:full",https://shopify.com/authentication/28569206887,https://www.sterntaler.com/.well-known/oauth-protected-resource,,dns_apex_spray,shopify_storefront
yolanda.hk,https://yolanda.hk/api/mcp,A_verified_mcp,oauth,True,200,storefront-renderer,0.1.0,2025-06-18,"logging,prompts,resources,tools",https://shopify.com/authentication/59463172154/oauth/authorize,https://shopify.com/authentication/59463172154/oauth/token,,False,"openid,email,customer-account-api:full,customer-account-mcp-api:full",https://shopify.com/authentication/59463172154,https://yolanda.hk/.well-known/oauth-protected-resource,,dns_apex_spray,shopify_storefront
yarn.com,https://yarn.com/api/mcp,A_verified_mcp,oauth,True,200,storefront-renderer,0.1.0,2025-06-18,"logging,prompts,resources,tools",https://account.yarn.com/authentication/oauth/authorize,https://account.yarn.com/authentication/oauth/token,,False,"openid,email,customer-account-api:full,customer-account-mcp-api:full",https://shopify.com/authentication/99752247642,https://yarn.com/.well-known/oauth-protected-resource,,dns_apex_spray,shopify_storefront
weltbild.ch,https://weltbild.ch/api/mcp,A_verified_mcp,oauth,True,200,storefront-renderer,0.1.0,2025-06-18,"logging,prompts,resources,tools",https://shopify.com/authentication/91189150045/oauth/authorize,https://shopify.com/authentication/91189150045/oauth/token,,False,"openid,email,customer-account-api:full,customer-account-mcp-api:full",https://shopify.com/authentication/91189150045,https://weltbild.ch/.well-known/oauth-protected-resource,,dns_apex_spray,shopify_storefront
weadultshop.com,https://weadultshop.com/api/mcp,A_verified_mcp,oauth,True,200,storefront-renderer,0.1.0,2025-06-18,"logging,prompts,resources,tools",https://account.weadultshop.com/authentication/oauth/authorize,https://account.weadultshop.com/authentication/oauth/token,,False,"openid,email,customer-account-api:full,customer-account-mcp-api:full",https://shopify.com/authentication/25097633845,https://weadultshop.com/.well-known/oauth-protected-resource,,dns_apex_spray,shopify_storefront
zpacks.com,https://zpacks.com/api/mcp,A_verified_mcp,oauth,True,200,storefront-renderer,0.1.0,2025-06-18,"logging,prompts,resources,tools",https://shopify.com/authentication/446529572/oauth/authorize,https://shopify.com/authentication/446529572/oauth/token,,False,"openid,email,customer-account-api:full,customer-account-mcp-api:full",https://shopify.com/authentication/446529572,https://zpacks.com/.well-known/oauth-protected-resource,,dns_apex_spray,shopify_storefront
within-temptation.com,https://within-temptation.com/api/mcp,A_verified_mcp,oauth,True,200,storefront-renderer,0.1.0,2025-06-18,"logging,prompts,resources,tools",https://shopify.com/authentication/59566358660/oauth/authorize,https://shopify.com/authentication/59566358660/oauth/token,,False,"openid,email,customer-account-api:full,customer-account-mcp-api:full",https://shopify.com/authentication/59566358660,https://within-temptation.com/.well-known/oauth-protected-resource,,dns_apex_spray,shopify_storefront
mcp.estroni.com.au,https://mcp.estroni.com.au/mcp,A_verified_mcp,none_public,False,200,storefront-renderer,0.1.0,2025-06-18,"logging,prompts,resources,tools",,,,False,,,,,mcp_registry,shopify_storefront
lumberliquidators.com,https://lumberliquidators.com/api/mcp,A_verified_mcp,oauth,True,200,storefront-renderer,0.1.0,2025-06-18,"logging,prompts,resources,tools",https://account.lumberliquidators.com/authentication/oauth/authorize,https://account.lumberliquidators.com/authentication/oauth/token,,False,"openid,email,customer-account-api:full,customer-account-mcp-api:full",https://shopify.com/authentication/70658981923,https://lumberliquidators.com/.well-known/oauth-protected-resource,,dns_apex_spray,shopify_storefront
beautyofjoseon.com,https://beautyofjoseon.com/api/mcp,A_verified_mcp,oauth,True,200,storefront-renderer,0.1.0,2025-06-18,"logging,prompts,resources,tools",https://shopify.com/authentication/55841357989/oauth/authorize,https://shopify.com/authentication/55841357989/oauth/token,,False,"openid,email,customer-account-api:full,customer-account-mcp-api:full",https://shopify.com/authentication/55841357989,https://beautyofjoseon.com/.well-known/oauth-protected-resource,,dns_apex_spray,shopify_storefront
momcozy.com,https://momcozy.com/api/mcp,A_verified_mcp,oauth,True,200,storefront-renderer,0.1.0,2025-06-18,"logging,prompts,resources,tools",https://shopify.com/authentication/55923212486/oauth/authorize,https://shopify.com/authentication/55923212486/oauth/token,,False,"openid,email,customer-account-api:full,customer-account-mcp-api:full",https://shopify.com/authentication/55923212486,https://momcozy.com/.well-known/oauth-protected-resource,,dns_apex_spray,shopify_storefront
beautyblender.com,https://beautyblender.com/api/mcp,A_verified_mcp,oauth,True,200,storefront-renderer,0.1.0,2025-06-18,"logging,prompts,resources,tools",https://account.beautyblender.com/authentication/oauth/authorize,https://account.beautyblender.com/authentication/oauth/token,,False,"openid,email,customer-account-api:full,customer-account-mcp-api:full",https://shopify.com/authentication/900005932,https://beautyblender.com/.well-known/oauth-protected-resource,,dns_apex_spray,shopify_storefront
nailsinc.com,https://nailsinc.com/api/mcp,A_verified_mcp,oauth,True,200,storefront-renderer,0.1.0,2025-06-18,"logging,prompts,resources,tools",https://shopify.com/authentication/93020422485/oauth/authorize,https://shopify.com/authentication/93020422485/oauth/token,,False,"openid,email,customer-account-api:full,customer-account-mcp-api:full",https://shopify.com/authentication/93020422485,https://nailsinc.com/.well-known/oauth-protected-resource,,dns_apex_spray,shopify_storefront
mooiehome.com,https://mooiehome.com/api/mcp,A_verified_mcp,oauth,True,200,storefront-renderer,0.1.0,2025-06-18,"logging,prompts,resources,tools",https://account.mooiehome.com/authentication/oauth/authorize,https://account.mooiehome.com/authentication/oauth/token,,False,"openid,email,customer-account-api:full,customer-account-mcp-api:full",https://shopify.com/authentication/74561454366,https://mooiehome.com/.well-known/oauth-protected-resource,,dns_apex_spray,shopify_storefront
auratenewyork.com,https://auratenewyork.com/api/mcp,A_verified_mcp,oauth,True,200,storefront-renderer,0.1.0,2025-06-18,"logging,prompts,resources,tools",https://shopify.com/authentication/3647253/oauth/authorize,https://shopify.com/authentication/3647253/oauth/token,,False,"openid,email,customer-account-api:full,customer-account-mcp-api:full",https://shopify.com/authentication/3647253,https://auratenewyork.com/.well-known/oauth-protected-resource,,dns_apex_spray,shopify_storefront
audocph.com,https://audocph.com/api/mcp,A_verified_mcp,oauth,True,200,storefront-renderer,0.1.0,2025-06-18,"logging,prompts,resources,tools",https://account.audocph.com/authentication/oauth/authorize,https://account.audocph.com/authentication/oauth/token,,False,"openid,email,customer-account-api:full,customer-account-mcp-api:full",https://shopify.com/authentication/26239598658,https://audocph.com/.well-known/oauth-protected-resource,,dns_apex_spray,shopify_storefront
bellabridesmaids.com,https://bellabridesmaids.com/api/mcp,A_verified_mcp,oauth,True,200,storefront-renderer,0.1.0,2025-06-18,"logging,prompts,resources,tools",https://shopify.com/authentication/11515789369/oauth/authorize,https://shopify.com/authentication/11515789369/oauth/token,,False,"openid,email,customer-account-api:full,customer-account-mcp-api:full",https://shopify.com/authentication/11515789369,https://bellabridesmaids.com/.well-known/oauth-protected-resource,,dns_apex_spray,shopify_storefront
alterbridge.com,https://alterbridge.com/api/mcp,A_verified_mcp,oauth,True,200,storefront-renderer,0.1.0,2025-06-18,"logging,prompts,resources,tools",https://shopify.com/authentication/5150703734/oauth/authorize,https://shopify.com/authentication/5150703734/oauth/token,,False,"openid,email,customer-account-api:full,customer-account-mcp-api:full",https://shopify.com/authentication/5150703734,https://alterbridge.com/.well-known/oauth-protected-resource,,dns_apex_spray,shopify_storefront
audixusa.com,https://audixusa.com/api/mcp,A_verified_mcp,oauth,True,200,storefront-renderer,0.1.0,2025-06-18,"logging,prompts,resources,tools",https://shopify.com/authentication/70893928601/oauth/authorize,https://shopify.com/authentication/70893928601/oauth/token,,False,"openid,email,customer-account-api:full,customer-account-mcp-api:full",https://shopify.com/authentication/70893928601,https://audixusa.com/.well-known/oauth-protected-resource,,dns_apex_spray,shopify_storefront
asmaraku.com,https://asmaraku.com/api/mcp,A_verified_mcp,oauth,True,200,storefront-renderer,0.1.0,2025-06-18,"logging,prompts,resources,tools",https://shopify.com/authentication/2846430/oauth/authorize,https://shopify.com/authentication/2846430/oauth/token,,False,"openid,email,customer-account-api:full,customer-account-mcp-api:full",https://shopify.com/authentication/2846430,https://asmaraku.com/.well-known/oauth-protected-resource,,dns_apex_spray,shopify_storefront
apecwater.com,https://apecwater.com/api/mcp,A_verified_mcp,oauth,True,200,storefront-renderer,0.1.0,2025-06-18,"logging,prompts,resources,tools",https://account.apecwater.com/authentication/oauth/authorize,https://account.apecwater.com/authentication/oauth/token,,False,"openid,email,customer-account-api:full,customer-account-mcp-api:full",https://shopify.com/authentication/67413049597,https://apecwater.com/.well-known/oauth-protected-resource,,dns_apex_spray,shopify_storefront
lukeslobster.com,https://lukeslobster.com/api/mcp,A_verified_mcp,oauth,True,200,storefront-renderer,0.1.0,2025-06-18,"logging,prompts,resources,tools",https://shopify.com/authentication/36382998667/oauth/authorize,https://shopify.com/authentication/36382998667/oauth/token,,False,"openid,email,customer-account-api:full,customer-account-mcp-api:full",https://shopify.com/authentication/36382998667,https://lukeslobster.com/.well-known/oauth-protected-resource,,dns_apex_spray,shopify_storefront
areaware.com,https://areaware.com/api/mcp,A_verified_mcp,oauth,True,200,storefront-renderer,0.1.0,2025-06-18,"logging,prompts,resources,tools",https://shopify.com/authentication/1686168/oauth/authorize,https://shopify.com/authentication/1686168/oauth/token,,False,"openid,email,customer-account-api:full,customer-account-mcp-api:full",https://shopify.com/authentication/1686168,https://areaware.com/.well-known/oauth-protected-resource,,dns_apex_spray,shopify_storefront
naturecan.com,https://naturecan.com/api/mcp,A_verified_mcp,oauth,True,200,storefront-renderer,0.1.0,2025-06-18,"logging,prompts,resources,tools",https://shopify.com/authentication/9983197280/oauth/authorize,https://shopify.com/authentication/9983197280/oauth/token,,False,"openid,email,customer-account-api:full,customer-account-mcp-api:full",https://shopify.com/authentication/9983197280,https://naturecan.com/.well-known/oauth-protected-resource,,dns_apex_spray,shopify_storefront
musiconvinyl.com,https://musiconvinyl.com/api/mcp,A_verified_mcp,oauth,True,200,storefront-renderer,0.1.0,2025-06-18,"logging,prompts,resources,tools",https://shopify.com/authentication/79140028691/oauth/authorize,https://shopify.com/authentication/79140028691/oauth/token,,False,"openid,email,customer-account-api:full,customer-account-mcp-api:full",https://shopify.com/authentication/79140028691,https://musiconvinyl.com/.well-known/oauth-protected-resource,,dns_apex_spray,shopify_storefront
motownrecords.com,https://motownrecords.com/api/mcp,A_verified_mcp,oauth,True,200,storefront-renderer,0.1.0,2025-06-18,"logging,prompts,resources,tools",https://shopify.com/authentication/42029154456/oauth/authorize,https://shopify.com/authentication/42029154456/oauth/token,,False,"openid,email,customer-account-api:full,customer-account-mcp-api:full",https://shopify.com/authentication/42029154456,https://motownrecords.com/.well-known/oauth-protected-resource,,dns_apex_spray,shopify_storefront
myvega.com,https://myvega.com/api/mcp,A_verified_mcp,oauth,True,200,storefront-renderer,0.1.0,2025-06-18,"logging,prompts,resources,tools",https://shopify.com/authentication/25905380/oauth/authorize,https://shopify.com/authentication/25905380/oauth/token,,False,"openid,email,customer-account-api:full,customer-account-mcp-api:full",https://shopify.com/authentication/25905380,https://myvega.com/.well-known/oauth-protected-resource,,dns_apex_spray,shopify_storefront
aninebing.com,https://aninebing.com/api/mcp,A_verified_mcp,oauth,True,200,storefront-renderer,0.1.0,2025-06-18,"logging,prompts,resources,tools",https://shopify.com/authentication/1501528/oauth/authorize,https://shopify.com/authentication/1501528/oauth/token,,False,"openid,email,customer-account-api:full,customer-account-mcp-api:full",https://shopify.com/authentication/1501528,https://aninebing.com/.well-known/oauth-protected-resource,,dns_apex_spray,shopify_storefront
por15.com,https://por15.com/api/mcp,A_verified_mcp,oauth,True,200,storefront-renderer,0.1.0,2025-06-18,"logging,prompts,resources,tools",https://account.por15.com/authentication/oauth/authorize,https://account.por15.com/authentication/oauth/token,,False,"openid,email,customer-account-api:full,customer-account-mcp-api:full",https://shopify.com/authentication/53088878759,https://por15.com/.well-known/oauth-protected-resource,,dns_apex_spray,shopify_storefront
langwill.com,https://langwill.com/api/mcp,A_verified_mcp,oauth,True,200,storefront-renderer,0.1.0,2025-06-18,"logging,prompts,resources,tools",https://shopify.com/authentication/62669619296/oauth/authorize,https://shopify.com/authentication/62669619296/oauth/token,,False,"openid,email,customer-account-api:full,customer-account-mcp-api:full",https://shopify.com/authentication/62669619296,https://langwill.com/.well-known/oauth-protected-resource,,dns_apex_spray,shopify_storefront
popchartlab.com,https://popchartlab.com/api/mcp,A_verified_mcp,oauth,True,200,storefront-renderer,0.1.0,2025-06-18,"logging,prompts,resources,tools",https://shopify.com/authentication/2114926/oauth/authorize,https://shopify.com/authentication/2114926/oauth/token,,False,"openid,email,customer-account-api:full,customer-account-mcp-api:full",https://shopify.com/authentication/2114926,https://popchartlab.com/.well-known/oauth-protected-resource,,dns_apex_spray,shopify_storefront
alppouch.com,https://alppouch.com/api/mcp,A_verified_mcp,oauth,True,200,storefront-renderer,0.1.0,2025-06-18,"logging,prompts,resources,tools",https://shopify.com/authentication/66973204676/oauth/authorize,https://shopify.com/authentication/66973204676/oauth/token,,False,"openid,email,customer-account-api:full,customer-account-mcp-api:full",https://shopify.com/authentication/66973204676,https://alppouch.com/.well-known/oauth-protected-resource,,dns_apex_spray,shopify_storefront
mountainhouse.com,https://mountainhouse.com/api/mcp,A_verified_mcp,oauth,True,200,storefront-renderer,0.1.0,2025-06-18,"logging,prompts,resources,tools",https://shopify.com/authentication/8511717440/oauth/authorize,https://shopify.com/authentication/8511717440/oauth/token,,False,"openid,email,customer-account-api:full,customer-account-mcp-api:full",https://shopify.com/authentication/8511717440,https://mountainhouse.com/.well-known/oauth-protected-resource,,dns_apex_spray,shopify_storefront
frankbody.com,https://frankbody.com/api/mcp,A_verified_mcp,oauth,True,200,storefront-renderer,0.1.0,2025-06-18,"logging,prompts,resources,tools",https://shopify.com/authentication/2258527/oauth/authorize,https://shopify.com/authentication/2258527/oauth/token,,False,"openid,email,customer-account-api:full,customer-account-mcp-api:full",https://shopify.com/authentication/2258527,https://frankbody.com/.well-known/oauth-protected-resource,,dns_apex_spray,shopify_storefront
andyfrisella.com,https://andyfrisella.com/api/mcp,A_verified_mcp,oauth,True,200,storefront-renderer,0.1.0,2025-06-18,"logging,prompts,resources,tools",https://account.andyfrisella.com/authentication/oauth/authorize,https://account.andyfrisella.com/authentication/oauth/token,,False,"openid,email,customer-account-api:full,customer-account-mcp-api:full",https://shopify.com/authentication/19416857,https://andyfrisella.com/.well-known/oauth-protected-resource,,dns_apex_spray,shopify_storefront
mypetchicken.com,https://mypetchicken.com/api/mcp,A_verified_mcp,oauth,True,200,storefront-renderer,0.1.0,2025-06-18,"logging,prompts,resources,tools",https://account.mypetchicken.com/authentication/oauth/authorize,https://account.mypetchicken.com/authentication/oauth/token,,False,"openid,email,customer-account-api:full,customer-account-mcp-api:full",https://shopify.com/authentication/60195504282,https://mypetchicken.com/.well-known/oauth-protected-resource,,dns_apex_spray,shopify_storefront
fnova.myshopify.com,https://fnova.myshopify.com/api/mcp,A_verified_mcp,oauth,True,200,storefront-renderer,0.1.0,2025-06-18,"logging,prompts,resources,tools",https://account.fashionnova.com/authentication/oauth/authorize,https://account.fashionnova.com/authentication/oauth/token,,False,"openid,email,customer-account-api:full,customer-account-mcp-api:full",https://shopify.com/authentication/2939277,https://fnova.myshopify.com/.well-known/oauth-protected-resource,,dns_apex_spray,shopify_storefront
bonnegueule.fr,https://bonnegueule.fr/api/mcp,A_verified_mcp,oauth,True,200,storefront-renderer,0.1.0,2025-06-18,"logging,prompts,resources,tools",https://shopify.com/authentication/86094053662/oauth/authorize,https://shopify.com/authentication/86094053662/oauth/token,,False,"openid,email,customer-account-api:full,customer-account-mcp-api:full",https://shopify.com/authentication/86094053662,https://bonnegueule.fr/.well-known/oauth-protected-resource,,dns_apex_spray,shopify_storefront
comfortzoneskin.com,https://comfortzoneskin.com/api/mcp,A_verified_mcp,none_public,False,200,storefront-renderer,0.1.0,2025-06-18,"logging,prompts,resources,tools",,,,False,,,,,dns_apex_spray,shopify_storefront
industrialmonitordirect.com,https://industrialmonitordirect.com/api/mcp,A_verified_mcp,oauth,True,200,storefront-renderer,0.1.0,2025-06-18,"logging,prompts,resources,tools",https://shopify.com/authentication/67857547416/oauth/authorize,https://shopify.com/authentication/67857547416/oauth/token,,False,"openid,email,customer-account-api:full,customer-account-mcp-api:full",https://shopify.com/authentication/67857547416,https://industrialmonitordirect.com/.well-known/oauth-protected-resource,,dns_apex_spray,shopify_storefront
drinkhint.com,https://drinkhint.com/api/mcp,A_verified_mcp,oauth,True,200,storefront-renderer,0.1.0,2025-06-18,"logging,prompts,resources,tools",https://shopify.com/authentication/1430159418/oauth/authorize,https://shopify.com/authentication/1430159418/oauth/token,,False,"openid,email,customer-account-api:full,customer-account-mcp-api:full",https://shopify.com/authentication/1430159418,https://drinkhint.com/.well-known/oauth-protected-resource,,dns_apex_spray,shopify_storefront
everlast.com,https://everlast.com/api/mcp,A_verified_mcp,oauth,True,200,storefront-renderer,0.1.0,2025-06-18,"logging,prompts,resources,tools",https://shopify.com/authentication/80902062384/oauth/authorize,https://shopify.com/authentication/80902062384/oauth/token,,False,"openid,email,customer-account-api:full,customer-account-mcp-api:full",https://shopify.com/authentication/80902062384,https://everlast.com/.well-known/oauth-protected-resource,,dns_apex_spray,shopify_storefront
dressbarn.com,https://dressbarn.com/api/mcp,A_verified_mcp,oauth,True,200,storefront-renderer,0.1.0,2025-06-18,"logging,prompts,resources,tools",https://account.dressbarn.com/authentication/oauth/authorize,https://account.dressbarn.com/authentication/oauth/token,,False,"openid,email,customer-account-api:full,customer-account-mcp-api:full",https://shopify.com/authentication/28138373173,https://dressbarn.com/.well-known/oauth-protected-resource,,dns_apex_spray,shopify_storefront
endurasport.com,https://endurasport.com/api/mcp,A_verified_mcp,oauth,True,200,storefront-renderer,0.1.0,2025-06-18,"logging,prompts,resources,tools",https://shopify.com/authentication/95795183923/oauth/authorize,https://shopify.com/authentication/95795183923/oauth/token,,False,"openid,email,customer-account-api:full,customer-account-mcp-api:full",https://shopify.com/authentication/95795183923,https://endurasport.com/.well-known/oauth-protected-resource,,dns_apex_spray,shopify_storefront
dosedaily.co,https://dosedaily.co/api/mcp,A_verified_mcp,oauth,True,200,storefront-renderer,0.1.0,2025-06-18,"logging,prompts,resources,tools",https://shopify.com/authentication/34833170477/oauth/authorize,https://shopify.com/authentication/34833170477/oauth/token,,False,"openid,email,customer-account-api:full,customer-account-mcp-api:full",https://shopify.com/authentication/34833170477,https://dosedaily.co/.well-known/oauth-protected-resource,,dns_apex_spray,shopify_storefront
beringer.com,https://beringer.com/api/mcp,A_verified_mcp,oauth,True,200,storefront-renderer,0.1.0,2025-06-18,"logging,prompts,resources,tools",https://shopify.com/authentication/68072669353/oauth/authorize,https://shopify.com/authentication/68072669353/oauth/token,,False,"openid,email,customer-account-api:full,customer-account-mcp-api:full",https://shopify.com/authentication/68072669353,https://beringer.com/.well-known/oauth-protected-resource,,dns_apex_spray,shopify_storefront
eminent.com,https://eminent.com/api/mcp,A_verified_mcp,oauth,True,200,storefront-renderer,0.1.0,2025-06-18,"logging,prompts,resources,tools",https://account.eminent.com/authentication/oauth/authorize,https://account.eminent.com/authentication/oauth/token,,False,"openid,email,customer-account-api:full,customer-account-mcp-api:full",https://shopify.com/authentication/41861447836,https://eminent.com/.well-known/oauth-protected-resource,,dns_apex_spray,shopify_storefront
digitalrev.com,https://digitalrev.com/api/mcp,A_verified_mcp,oauth,True,200,storefront-renderer,0.1.0,2025-06-18,"logging,prompts,resources,tools",https://shopify.com/authentication/58836975787/oauth/authorize,https://shopify.com/authentication/58836975787/oauth/token,,False,"openid,email,customer-account-api:full,customer-account-mcp-api:full",https://shopify.com/authentication/58836975787,https://digitalrev.com/.well-known/oauth-protected-resource,,dns_apex_spray,shopify_storefront
intersport.nl,https://intersport.nl/api/mcp,A_verified_mcp,oauth,True,200,storefront-renderer,0.1.0,2025-06-18,"logging,prompts,resources,tools",https://shopify.com/authentication/58562052201/oauth/authorize,https://shopify.com/authentication/58562052201/oauth/token,,False,"openid,email,customer-account-api:full,customer-account-mcp-api:full",https://shopify.com/authentication/58562052201,https://intersport.nl/.well-known/oauth-protected-resource,,dns_apex_spray,shopify_storefront
godzilla.com,https://godzilla.com/api/mcp,A_verified_mcp,oauth,True,200,storefront-renderer,0.1.0,2025-06-18,"logging,prompts,resources,tools",https://shopify.com/authentication/73068740913/oauth/authorize,https://shopify.com/authentication/73068740913/oauth/token,,False,"openid,email,customer-account-api:full,customer-account-mcp-api:full",https://shopify.com/authentication/73068740913,https://godzilla.com/.well-known/oauth-protected-resource,,dns_apex_spray,shopify_storefront
pixibeauty.com,https://pixibeauty.com/api/mcp,A_verified_mcp,oauth,True,200,storefront-renderer,0.1.0,2025-06-18,"logging,prompts,resources,tools",https://account.pixibeauty.com/authentication/oauth/authorize,https://account.pixibeauty.com/authentication/oauth/token,,False,"openid,email,customer-account-api:full,customer-account-mcp-api:full",https://shopify.com/authentication/14635858,https://pixibeauty.com/.well-known/oauth-protected-resource,,dns_apex_spray,shopify_storefront
ellusionist.com,https://ellusionist.com/api/mcp,A_verified_mcp,oauth,True,200,storefront-renderer,0.1.0,2025-06-18,"logging,prompts,resources,tools",https://shopify.com/authentication/29745971244/oauth/authorize,https://shopify.com/authentication/29745971244/oauth/token,,False,"openid,email,customer-account-api:full,customer-account-mcp-api:full",https://shopify.com/authentication/29745971244,https://ellusionist.com/.well-known/oauth-protected-resource,,dns_apex_spray,shopify_storefront
diamondback.com,https://diamondback.com/api/mcp,A_verified_mcp,oauth,True,200,storefront-renderer,0.1.0,2025-06-18,"logging,prompts,resources,tools",https://shopify.com/authentication/62705074255/oauth/authorize,https://shopify.com/authentication/62705074255/oauth/token,,False,"openid,email,customer-account-api:full,customer-account-mcp-api:full",https://shopify.com/authentication/62705074255,https://diamondback.com/.well-known/oauth-protected-resource,,dns_apex_spray,shopify_storefront
eliveragroup.com,https://eliveragroup.com/api/mcp,A_verified_mcp,oauth,True,200,storefront-renderer,0.1.0,2025-06-18,"logging,prompts,resources,tools",https://shopify.com/authentication/10900392/oauth/authorize,https://shopify.com/authentication/10900392/oauth/token,,False,"openid,email,customer-account-api:full,customer-account-mcp-api:full",https://shopify.com/authentication/10900392,https://eliveragroup.com/.well-known/oauth-protected-resource,,dns_apex_spray,shopify_storefront
jovianarchive.com,https://jovianarchive.com/api/mcp,A_verified_mcp,oauth,True,200,storefront-renderer,0.1.0,2025-06-18,"logging,prompts,resources,tools",https://shopify.com/authentication/87249846576/oauth/authorize,https://shopify.com/authentication/87249846576/oauth/token,,False,"openid,email,customer-account-api:full,customer-account-mcp-api:full",https://shopify.com/authentication/87249846576,https://jovianarchive.com/.well-known/oauth-protected-resource,,dns_apex_spray,shopify_storefront
elitesports.com,https://elitesports.com/api/mcp,A_verified_mcp,oauth,True,200,storefront-renderer,0.1.0,2025-06-18,"logging,prompts,resources,tools",https://shopify.com/authentication/3037429849/oauth/authorize,https://shopify.com/authentication/3037429849/oauth/token,,False,"openid,email,customer-account-api:full,customer-account-mcp-api:full",https://shopify.com/authentication/3037429849,https://elitesports.com/.well-known/oauth-protected-resource,,dns_apex_spray,shopify_storefront
elektor.com,https://elektor.com/api/mcp,A_verified_mcp,oauth,True,200,storefront-renderer,0.1.0,2025-06-18,"logging,prompts,resources,tools",https://checkout.elektor.nl/authentication/oauth/authorize,https://checkout.elektor.nl/authentication/oauth/token,,False,"openid,email,customer-account-api:full,customer-account-mcp-api:full",https://shopify.com/authentication/62662803788,https://elektor.com/.well-known/oauth-protected-resource,,dns_apex_spray,shopify_storefront
manlybands.com,https://manlybands.com/api/mcp,A_verified_mcp,none_public,False,200,storefront-renderer,0.1.0,2025-06-18,"logging,prompts,resources,tools",,,,False,,,,,dns_apex_spray,shopify_storefront
alissenuera.com,https://alissenuera.com/api/mcp,A_verified_mcp,oauth,True,200,storefront-renderer,0.1.0,2025-06-18,"logging,prompts,resources,tools",https://shopify.com/authentication/68586668353/oauth/authorize,https://shopify.com/authentication/68586668353/oauth/token,,False,"openid,email,customer-account-api:full,customer-account-mcp-api:full",https://shopify.com/authentication/68586668353,https://alissenuera.com/.well-known/oauth-protected-resource,,dns_apex_spray,shopify_storefront
magicspoon.com,https://magicspoon.com/api/mcp,A_verified_mcp,oauth,True,200,storefront-renderer,0.1.0,2025-06-18,"logging,prompts,resources,tools",https://shopify.com/authentication/8138260542/oauth/authorize,https://shopify.com/authentication/8138260542/oauth/token,,False,"openid,email,customer-account-api:full,customer-account-mcp-api:full",https://shopify.com/authentication/8138260542,https://magicspoon.com/.well-known/oauth-protected-resource,,dns_apex_spray,shopify_storefront
jennypackham.com,https://jennypackham.com/api/mcp,A_verified_mcp,oauth,True,200,storefront-renderer,0.1.0,2025-06-18,"logging,prompts,resources,tools",https://shopify.com/authentication/74914103586/oauth/authorize,https://shopify.com/authentication/74914103586/oauth/token,,False,"openid,email,customer-account-api:full,customer-account-mcp-api:full",https://shopify.com/authentication/74914103586,https://jennypackham.com/.well-known/oauth-protected-resource,,dns_apex_spray,shopify_storefront
ecigarettedirect.co.uk,https://ecigarettedirect.co.uk/api/mcp,A_verified_mcp,oauth,True,200,storefront-renderer,0.1.0,2025-06-18,"logging,prompts,resources,tools",https://account.ecigarettedirect.co.uk/authentication/oauth/authorize,https://account.ecigarettedirect.co.uk/authentication/oauth/token,,False,"openid,email,customer-account-api:full,customer-account-mcp-api:full",https://shopify.com/authentication/91258683776,https://ecigarettedirect.co.uk/.well-known/oauth-protected-resource,,dns_apex_spray,shopify_storefront
gspawn.com,https://gspawn.com/api/mcp,A_verified_mcp,oauth,True,200,storefront-renderer,0.1.0,2025-06-18,"logging,prompts,resources,tools",https://shopify.com/authentication/57535430796/oauth/authorize,https://shopify.com/authentication/57535430796/oauth/token,,False,"openid,email,customer-account-api:full,customer-account-mcp-api:full",https://shopify.com/authentication/57535430796,https://gspawn.com/.well-known/oauth-protected-resource,,dns_apex_spray,shopify_storefront
piquelife.com,https://piquelife.com/api/mcp,A_verified_mcp,oauth,True,200,storefront-renderer,0.1.0,2025-06-18,"logging,prompts,resources,tools",https://account.piquelife.com/authentication/oauth/authorize,https://account.piquelife.com/authentication/oauth/token,,False,"openid,email,customer-account-api:full,customer-account-mcp-api:full",https://shopify.com/authentication/21354367,https://piquelife.com/.well-known/oauth-protected-resource,,dns_apex_spray,shopify_storefront
naturepedic.com,https://naturepedic.com/api/mcp,A_verified_mcp,oauth,True,200,storefront-renderer,0.1.0,2025-06-18,"logging,prompts,resources,tools",https://shopify.com/authentication/96886915390/oauth/authorize,https://shopify.com/authentication/96886915390/oauth/token,,False,"openid,email,customer-account-api:full,customer-account-mcp-api:full",https://shopify.com/authentication/96886915390,https://naturepedic.com/.well-known/oauth-protected-resource,,dns_apex_spray,shopify_storefront
gmktec.com,https://gmktec.com/api/mcp,A_verified_mcp,oauth,True,200,storefront-renderer,0.1.0,2025-06-18,"logging,prompts,resources,tools",https://account.gmktec.com/authentication/oauth/authorize,https://account.gmktec.com/authentication/oauth/token,,False,"openid,email,customer-account-api:full,customer-account-mcp-api:full",https://shopify.com/authentication/71513145498,https://gmktec.com/.well-known/oauth-protected-resource,,dns_apex_spray,shopify_storefront
mirasafety.com,https://mirasafety.com/api/mcp,A_verified_mcp,oauth,True,200,storefront-renderer,0.1.0,2025-06-18,"logging,prompts,resources,tools",https://account.mirasafety.com/authentication/oauth/authorize,https://account.mirasafety.com/authentication/oauth/token,,False,"openid,email,customer-account-api:full,customer-account-mcp-api:full",https://shopify.com/authentication/22625147,https://mirasafety.com/.well-known/oauth-protected-resource,,dns_apex_spray,shopify_storefront
lazersport.com,https://lazersport.com/api/mcp,A_verified_mcp,oauth,True,200,storefront-renderer,0.1.0,2025-06-18,"logging,prompts,resources,tools",https://shopify.com/authentication/99598467411/oauth/authorize,https://shopify.com/authentication/99598467411/oauth/token,,False,"openid,email,customer-account-api:full,customer-account-mcp-api:full",https://shopify.com/authentication/99598467411,https://lazersport.com/.well-known/oauth-protected-resource,,dns_apex_spray,shopify_storefront
pimkie.fr,https://pimkie.fr/api/mcp,A_verified_mcp,oauth,True,200,storefront-renderer,0.1.0,2025-06-18,"logging,prompts,resources,tools",https://shopify.com/authentication/92134605146/oauth/authorize,https://shopify.com/authentication/92134605146/oauth/token,,False,"openid,email,customer-account-api:full,customer-account-mcp-api:full",https://shopify.com/authentication/92134605146,https://pimkie.fr/.well-known/oauth-protected-resource,,dns_apex_spray,shopify_storefront
frida.com,https://frida.com/api/mcp,A_verified_mcp,oauth,True,200,storefront-renderer,0.1.0,2025-06-18,"logging,prompts,resources,tools",https://shopify.com/authentication/16232579120/oauth/authorize,https://shopify.com/authentication/16232579120/oauth/token,,False,"openid,email,customer-account-api:full,customer-account-mcp-api:full",https://shopify.com/authentication/16232579120,https://frida.com/.well-known/oauth-protected-resource,,dns_apex_spray,shopify_storefront
frontiergeneralhardware.net,https://frontiergeneralhardware.net/api/mcp,A_verified_mcp,oauth,True,200,storefront-renderer,0.1.0,2025-06-18,"logging,prompts,resources,tools",https://shopify.com/authentication/74787684544/oauth/authorize,https://shopify.com/authentication/74787684544/oauth/token,,False,"openid,email,customer-account-api:full,customer-account-mcp-api:full",https://shopify.com/authentication/74787684544,https://frontiergeneralhardware.net/.well-known/oauth-protected-resource,,dns_apex_spray,shopify_storefront
movieposters.com,https://movieposters.com/api/mcp,A_verified_mcp,oauth,True,200,storefront-renderer,0.1.0,2025-06-18,"logging,prompts,resources,tools",https://account.movieposters.com/authentication/oauth/authorize,https://account.movieposters.com/authentication/oauth/token,,False,"openid,email,customer-account-api:full,customer-account-mcp-api:full",https://shopify.com/authentication/5737283618,https://movieposters.com/.well-known/oauth-protected-resource,,dns_apex_spray,shopify_storefront
flaminfitness.com,https://flaminfitness.com/api/mcp,A_verified_mcp,oauth,True,200,storefront-renderer,0.1.0,2025-06-18,"logging,prompts,resources,tools",https://account.flaminfitness.com/authentication/oauth/authorize,https://account.flaminfitness.com/authentication/oauth/token,,False,"openid,email,customer-account-api:full,customer-account-mcp-api:full",https://shopify.com/authentication/44963528860,https://flaminfitness.com/.well-known/oauth-protected-resource,,dns_apex_spray,shopify_storefront
mova.tech,https://mova.tech/api/mcp,A_verified_mcp,oauth,True,200,storefront-renderer,0.1.0,2025-06-18,"logging,prompts,resources,tools",https://shopify.com/authentication/70896713967/oauth/authorize,https://shopify.com/authentication/70896713967/oauth/token,,False,"openid,email,customer-account-api:full,customer-account-mcp-api:full",https://shopify.com/authentication/70896713967,https://mova.tech/.well-known/oauth-protected-resource,,dns_apex_spray,shopify_storefront
flybubble.com,https://flybubble.com/api/mcp,A_verified_mcp,oauth,True,200,storefront-renderer,0.1.0,2025-06-18,"logging,prompts,resources,tools",https://my.flybubble.com/authentication/oauth/authorize,https://my.flybubble.com/authentication/oauth/token,,False,"openid,email,customer-account-api:full,customer-account-mcp-api:full",https://shopify.com/authentication/91429732734,https://flybubble.com/.well-known/oauth-protected-resource,,dns_apex_spray,shopify_storefront
mexgrocer.com,https://mexgrocer.com/api/mcp,A_verified_mcp,oauth,True,200,storefront-renderer,0.1.0,2025-06-18,"logging,prompts,resources,tools",https://account.mexgrocer.com/authentication/oauth/authorize,https://account.mexgrocer.com/authentication/oauth/token,,False,"openid,email,customer-account-api:full,customer-account-mcp-api:full",https://shopify.com/authentication/69427822728,https://mexgrocer.com/.well-known/oauth-protected-resource,,dns_apex_spray,shopify_storefront
luisaworld.com,https://luisaworld.com/api/mcp,A_verified_mcp,oauth,True,200,storefront-renderer,0.1.0,2025-06-18,"logging,prompts,resources,tools",https://account.luisaworld.com/authentication/oauth/authorize,https://account.luisaworld.com/authentication/oauth/token,,False,"openid,email,customer-account-api:full,customer-account-mcp-api:full",https://shopify.com/authentication/96040878418,https://luisaworld.com/.well-known/oauth-protected-resource,,dns_apex_spray,shopify_storefront
american-giant.com,https://american-giant.com/api/mcp,A_verified_mcp,oauth,True,200,storefront-renderer,0.1.0,2025-06-18,"logging,prompts,resources,tools",https://shopify.com/authentication/8134492257/oauth/authorize,https://shopify.com/authentication/8134492257/oauth/token,,False,"openid,email,customer-account-api:full,customer-account-mcp-api:full",https://shopify.com/authentication/8134492257,https://american-giant.com/.well-known/oauth-protected-resource,,dns_apex_spray,shopify_storefront
fultonfishmarket.com,https://fultonfishmarket.com/api/mcp,A_verified_mcp,oauth,True,200,storefront-renderer,0.1.0,2025-06-18,"logging,prompts,resources,tools",https://shopify.com/authentication/60696723670/oauth/authorize,https://shopify.com/authentication/60696723670/oauth/token,,False,"openid,email,customer-account-api:full,customer-account-mcp-api:full",https://shopify.com/authentication/60696723670,https://fultonfishmarket.com/.well-known/oauth-protected-resource,,dns_apex_spray,shopify_storefront
carolsdaughter.com,https://carolsdaughter.com/api/mcp,A_verified_mcp,oauth,True,200,storefront-renderer,0.1.0,2025-06-18,"logging,prompts,resources,tools",https://account.carolsdaughter.com/authentication/oauth/authorize,https://account.carolsdaughter.com/authentication/oauth/token,,False,"openid,email,customer-account-api:full,customer-account-mcp-api:full",https://shopify.com/authentication/70776094772,https://carolsdaughter.com/.well-known/oauth-protected-resource,,dns_apex_spray,shopify_storefront
petlibro.com,https://petlibro.com/api/mcp,A_verified_mcp,oauth,True,200,storefront-renderer,0.1.0,2025-06-18,"logging,prompts,resources,tools",https://account.petlibro.com/authentication/oauth/authorize,https://account.petlibro.com/authentication/oauth/token,,False,"openid,email,customer-account-api:full,customer-account-mcp-api:full",https://shopify.com/authentication/25251971119,https://petlibro.com/.well-known/oauth-protected-resource,,dns_apex_spray,shopify_storefront
physiciansformula.com,https://physiciansformula.com/api/mcp,A_verified_mcp,oauth,True,200,storefront-renderer,0.1.0,2025-06-18,"logging,prompts,resources,tools",https://shopify.com/authentication/93235478837/oauth/authorize,https://shopify.com/authentication/93235478837/oauth/token,,False,"openid,email,customer-account-api:full,customer-account-mcp-api:full",https://shopify.com/authentication/93235478837,https://physiciansformula.com/.well-known/oauth-protected-resource,,dns_apex_spray,shopify_storefront
carluccios.com,https://carluccios.com/api/mcp,A_verified_mcp,oauth,True,200,storefront-renderer,0.1.0,2025-06-18,"logging,prompts,resources,tools",https://shopify.com/authentication/63036850384/oauth/authorize,https://shopify.com/authentication/63036850384/oauth/token,,False,"openid,email,customer-account-api:full,customer-account-mcp-api:full",https://shopify.com/authentication/63036850384,https://carluccios.com/.well-known/oauth-protected-resource,,dns_apex_spray,shopify_storefront
ketone.com,https://ketone.com/api/mcp,A_verified_mcp,oauth,True,200,storefront-renderer,0.1.0,2025-06-18,"logging,prompts,resources,tools",https://account.ketone.com/authentication/oauth/authorize,https://account.ketone.com/authentication/oauth/token,,False,"openid,email,customer-account-api:full,customer-account-mcp-api:full",https://shopify.com/authentication/25727336499,https://ketone.com/.well-known/oauth-protected-resource,,dns_apex_spray,shopify_storefront
carlfriedrik.com,https://carlfriedrik.com/api/mcp,A_verified_mcp,oauth,True,200,storefront-renderer,0.1.0,2025-06-18,"logging,prompts,resources,tools",https://shopify.com/authentication/57227772040/oauth/authorize,https://shopify.com/authentication/57227772040/oauth/token,,False,"openid,email,customer-account-api:full,customer-account-mcp-api:full",https://shopify.com/authentication/57227772040,https://carlfriedrik.com/.well-known/oauth-protected-resource,,dns_apex_spray,shopify_storefront
aerosoles.com,https://aerosoles.com/api/mcp,A_verified_mcp,oauth,True,200,storefront-renderer,0.1.0,2025-06-18,"logging,prompts,resources,tools",https://shopify.com/authentication/6611763284/oauth/authorize,https://shopify.com/authentication/6611763284/oauth/token,,False,"openid,email,customer-account-api:full,customer-account-mcp-api:full",https://shopify.com/authentication/6611763284,https://aerosoles.com/.well-known/oauth-protected-resource,,dns_apex_spray,shopify_storefront
lundberg.com,https://lundberg.com/api/mcp,A_verified_mcp,oauth,True,200,storefront-renderer,0.1.0,2025-06-18,"logging,prompts,resources,tools",https://account.lundberg.com/authentication/oauth/authorize,https://account.lundberg.com/authentication/oauth/token,,False,"openid,email,customer-account-api:full,customer-account-mcp-api:full",https://shopify.com/authentication/52156367023,https://lundberg.com/.well-known/oauth-protected-resource,,dns_apex_spray,shopify_storefront
cambridgesatchel.com,https://cambridgesatchel.com/api/mcp,A_verified_mcp,oauth,True,200,storefront-renderer,0.1.0,2025-06-18,"logging,prompts,resources,tools",https://shopify.com/authentication/24187055/oauth/authorize,https://shopify.com/authentication/24187055/oauth/token,,False,"openid,email,customer-account-api:full,customer-account-mcp-api:full",https://shopify.com/authentication/24187055,https://cambridgesatchel.com/.well-known/oauth-protected-resource,,dns_apex_spray,shopify_storefront
butlers.com,https://butlers.com/api/mcp,A_verified_mcp,oauth,True,200,storefront-renderer,0.1.0,2025-06-18,"logging,prompts,resources,tools",https://account.butlers.com/authentication/oauth/authorize,https://account.butlers.com/authentication/oauth/token,,False,"openid,email,customer-account-api:full,customer-account-mcp-api:full",https://shopify.com/authentication/89377997047,https://butlers.com/.well-known/oauth-protected-resource,,dns_apex_spray,shopify_storefront
burrow.com,https://burrow.com/api/mcp,A_verified_mcp,none_public,False,200,storefront-renderer,0.1.0,2025-06-18,"logging,prompts,resources,tools",,,,False,,,,,dns_apex_spray,shopify_storefront
colehaan.com,https://colehaan.com/api/mcp,A_verified_mcp,oauth,True,200,storefront-renderer,0.1.0,2025-06-18,"logging,prompts,resources,tools",https://shopify.com/authentication/71099383948/oauth/authorize,https://shopify.com/authentication/71099383948/oauth/token,,False,"openid,email,customer-account-api:full,customer-account-mcp-api:full",https://shopify.com/authentication/71099383948,https://colehaan.com/.well-known/oauth-protected-resource,,dns_apex_spray,shopify_storefront
coffeehousepress.org,https://coffeehousepress.org/api/mcp,A_verified_mcp,oauth,True,200,storefront-renderer,0.1.0,2025-06-18,"logging,prompts,resources,tools",https://shopify.com/authentication/14759808/oauth/authorize,https://shopify.com/authentication/14759808/oauth/token,,False,"openid,email,customer-account-api:full,customer-account-mcp-api:full",https://shopify.com/authentication/14759808,https://coffeehousepress.org/.well-known/oauth-protected-resource,,dns_apex_spray,shopify_storefront
burg.biz,https://burg.biz/api/mcp,A_verified_mcp,oauth,True,200,storefront-renderer,0.1.0,2025-06-18,"logging,prompts,resources,tools",https://shopify.com/authentication/60964700413/oauth/authorize,https://shopify.com/authentication/60964700413/oauth/token,,False,"openid,email,customer-account-api:full,customer-account-mcp-api:full",https://shopify.com/authentication/60964700413,https://burg.biz/.well-known/oauth-protected-resource,,dns_apex_spray,shopify_storefront
clare.com,https://clare.com/api/mcp,A_verified_mcp,oauth,True,200,storefront-renderer,0.1.0,2025-06-18,"logging,prompts,resources,tools",https://shopify.com/authentication/665583668/oauth/authorize,https://shopify.com/authentication/665583668/oauth/token,,False,"openid,email,customer-account-api:full,customer-account-mcp-api:full",https://shopify.com/authentication/665583668,https://clare.com/.well-known/oauth-protected-resource,,dns_apex_spray,shopify_storefront
pierrecardin.com,https://pierrecardin.com/api/mcp,A_verified_mcp,oauth,True,200,storefront-renderer,0.1.0,2025-06-18,"logging,prompts,resources,tools",https://account.pierrecardin.com/authentication/oauth/authorize,https://account.pierrecardin.com/authentication/oauth/token,,False,"openid,email,customer-account-api:full,customer-account-mcp-api:full",https://shopify.com/authentication/89429016922,https://pierrecardin.com/.well-known/oauth-protected-resource,,dns_apex_spray,shopify_storefront
corelle.com,https://corelle.com/api/mcp,A_verified_mcp,oauth,True,200,storefront-renderer,0.1.0,2025-06-18,"logging,prompts,resources,tools",https://accounts.corelle.com/authentication/oauth/authorize,https://accounts.corelle.com/authentication/oauth/token,,False,"openid,email,customer-account-api:full,customer-account-mcp-api:full",https://shopify.com/authentication/77974372646,https://corelle.com/.well-known/oauth-protected-resource,,dns_apex_spray,shopify_storefront
bollandbranch.com,https://bollandbranch.com/api/mcp,A_verified_mcp,oauth,True,200,storefront-renderer,0.1.0,2025-06-18,"logging,prompts,resources,tools",https://account.bollandbranch.com/authentication/oauth/authorize,https://account.bollandbranch.com/authentication/oauth/token,,False,"openid,email,customer-account-api:full,customer-account-mcp-api:full",https://shopify.com/authentication/11547838,https://bollandbranch.com/.well-known/oauth-protected-resource,,dns_apex_spray,shopify_storefront
citizensofhumanity.com,https://citizensofhumanity.com/api/mcp,A_verified_mcp,oauth,True,200,storefront-renderer,0.1.0,2025-06-18,"logging,prompts,resources,tools",https://shopify.com/authentication/25210421345/oauth/authorize,https://shopify.com/authentication/25210421345/oauth/token,,False,"openid,email,customer-account-api:full,customer-account-mcp-api:full",https://shopify.com/authentication/25210421345,https://citizensofhumanity.com/.well-known/oauth-protected-resource,,dns_apex_spray,shopify_storefront
bodyandfit.com,https://bodyandfit.com/api/mcp,A_verified_mcp,oauth,True,200,storefront-renderer,0.1.0,2025-06-18,"logging,prompts,resources,tools",https://account.bodyandfit.com/authentication/oauth/authorize,https://account.bodyandfit.com/authentication/oauth/token,,False,"openid,email,customer-account-api:full,customer-account-mcp-api:full",https://shopify.com/authentication/93166600521,https://bodyandfit.com/.well-known/oauth-protected-resource,,dns_apex_spray,shopify_storefront
chemexcoffeemaker.com,https://chemexcoffeemaker.com/api/mcp,A_verified_mcp,oauth,True,200,storefront-renderer,0.1.0,2025-06-18,"logging,prompts,resources,tools",https://account.chemexcoffeemaker.com/authentication/oauth/authorize,https://account.chemexcoffeemaker.com/authentication/oauth/token,,False,"openid,email,customer-account-api:full,customer-account-mcp-api:full",https://shopify.com/authentication/60817834044,https://chemexcoffeemaker.com/.well-known/oauth-protected-resource,,dns_apex_spray,shopify_storefront
mottandbow.com,https://mottandbow.com/api/mcp,A_verified_mcp,oauth,True,200,storefront-renderer,0.1.0,2025-06-18,"logging,prompts,resources,tools",https://myaccount.mottandbow.com/authentication/oauth/authorize,https://myaccount.mottandbow.com/authentication/oauth/token,,False,"openid,email,customer-account-api:full,customer-account-mcp-api:full",https://shopify.com/authentication/57873858748,https://mottandbow.com/.well-known/oauth-protected-resource,,dns_apex_spray,shopify_storefront
blackstonepublishing.com,https://blackstonepublishing.com/api/mcp,A_verified_mcp,oauth,True,200,storefront-renderer,0.1.0,2025-06-18,"logging,prompts,resources,tools",https://account.blackstonepublishing.com/authentication/oauth/authorize,https://account.blackstonepublishing.com/authentication/oauth/token,,False,"openid,email,customer-account-api:full,customer-account-mcp-api:full",https://shopify.com/authentication/62510694538,https://blackstonepublishing.com/.well-known/oauth-protected-resource,,dns_apex_spray,shopify_storefront
jmedj.co.jp,https://jmedj.co.jp/api/mcp,A_verified_mcp,oauth,True,200,storefront-renderer,0.1.0,2025-06-18,"logging,prompts,resources,tools",https://shopify.com/authentication/57634586727/oauth/authorize,https://shopify.com/authentication/57634586727/oauth/token,,False,"openid,email,customer-account-api:full,customer-account-mcp-api:full",https://shopify.com/authentication/57634586727,https://jmedj.co.jp/.well-known/oauth-protected-resource,,dns_apex_spray,shopify_storefront
celebsmoviejackets.com,https://celebsmoviejackets.com/api/mcp,A_verified_mcp,oauth,True,200,storefront-renderer,0.1.0,2025-06-18,"logging,prompts,resources,tools",https://shopify.com/authentication/68017586266/oauth/authorize,https://shopify.com/authentication/68017586266/oauth/token,,False,"openid,email,customer-account-api:full,customer-account-mcp-api:full",https://shopify.com/authentication/68017586266,https://celebsmoviejackets.com/.well-known/oauth-protected-resource,,dns_apex_spray,shopify_storefront
koicbd.com,https://koicbd.com/api/mcp,A_verified_mcp,oauth,True,200,storefront-renderer,0.1.0,2025-06-18,"logging,prompts,resources,tools",https://shopify.com/authentication/63310397511/oauth/authorize,https://shopify.com/authentication/63310397511/oauth/token,,False,"openid,email,customer-account-api:full,customer-account-mcp-api:full",https://shopify.com/authentication/63310397511,https://koicbd.com/.well-known/oauth-protected-resource,,dns_apex_spray,shopify_storefront
hammernutrition.com,https://hammernutrition.com/api/mcp,A_verified_mcp,oauth,True,200,storefront-renderer,0.1.0,2025-06-18,"logging,prompts,resources,tools",https://account.hammernutrition.com/authentication/oauth/authorize,https://account.hammernutrition.com/authentication/oauth/token,,False,"openid,email,customer-account-api:full,customer-account-mcp-api:full",https://shopify.com/authentication/61791928555,https://hammernutrition.com/.well-known/oauth-protected-resource,,dns_apex_spray,shopify_storefront
bdgastore.com,https://bdgastore.com/api/mcp,A_verified_mcp,oauth,True,200,storefront-renderer,0.1.0,2025-06-18,"logging,prompts,resources,tools",https://shopify.com/authentication/499112/oauth/authorize,https://shopify.com/authentication/499112/oauth/token,,False,"openid,email,customer-account-api:full,customer-account-mcp-api:full",https://shopify.com/authentication/499112,https://bdgastore.com/.well-known/oauth-protected-resource,,dns_apex_spray,shopify_storefront
gsioutdoors.com,https://gsioutdoors.com/api/mcp,A_verified_mcp,oauth,True,200,storefront-renderer,0.1.0,2025-06-18,"logging,prompts,resources,tools",https://shopify.com/authentication/64741671144/oauth/authorize,https://shopify.com/authentication/64741671144/oauth/token,,False,"openid,email,customer-account-api:full,customer-account-mcp-api:full",https://shopify.com/authentication/64741671144,https://gsioutdoors.com/.well-known/oauth-protected-resource,,dns_apex_spray,shopify_storefront
highlandwoodworking.com,https://highlandwoodworking.com/api/mcp,A_verified_mcp,oauth,True,200,storefront-renderer,0.1.0,2025-06-18,"logging,prompts,resources,tools",https://account.highlandwoodworking.com/authentication/oauth/authorize,https://account.highlandwoodworking.com/authentication/oauth/token,,False,"openid,email,customer-account-api:full,customer-account-mcp-api:full",https://shopify.com/authentication/90451673370,https://highlandwoodworking.com/.well-known/oauth-protected-resource,,dns_apex_spray,shopify_storefront
revibe.me,https://revibe.me/api/mcp,A_verified_mcp,oauth,True,200,storefront-renderer,0.1.0,2025-06-18,"logging,prompts,resources,tools",https://shopify.com/authentication/69517377855/oauth/authorize,https://shopify.com/authentication/69517377855/oauth/token,,False,"openid,email,customer-account-api:full,customer-account-mcp-api:full",https://shopify.com/authentication/69517377855,https://revibe.me/.well-known/oauth-protected-resource,,dns_apex_spray,shopify_storefront
geeetech.com,https://geeetech.com/api/mcp,A_verified_mcp,oauth,True,200,storefront-renderer,0.1.0,2025-06-18,"logging,prompts,resources,tools",https://account.geeetech.com/authentication/oauth/authorize,https://account.geeetech.com/authentication/oauth/token,,False,"openid,email,customer-account-api:full,customer-account-mcp-api:full",https://shopify.com/authentication/82805817592,https://geeetech.com/.well-known/oauth-protected-resource,,dns_apex_spray,shopify_storefront
libertysafe.com,https://libertysafe.com/api/mcp,A_verified_mcp,oauth,True,200,storefront-renderer,0.1.0,2025-06-18,"logging,prompts,resources,tools",https://shopify.com/authentication/6906576966/oauth/authorize,https://shopify.com/authentication/6906576966/oauth/token,,False,"openid,email,customer-account-api:full,customer-account-mcp-api:full",https://shopify.com/authentication/6906576966,https://libertysafe.com/.well-known/oauth-protected-resource,,dns_apex_spray,shopify_storefront
groupelivre.com,https://groupelivre.com/api/mcp,A_verified_mcp,oauth,True,200,storefront-renderer,0.1.0,2025-06-18,"logging,prompts,resources,tools",https://shopify.com/authentication/61167206657/oauth/authorize,https://shopify.com/authentication/61167206657/oauth/token,,False,"openid,email,customer-account-api:full,customer-account-mcp-api:full",https://shopify.com/authentication/61167206657,https://groupelivre.com/.well-known/oauth-protected-resource,,dns_apex_spray,shopify_storefront
gempages.net,https://gempages.net/api/mcp,A_verified_mcp,oauth,True,200,storefront-renderer,0.1.0,2025-06-18,"logging,prompts,resources,tools",https://shopify.com/authentication/18334291/oauth/authorize,https://shopify.com/authentication/18334291/oauth/token,,False,"openid,email,customer-account-api:full,customer-account-mcp-api:full",https://shopify.com/authentication/18334291,https://gempages.net/.well-known/oauth-protected-resource,,dns_apex_spray,shopify_storefront
greenhousemegastore.com,https://greenhousemegastore.com/api/mcp,A_verified_mcp,oauth,True,200,storefront-renderer,0.1.0,2025-06-18,"logging,prompts,resources,tools",https://account.greenhousemegastore.com/authentication/oauth/authorize,https://account.greenhousemegastore.com/authentication/oauth/token,,False,"openid,email,customer-account-api:full,customer-account-mcp-api:full",https://shopify.com/authentication/53338472647,https://greenhousemegastore.com/.well-known/oauth-protected-resource,,dns_apex_spray,shopify_storefront
gearx.com,https://gearx.com/api/mcp,A_verified_mcp,oauth,True,200,storefront-renderer,0.1.0,2025-06-18,"logging,prompts,resources,tools",https://account.gearx.com/authentication/oauth/authorize,https://account.gearx.com/authentication/oauth/token,,False,"openid,email,customer-account-api:full,customer-account-mcp-api:full",https://shopify.com/authentication/67861381276,https://gearx.com/.well-known/oauth-protected-resource,,dns_apex_spray,shopify_storefront
renpho.com,https://renpho.com/api/mcp,A_verified_mcp,oauth,True,200,storefront-renderer,0.1.0,2025-06-18,"logging,prompts,resources,tools",https://account.renpho.com/authentication/oauth/authorize,https://account.renpho.com/authentication/oauth/token,,False,"openid,email,customer-account-api:full,customer-account-mcp-api:full",https://shopify.com/authentication/8346304597,https://renpho.com/.well-known/oauth-protected-resource,,dns_apex_spray,shopify_storefront
altestore.com,https://altestore.com/api/mcp,A_verified_mcp,oauth,True,200,storefront-renderer,0.1.0,2025-06-18,"logging,prompts,resources,tools",https://account.altestore.com/authentication/oauth/authorize,https://account.altestore.com/authentication/oauth/token,,False,"openid,email,customer-account-api:full,customer-account-mcp-api:full",https://shopify.com/authentication/71433650395,https://altestore.com/.well-known/oauth-protected-resource,,dns_apex_spray,shopify_storefront
reneesgarden.com,https://reneesgarden.com/api/mcp,A_verified_mcp,oauth,True,200,storefront-renderer,0.1.0,2025-06-18,"logging,prompts,resources,tools",https://shopify.com/authentication/8445779/oauth/authorize,https://shopify.com/authentication/8445779/oauth/token,,False,"openid,email,customer-account-api:full,customer-account-mcp-api:full",https://shopify.com/authentication/8445779,https://reneesgarden.com/.well-known/oauth-protected-resource,,dns_apex_spray,shopify_storefront
higherdose.com,https://higherdose.com/api/mcp,A_verified_mcp,oauth,True,200,storefront-renderer,0.1.0,2025-06-18,"logging,prompts,resources,tools",https://shopify.com/authentication/22626551/oauth/authorize,https://shopify.com/authentication/22626551/oauth/token,,False,"openid,email,customer-account-api:full,customer-account-mcp-api:full",https://shopify.com/authentication/22626551,https://higherdose.com/.well-known/oauth-protected-resource,,dns_apex_spray,shopify_storefront
redmond.com,https://redmond.com/api/mcp,A_verified_mcp,oauth,True,200,storefront-renderer,0.1.0,2025-06-18,"logging,prompts,resources,tools",https://shopify.com/authentication/3186065475/oauth/authorize,https://shopify.com/authentication/3186065475/oauth/token,,False,"openid,email,customer-account-api:full,customer-account-mcp-api:full",https://shopify.com/authentication/3186065475,https://redmond.com/.well-known/oauth-protected-resource,,dns_apex_spray,shopify_storefront
hovding.com,https://hovding.com/api/mcp,A_verified_mcp,oauth,True,200,storefront-renderer,0.1.0,2025-06-18,"logging,prompts,resources,tools",https://shopify.com/authentication/94873616757/oauth/authorize,https://shopify.com/authentication/94873616757/oauth/token,,False,"openid,email,customer-account-api:full,customer-account-mcp-api:full",https://shopify.com/authentication/94873616757,https://hovding.com/.well-known/oauth-protected-resource,,dns_apex_spray,shopify_storefront
onehopewine.com,https://onehopewine.com/api/mcp,A_verified_mcp,oauth,True,200,storefront-renderer,0.1.0,2025-06-18,"logging,prompts,resources,tools",https://shopify.com/authentication/69319590028/oauth/authorize,https://shopify.com/authentication/69319590028/oauth/token,,False,"openid,email,customer-account-api:full,customer-account-mcp-api:full",https://shopify.com/authentication/69319590028,https://onehopewine.com/.well-known/oauth-protected-resource,,dns_apex_spray,shopify_storefront
kissusa.com,https://kissusa.com/api/mcp,A_verified_mcp,oauth,True,200,storefront-renderer,0.1.0,2025-06-18,"logging,prompts,resources,tools",https://account.kissusa.com/authentication/oauth/authorize,https://account.kissusa.com/authentication/oauth/token,,False,"openid,email,customer-account-api:full,customer-account-mcp-api:full",https://shopify.com/authentication/73343500573,https://kissusa.com/.well-known/oauth-protected-resource,,dns_apex_spray,shopify_storefront
ranchogordo.com,https://ranchogordo.com/api/mcp,A_verified_mcp,oauth,True,200,storefront-renderer,0.1.0,2025-06-18,"logging,prompts,resources,tools",https://shopify.com/authentication/6852511/oauth/authorize,https://shopify.com/authentication/6852511/oauth/token,,False,"openid,email,customer-account-api:full,customer-account-mcp-api:full",https://shopify.com/authentication/6852511,https://ranchogordo.com/.well-known/oauth-protected-resource,,dns_apex_spray,shopify_storefront
buly1803.com,https://buly1803.com/api/mcp,A_verified_mcp,oauth,True,200,storefront-renderer,0.1.0,2025-06-18,"logging,prompts,resources,tools",https://shopify.com/authentication/56956027079/oauth/authorize,https://shopify.com/authentication/56956027079/oauth/token,,False,"openid,email,customer-account-api:full,customer-account-mcp-api:full",https://shopify.com/authentication/56956027079,https://buly1803.com/.well-known/oauth-protected-resource,,dns_apex_spray,shopify_storefront
homesick.com,https://homesick.com/api/mcp,A_verified_mcp,oauth,True,200,storefront-renderer,0.1.0,2025-06-18,"logging,prompts,resources,tools",https://shopify.com/authentication/9876688/oauth/authorize,https://shopify.com/authentication/9876688/oauth/token,,False,"openid,email,customer-account-api:full,customer-account-mcp-api:full",https://shopify.com/authentication/9876688,https://homesick.com/.well-known/oauth-protected-resource,,dns_apex_spray,shopify_storefront
in2detailing.co.uk,https://in2detailing.co.uk/api/mcp,A_verified_mcp,oauth,True,200,storefront-renderer,0.1.0,2025-06-18,"logging,prompts,resources,tools",https://shopify.com/authentication/19036649/oauth/authorize,https://shopify.com/authentication/19036649/oauth/token,,False,"openid,email,customer-account-api:full,customer-account-mcp-api:full",https://shopify.com/authentication/19036649,https://in2detailing.co.uk/.well-known/oauth-protected-resource,,dns_apex_spray,shopify_storefront
gonoise.com,https://gonoise.com/api/mcp,A_verified_mcp,oauth,True,200,storefront-renderer,0.1.0,2025-06-18,"logging,prompts,resources,tools",https://shopify.com/authentication/9976284/oauth/authorize,https://shopify.com/authentication/9976284/oauth/token,,False,"openid,email,customer-account-api:full,customer-account-mcp-api:full",https://shopify.com/authentication/9976284,https://gonoise.com/.well-known/oauth-protected-resource,,dns_apex_spray,shopify_storefront
brunswickbilliards.com,https://brunswickbilliards.com/api/mcp,A_verified_mcp,oauth,True,200,storefront-renderer,0.1.0,2025-06-18,"logging,prompts,resources,tools",https://shopify.com/authentication/77601964332/oauth/authorize,https://shopify.com/authentication/77601964332/oauth/token,,False,"openid,email,customer-account-api:full,customer-account-mcp-api:full",https://shopify.com/authentication/77601964332,https://brunswickbilliards.com/.well-known/oauth-protected-resource,,dns_apex_spray,shopify_storefront
mccormick.com,https://mccormick.com/api/mcp,A_verified_mcp,oauth,True,200,storefront-renderer,0.1.0,2025-06-18,"logging,prompts,resources,tools",https://shopify.com/authentication/68642832583/oauth/authorize,https://shopify.com/authentication/68642832583/oauth/token,,False,"openid,email,customer-account-api:full,customer-account-mcp-api:full",https://shopify.com/authentication/68642832583,https://mccormick.com/.well-known/oauth-protected-resource,,dns_apex_spray,shopify_storefront
ifi-audio.com,https://ifi-audio.com/api/mcp,A_verified_mcp,oauth,True,200,storefront-renderer,0.1.0,2025-06-18,"logging,prompts,resources,tools",https://account.ifi-audio.com/authentication/oauth/authorize,https://account.ifi-audio.com/authentication/oauth/token,,False,"openid,email,customer-account-api:full,customer-account-mcp-api:full",https://shopify.com/authentication/87997415761,https://ifi-audio.com/.well-known/oauth-protected-resource,,dns_apex_spray,shopify_storefront
pvolve.com,https://pvolve.com/api/mcp,A_verified_mcp,oauth,True,200,storefront-renderer,0.1.0,2025-06-18,"logging,prompts,resources,tools",https://shopify.com/authentication/23795349/oauth/authorize,https://shopify.com/authentication/23795349/oauth/token,,False,"openid,email,customer-account-api:full,customer-account-mcp-api:full",https://shopify.com/authentication/23795349,https://pvolve.com/.well-known/oauth-protected-resource,,dns_apex_spray,shopify_storefront
hydrafacial.com,https://hydrafacial.com/api/mcp,A_verified_mcp,oauth,True,200,storefront-renderer,0.1.0,2025-06-18,"logging,prompts,resources,tools",https://shopify.com/authentication/76413042923/oauth/authorize,https://shopify.com/authentication/76413042923/oauth/token,,False,"openid,email,customer-account-api:full,customer-account-mcp-api:full",https://shopify.com/authentication/76413042923,https://hydrafacial.com/.well-known/oauth-protected-resource,,dns_apex_spray,shopify_storefront
loveandlogic.com,https://loveandlogic.com/api/mcp,A_verified_mcp,oauth,True,200,storefront-renderer,0.1.0,2025-06-18,"logging,prompts,resources,tools",https://shopify.com/authentication/8143863885/oauth/authorize,https://shopify.com/authentication/8143863885/oauth/token,,False,"openid,email,customer-account-api:full,customer-account-mcp-api:full",https://shopify.com/authentication/8143863885,https://loveandlogic.com/.well-known/oauth-protected-resource,,dns_apex_spray,shopify_storefront
guenergy.com,https://guenergy.com/api/mcp,A_verified_mcp,oauth,True,200,storefront-renderer,0.1.0,2025-06-18,"logging,prompts,resources,tools",https://account.guenergy.com/authentication/oauth/authorize,https://account.guenergy.com/authentication/oauth/token,,False,"openid,email,customer-account-api:full,customer-account-mcp-api:full",https://shopify.com/authentication/11265680,https://guenergy.com/.well-known/oauth-protected-resource,,dns_apex_spray,shopify_storefront
saltandstone.com,https://saltandstone.com/api/mcp,A_verified_mcp,oauth,True,200,storefront-renderer,0.1.0,2025-06-18,"logging,prompts,resources,tools",https://account.saltandstone.com/authentication/oauth/authorize,https://account.saltandstone.com/authentication/oauth/token,,False,"openid,email,customer-account-api:full,customer-account-mcp-api:full",https://shopify.com/authentication/19161271,https://saltandstone.com/.well-known/oauth-protected-resource,,dns_apex_spray,shopify_storefront
nutiva.com,https://nutiva.com/api/mcp,A_verified_mcp,oauth,True,200,storefront-renderer,0.1.0,2025-06-18,"logging,prompts,resources,tools",https://shopify.com/authentication/69334204495/oauth/authorize,https://shopify.com/authentication/69334204495/oauth/token,,False,"openid,email,customer-account-api:full,customer-account-mcp-api:full",https://shopify.com/authentication/69334204495,https://nutiva.com/.well-known/oauth-protected-resource,,dns_apex_spray,shopify_storefront
recordstore.co.uk,https://recordstore.co.uk/api/mcp,A_verified_mcp,oauth,True,200,storefront-renderer,0.1.0,2025-06-18,"logging,prompts,resources,tools",https://account.recordstore.co.uk/authentication/oauth/authorize,https://account.recordstore.co.uk/authentication/oauth/token,,False,"openid,email,customer-account-api:full,customer-account-mcp-api:full",https://shopify.com/authentication/68842979608,https://recordstore.co.uk/.well-known/oauth-protected-resource,,dns_apex_spray,shopify_storefront
lostartpress.com,https://lostartpress.com/api/mcp,A_verified_mcp,oauth,True,200,storefront-renderer,0.1.0,2025-06-18,"logging,prompts,resources,tools",https://account.lostartpress.com/authentication/oauth/authorize,https://account.lostartpress.com/authentication/oauth/token,,False,"openid,email,customer-account-api:full,customer-account-mcp-api:full",https://shopify.com/authentication/3063197,https://lostartpress.com/.well-known/oauth-protected-resource,,dns_apex_spray,shopify_storefront
loefflerrandall.com,https://loefflerrandall.com/api/mcp,A_verified_mcp,oauth,True,200,storefront-renderer,0.1.0,2025-06-18,"logging,prompts,resources,tools",https://shopify.com/authentication/25343852596/oauth/authorize,https://shopify.com/authentication/25343852596/oauth/token,,False,"openid,email,customer-account-api:full,customer-account-mcp-api:full",https://shopify.com/authentication/25343852596,https://loefflerrandall.com/.well-known/oauth-protected-resource,,dns_apex_spray,shopify_storefront
preownedweddingdresses.com,https://preownedweddingdresses.com/api/mcp,A_verified_mcp,oauth,True,200,storefront-renderer,0.1.0,2025-06-18,"logging,prompts,resources,tools",https://shopify.com/authentication/58028458158/oauth/authorize,https://shopify.com/authentication/58028458158/oauth/token,,False,"openid,email,customer-account-api:full,customer-account-mcp-api:full",https://shopify.com/authentication/58028458158,https://preownedweddingdresses.com/.well-known/oauth-protected-resource,,dns_apex_spray,shopify_storefront
holstee.com,https://holstee.com/api/mcp,A_verified_mcp,oauth,True,200,storefront-renderer,0.1.0,2025-06-18,"logging,prompts,resources,tools",https://shopify.com/authentication/315352/oauth/authorize,https://shopify.com/authentication/315352/oauth/token,,False,"openid,email,customer-account-api:full,customer-account-mcp-api:full",https://shopify.com/authentication/315352,https://holstee.com/.well-known/oauth-protected-resource,,dns_apex_spray,shopify_storefront
neptune.com,https://neptune.com/api/mcp,A_verified_mcp,oauth,True,200,storefront-renderer,0.1.0,2025-06-18,"logging,prompts,resources,tools",https://shopify.com/authentication/61967827101/oauth/authorize,https://shopify.com/authentication/61967827101/oauth/token,,False,"openid,email,customer-account-api:full,customer-account-mcp-api:full",https://shopify.com/authentication/61967827101,https://neptune.com/.well-known/oauth-protected-resource,,dns_apex_spray,shopify_storefront
incipio.com,https://incipio.com/api/mcp,A_verified_mcp,oauth,True,200,storefront-renderer,0.1.0,2025-06-18,"logging,prompts,resources,tools",https://shopify.com/authentication/57701597284/oauth/authorize,https://shopify.com/authentication/57701597284/oauth/token,,False,"openid,email,customer-account-api:full,customer-account-mcp-api:full",https://shopify.com/authentication/57701597284,https://incipio.com/.well-known/oauth-protected-resource,,dns_apex_spray,shopify_storefront
shark-helmets.com,https://shark-helmets.com/api/mcp,A_verified_mcp,oauth,True,200,storefront-renderer,0.1.0,2025-06-18,"logging,prompts,resources,tools",https://account.shark-helmets.com/authentication/oauth/authorize,https://account.shark-helmets.com/authentication/oauth/token,,False,"openid,email,customer-account-api:full,customer-account-mcp-api:full",https://shopify.com/authentication/91895955780,https://shark-helmets.com/.well-known/oauth-protected-resource,,dns_apex_spray,shopify_storefront
litfarms.com,https://litfarms.com/api/mcp,A_verified_mcp,oauth,True,200,storefront-renderer,0.1.0,2025-06-18,"logging,prompts,resources,tools",https://account.litfarms.com/authentication/oauth/authorize,https://account.litfarms.com/authentication/oauth/token,,False,"openid,email,customer-account-api:full,customer-account-mcp-api:full",https://shopify.com/authentication/77020627285,https://litfarms.com/.well-known/oauth-protected-resource,,dns_apex_spray,shopify_storefront
koraorganics.com,https://koraorganics.com/api/mcp,A_verified_mcp,oauth,True,200,storefront-renderer,0.1.0,2025-06-18,"logging,prompts,resources,tools",https://shopify.com/authentication/14097738/oauth/authorize,https://shopify.com/authentication/14097738/oauth/token,,False,"openid,email,customer-account-api:full,customer-account-mcp-api:full",https://shopify.com/authentication/14097738,https://koraorganics.com/.well-known/oauth-protected-resource,,dns_apex_spray,shopify_storefront
setartrading.com,https://setartrading.com/api/mcp,A_verified_mcp,oauth,True,200,storefront-renderer,0.1.0,2025-06-18,"logging,prompts,resources,tools",https://account.setartrading.com/authentication/oauth/authorize,https://account.setartrading.com/authentication/oauth/token,,False,"openid,email,customer-account-api:full,customer-account-mcp-api:full",https://shopify.com/authentication/9054676,https://setartrading.com/.well-known/oauth-protected-resource,,dns_apex_spray,shopify_storefront
ohpolly.com,https://ohpolly.com/api/mcp,A_verified_mcp,oauth,True,200,storefront-renderer,0.1.0,2025-06-18,"logging,prompts,resources,tools",https://shopify.com/authentication/59415068881/oauth/authorize,https://shopify.com/authentication/59415068881/oauth/token,,False,"openid,email,customer-account-api:full,customer-account-mcp-api:full",https://shopify.com/authentication/59415068881,https://ohpolly.com/.well-known/oauth-protected-resource,,dns_apex_spray,shopify_storefront
hayesbicycle.com,https://hayesbicycle.com/api/mcp,A_verified_mcp,oauth,True,200,storefront-renderer,0.1.0,2025-06-18,"logging,prompts,resources,tools",https://shopify.com/authentication/29939171373/oauth/authorize,https://shopify.com/authentication/29939171373/oauth/token,,False,"openid,email,customer-account-api:full,customer-account-mcp-api:full",https://shopify.com/authentication/29939171373,https://hayesbicycle.com/.well-known/oauth-protected-resource,,dns_apex_spray,shopify_storefront
goelia1995.com,https://goelia1995.com/api/mcp,A_verified_mcp,oauth,True,200,storefront-renderer,0.1.0,2025-06-18,"logging,prompts,resources,tools",https://shopify.com/authentication/61700997296/oauth/authorize,https://shopify.com/authentication/61700997296/oauth/token,,False,"openid,email,customer-account-api:full,customer-account-mcp-api:full",https://shopify.com/authentication/61700997296,https://goelia1995.com/.well-known/oauth-protected-resource,,dns_apex_spray,shopify_storefront
bbcicecream.com,https://bbcicecream.com/api/mcp,A_verified_mcp,oauth,True,200,storefront-renderer,0.1.0,2025-06-18,"logging,prompts,resources,tools",https://account.bbcicecream.com/authentication/oauth/authorize,https://account.bbcicecream.com/authentication/oauth/token,,False,"openid,email,customer-account-api:full,customer-account-mcp-api:full",https://shopify.com/authentication/7393265,https://bbcicecream.com/.well-known/oauth-protected-resource,,dns_apex_spray,shopify_storefront
bayrakaksesuar.com,https://bayrakaksesuar.com/api/mcp,A_verified_mcp,oauth,True,200,storefront-renderer,0.1.0,2025-06-18,"logging,prompts,resources,tools",https://shopify.com/authentication/81244422337/oauth/authorize,https://shopify.com/authentication/81244422337/oauth/token,,False,"openid,email,customer-account-api:full,customer-account-mcp-api:full",https://shopify.com/authentication/81244422337,https://bayrakaksesuar.com/.well-known/oauth-protected-resource,,dns_apex_spray,shopify_storefront
seattlecoffeegear.com,https://seattlecoffeegear.com/api/mcp,A_verified_mcp,oauth,True,200,storefront-renderer,0.1.0,2025-06-18,"logging,prompts,resources,tools",https://account.seattlecoffeegear.com/authentication/oauth/authorize,https://account.seattlecoffeegear.com/authentication/oauth/token,,False,"openid,email,customer-account-api:full,customer-account-mcp-api:full",https://shopify.com/authentication/83175735603,https://seattlecoffeegear.com/.well-known/oauth-protected-resource,,dns_apex_spray,shopify_storefront
deanguitars.com,https://deanguitars.com/api/mcp,A_verified_mcp,oauth,True,200,storefront-renderer,0.1.0,2025-06-18,"logging,prompts,resources,tools",https://shopify.com/authentication/69118263478/oauth/authorize,https://shopify.com/authentication/69118263478/oauth/token,,False,"openid,email,customer-account-api:full,customer-account-mcp-api:full",https://shopify.com/authentication/69118263478,https://deanguitars.com/.well-known/oauth-protected-resource,,dns_apex_spray,shopify_storefront
numerogroup.com,https://numerogroup.com/api/mcp,A_verified_mcp,oauth,True,200,storefront-renderer,0.1.0,2025-06-18,"logging,prompts,resources,tools",https://shopify.com/authentication/57316507846/oauth/authorize,https://shopify.com/authentication/57316507846/oauth/token,,False,"openid,email,customer-account-api:full,customer-account-mcp-api:full",https://shopify.com/authentication/57316507846,https://numerogroup.com/.well-known/oauth-protected-resource,,dns_apex_spray,shopify_storefront
darkroom.com,https://darkroom.com/api/mcp,A_verified_mcp,oauth,True,200,storefront-renderer,0.1.0,2025-06-18,"logging,prompts,resources,tools",https://shopify.com/authentication/58896384185/oauth/authorize,https://shopify.com/authentication/58896384185/oauth/token,,False,"openid,email,customer-account-api:full,customer-account-mcp-api:full",https://shopify.com/authentication/58896384185,https://darkroom.com/.well-known/oauth-protected-resource,,dns_apex_spray,shopify_storefront
bakedbymelissa.com,https://bakedbymelissa.com/api/mcp,A_verified_mcp,oauth,True,200,storefront-renderer,0.1.0,2025-06-18,"logging,prompts,resources,tools",https://shopify.com/authentication/65653309577/oauth/authorize,https://shopify.com/authentication/65653309577/oauth/token,,False,"openid,email,customer-account-api:full,customer-account-mcp-api:full",https://shopify.com/authentication/65653309577,https://bakedbymelissa.com/.well-known/oauth-protected-resource,,dns_apex_spray,shopify_storefront
paparoachmerch.com,https://paparoachmerch.com/api/mcp,A_verified_mcp,oauth,True,200,storefront-renderer,0.1.0,2025-06-18,"logging,prompts,resources,tools",https://shopify.com/authentication/45330596006/oauth/authorize,https://shopify.com/authentication/45330596006/oauth/token,,False,"openid,email,customer-account-api:full,customer-account-mcp-api:full",https://shopify.com/authentication/45330596006,https://paparoachmerch.com/.well-known/oauth-protected-resource,,dns_apex_spray,shopify_storefront
dandelionchocolate.com,https://dandelionchocolate.com/api/mcp,A_verified_mcp,oauth,True,200,storefront-renderer,0.1.0,2025-06-18,"logging,prompts,resources,tools",https://account.dandelionchocolate.com/authentication/oauth/authorize,https://account.dandelionchocolate.com/authentication/oauth/token,,False,"openid,email,customer-account-api:full,customer-account-mcp-api:full",https://shopify.com/authentication/24340841,https://dandelionchocolate.com/.well-known/oauth-protected-resource,,dns_apex_spray,shopify_storefront
babyboofashion.com,https://babyboofashion.com/api/mcp,A_verified_mcp,oauth,True,200,storefront-renderer,0.1.0,2025-06-18,"logging,prompts,resources,tools",https://shopify.com/authentication/20607491/oauth/authorize,https://shopify.com/authentication/20607491/oauth/token,,False,"openid,email,customer-account-api:full,customer-account-mcp-api:full",https://shopify.com/authentication/20607491,https://babyboofashion.com/.well-known/oauth-protected-resource,,dns_apex_spray,shopify_storefront
cbddoghealth.com,https://cbddoghealth.com/api/mcp,A_verified_mcp,oauth,True,200,storefront-renderer,0.1.0,2025-06-18,"logging,prompts,resources,tools",https://shopify.com/authentication/98881077536/oauth/authorize,https://shopify.com/authentication/98881077536/oauth/token,,False,"openid,email,customer-account-api:full,customer-account-mcp-api:full",https://shopify.com/authentication/98881077536,https://cbddoghealth.com/.well-known/oauth-protected-resource,,dns_apex_spray,shopify_storefront
dame.com,https://dame.com/api/mcp,A_verified_mcp,oauth,True,200,storefront-renderer,0.1.0,2025-06-18,"logging,prompts,resources,tools",https://shopify.com/authentication/10272873/oauth/authorize,https://shopify.com/authentication/10272873/oauth/token,,False,"openid,email,customer-account-api:full,customer-account-mcp-api:full",https://shopify.com/authentication/10272873,https://dame.com/.well-known/oauth-protected-resource,,dns_apex_spray,shopify_storefront
babiesrus.com,https://babiesrus.com/api/mcp,A_verified_mcp,oauth,True,200,storefront-renderer,0.1.0,2025-06-18,"logging,prompts,resources,tools",https://shopify.com/authentication/86469837108/oauth/authorize,https://shopify.com/authentication/86469837108/oauth/token,,False,"openid,email,customer-account-api:full,customer-account-mcp-api:full",https://shopify.com/authentication/86469837108,https://babiesrus.com/.well-known/oauth-protected-resource,,dns_apex_spray,shopify_storefront
castivaro.com,https://castivaro.com/api/mcp,A_verified_mcp,oauth,True,200,storefront-renderer,0.1.0,2025-06-18,"logging,prompts,resources,tools",https://shopify.com/authentication/104320860491/oauth/authorize,https://shopify.com/authentication/104320860491/oauth/token,,False,"openid,email,customer-account-api:full,customer-account-mcp-api:full",https://shopify.com/authentication/104320860491,https://castivaro.com/.well-known/oauth-protected-resource,,dns_apex_spray,shopify_storefront
casinosupply.com,https://casinosupply.com/api/mcp,A_verified_mcp,oauth,True,200,storefront-renderer,0.1.0,2025-06-18,"logging,prompts,resources,tools",https://shopify.com/authentication/12799999/oauth/authorize,https://shopify.com/authentication/12799999/oauth/token,,False,"openid,email,customer-account-api:full,customer-account-mcp-api:full",https://shopify.com/authentication/12799999,https://casinosupply.com/.well-known/oauth-protected-resource,,dns_apex_spray,shopify_storefront
craftcafe.store,https://craftcafe.store/api/mcp,A_verified_mcp,oauth,True,200,storefront-renderer,0.1.0,2025-06-18,"logging,prompts,resources,tools",https://shopify.com/authentication/37892391048/oauth/authorize,https://shopify.com/authentication/37892391048/oauth/token,,False,"openid,email,customer-account-api:full,customer-account-mcp-api:full",https://shopify.com/authentication/37892391048,https://craftcafe.store/.well-known/oauth-protected-resource,,dns_apex_spray,shopify_storefront
pureromance.com,https://pureromance.com/api/mcp,A_verified_mcp,oauth,True,200,storefront-renderer,0.1.0,2025-06-18,"logging,prompts,resources,tools",https://shopify.com/authentication/61529981148/oauth/authorize,https://shopify.com/authentication/61529981148/oauth/token,,False,"openid,email,customer-account-api:full,customer-account-mcp-api:full",https://shopify.com/authentication/61529981148,https://pureromance.com/.well-known/oauth-protected-resource,,dns_apex_spray,shopify_storefront
nobullproject.com,https://nobullproject.com/api/mcp,A_verified_mcp,oauth,True,200,storefront-renderer,0.1.0,2025-06-18,"logging,prompts,resources,tools",https://shopify.com/authentication/5584169/oauth/authorize,https://shopify.com/authentication/5584169/oauth/token,,False,"openid,email,customer-account-api:full,customer-account-mcp-api:full",https://shopify.com/authentication/5584169,https://nobullproject.com/.well-known/oauth-protected-resource,,dns_apex_spray,shopify_storefront
cowgirlcreamery.com,https://cowgirlcreamery.com/api/mcp,A_verified_mcp,oauth,True,200,storefront-renderer,0.1.0,2025-06-18,"logging,prompts,resources,tools",https://shopify.com/authentication/4674257025/oauth/authorize,https://shopify.com/authentication/4674257025/oauth/token,,False,"openid,email,customer-account-api:full,customer-account-mcp-api:full",https://shopify.com/authentication/4674257025,https://cowgirlcreamery.com/.well-known/oauth-protected-resource,,dns_apex_spray,shopify_storefront
brain-effect.com,https://brain-effect.com/api/mcp,A_verified_mcp,oauth,True,200,storefront-renderer,0.1.0,2025-06-18,"logging,prompts,resources,tools",https://account.brain-effect.com/authentication/oauth/authorize,https://account.brain-effect.com/authentication/oauth/token,,False,"openid,email,customer-account-api:full,customer-account-mcp-api:full",https://shopify.com/authentication/91000930647,https://brain-effect.com/.well-known/oauth-protected-resource,,dns_apex_spray,shopify_storefront
lire.fr,https://lire.fr/api/mcp,A_verified_mcp,oauth,True,200,storefront-renderer,0.1.0,2025-06-18,"logging,prompts,resources,tools",https://compte.lire.fr/authentication/oauth/authorize,https://compte.lire.fr/authentication/oauth/token,,False,"openid,email,customer-account-api:full,customer-account-mcp-api:full",https://shopify.com/authentication/52087423151,https://lire.fr/.well-known/oauth-protected-resource,,dns_apex_spray,shopify_storefront
carreraworld.com,https://carreraworld.com/api/mcp,A_verified_mcp,oauth,True,200,storefront-renderer,0.1.0,2025-06-18,"logging,prompts,resources,tools",https://account.carreraworld.com/authentication/oauth/authorize,https://account.carreraworld.com/authentication/oauth/token,,False,"openid,email,customer-account-api:full,customer-account-mcp-api:full",https://shopify.com/authentication/60201566447,https://carreraworld.com/.well-known/oauth-protected-resource,,dns_apex_spray,shopify_storefront
oka.com,https://oka.com/api/mcp,A_verified_mcp,oauth,True,200,storefront-renderer,0.1.0,2025-06-18,"logging,prompts,resources,tools",https://account.oka.com/authentication/oauth/authorize,https://account.oka.com/authentication/oauth/token,,False,"openid,email,customer-account-api:full,customer-account-mcp-api:full",https://shopify.com/authentication/76973474059,https://oka.com/.well-known/oauth-protected-resource,,dns_apex_spray,shopify_storefront
fizik.com,https://fizik.com/api/mcp,A_verified_mcp,oauth,True,200,storefront-renderer,0.1.0,2025-06-18,"logging,prompts,resources,tools",https://shopify.com/authentication/89479184726/oauth/authorize,https://shopify.com/authentication/89479184726/oauth/token,,False,"openid,email,customer-account-api:full,customer-account-mcp-api:full",https://shopify.com/authentication/89479184726,https://fizik.com/.well-known/oauth-protected-resource,,dns_apex_spray,shopify_storefront
costumesupercenter.com,https://costumesupercenter.com/api/mcp,A_verified_mcp,oauth,True,200,storefront-renderer,0.1.0,2025-06-18,"logging,prompts,resources,tools",https://account.costumesupercenter.com/authentication/oauth/authorize,https://account.costumesupercenter.com/authentication/oauth/token,,False,"openid,email,customer-account-api:full,customer-account-mcp-api:full",https://shopify.com/authentication/60879896738,https://costumesupercenter.com/.well-known/oauth-protected-resource,,dns_apex_spray,shopify_storefront
bougerv.com,https://bougerv.com/api/mcp,A_verified_mcp,none_public,False,200,storefront-renderer,0.1.0,2025-06-18,"logging,prompts,resources,tools",,,,False,,,,,dns_apex_spray,shopify_storefront
pencils.com,https://pencils.com/api/mcp,A_verified_mcp,oauth,True,200,storefront-renderer,0.1.0,2025-06-18,"logging,prompts,resources,tools",https://shopify.com/authentication/17254744164/oauth/authorize,https://shopify.com/authentication/17254744164/oauth/token,,False,"openid,email,customer-account-api:full,customer-account-mcp-api:full",https://shopify.com/authentication/17254744164,https://pencils.com/.well-known/oauth-protected-resource,,dns_apex_spray,shopify_storefront
financialmodelslab.com,https://financialmodelslab.com/api/mcp,A_verified_mcp,oauth,True,200,storefront-renderer,0.1.0,2025-06-18,"logging,prompts,resources,tools",https://account.financialmodelslab.com/authentication/oauth/authorize,https://account.financialmodelslab.com/authentication/oauth/token,,False,"openid,email,customer-account-api:full,customer-account-mcp-api:full",https://shopify.com/authentication/52261912762,https://financialmodelslab.com/.well-known/oauth-protected-resource,,dns_apex_spray,shopify_storefront
cosabella.com,https://cosabella.com/api/mcp,A_verified_mcp,oauth,True,200,storefront-renderer,0.1.0,2025-06-18,"logging,prompts,resources,tools",https://shopify.com/authentication/24814551074/oauth/authorize,https://shopify.com/authentication/24814551074/oauth/token,,False,"openid,email,customer-account-api:full,customer-account-mcp-api:full",https://shopify.com/authentication/24814551074,https://cosabella.com/.well-known/oauth-protected-resource,,dns_apex_spray,shopify_storefront
peachandlily.com,https://peachandlily.com/api/mcp,A_verified_mcp,oauth,True,200,storefront-renderer,0.1.0,2025-06-18,"logging,prompts,resources,tools",https://account.peachandlily.com/authentication/oauth/authorize,https://account.peachandlily.com/authentication/oauth/token,,False,"openid,email,customer-account-api:full,customer-account-mcp-api:full",https://shopify.com/authentication/7912083,https://peachandlily.com/.well-known/oauth-protected-resource,,dns_apex_spray,shopify_storefront
nelsons.com,https://nelsons.com/api/mcp,A_verified_mcp,oauth,True,200,storefront-renderer,0.1.0,2025-06-18,"logging,prompts,resources,tools",https://shopify.com/authentication/87337632010/oauth/authorize,https://shopify.com/authentication/87337632010/oauth/token,,False,"openid,email,customer-account-api:full,customer-account-mcp-api:full",https://shopify.com/authentication/87337632010,https://nelsons.com/.well-known/oauth-protected-resource,,dns_apex_spray,shopify_storefront
greenpeople.co.uk,https://greenpeople.co.uk/api/mcp,A_verified_mcp,oauth,True,200,storefront-renderer,0.1.0,2025-06-18,"logging,prompts,resources,tools",https://shopify.com/authentication/28299100205/oauth/authorize,https://shopify.com/authentication/28299100205/oauth/token,,False,"openid,email,customer-account-api:full,customer-account-mcp-api:full",https://shopify.com/authentication/28299100205,https://greenpeople.co.uk/.well-known/oauth-protected-resource,,dns_apex_spray,shopify_storefront
fiftyflowers.com,https://fiftyflowers.com/api/mcp,A_verified_mcp,oauth,True,200,storefront-renderer,0.1.0,2025-06-18,"logging,prompts,resources,tools",https://account.fiftyflowers.com/authentication/oauth/authorize,https://account.fiftyflowers.com/authentication/oauth/token,,False,"openid,email,customer-account-api:full,customer-account-mcp-api:full",https://shopify.com/authentication/51689685154,https://fiftyflowers.com/.well-known/oauth-protected-resource,,dns_apex_spray,shopify_storefront
books.selaheltelmeez.net,https://books.selaheltelmeez.net/api/mcp,A_verified_mcp,oauth,True,200,storefront-renderer,0.1.0,2025-06-18,"logging,prompts,resources,tools",https://shopify.com/authentication/76944834862/oauth/authorize,https://shopify.com/authentication/76944834862/oauth/token,,False,"openid,email,customer-account-api:full,customer-account-mcp-api:full",https://shopify.com/authentication/76944834862,https://books.selaheltelmeez.net/.well-known/oauth-protected-resource,,dns_apex_spray,shopify_storefront
ladulcefactory.com,https://ladulcefactory.com/api/mcp,A_verified_mcp,oauth,True,200,storefront-renderer,0.1.0,2025-06-18,"logging,prompts,resources,tools",https://shopify.com/authentication/46744338598/oauth/authorize,https://shopify.com/authentication/46744338598/oauth/token,,False,"openid,email,customer-account-api:full,customer-account-mcp-api:full",https://shopify.com/authentication/46744338598,https://ladulcefactory.com/.well-known/oauth-protected-resource,,dns_apex_spray,shopify_storefront
krkmusic.com,https://krkmusic.com/api/mcp,A_verified_mcp,oauth,True,200,storefront-renderer,0.1.0,2025-06-18,"logging,prompts,resources,tools",https://shopify.com/authentication/56608096342/oauth/authorize,https://shopify.com/authentication/56608096342/oauth/token,,False,"openid,email,customer-account-api:full,customer-account-mcp-api:full",https://shopify.com/authentication/56608096342,https://krkmusic.com/.well-known/oauth-protected-resource,,dns_apex_spray,shopify_storefront
goldieblox.com,https://goldieblox.com/api/mcp,A_verified_mcp,oauth,True,200,storefront-renderer,0.1.0,2025-06-18,"logging,prompts,resources,tools",https://shopify.com/authentication/1786531/oauth/authorize,https://shopify.com/authentication/1786531/oauth/token,,False,"openid,email,customer-account-api:full,customer-account-mcp-api:full",https://shopify.com/authentication/1786531,https://goldieblox.com/.well-known/oauth-protected-resource,,dns_apex_spray,shopify_storefront
fiberondecking.com,https://fiberondecking.com/api/mcp,A_verified_mcp,oauth,True,200,storefront-renderer,0.1.0,2025-06-18,"logging,prompts,resources,tools",https://shopify.com/authentication/56546459837/oauth/authorize,https://shopify.com/authentication/56546459837/oauth/token,,False,"openid,email,customer-account-api:full,customer-account-mcp-api:full",https://shopify.com/authentication/56546459837,https://fiberondecking.com/.well-known/oauth-protected-resource,,dns_apex_spray,shopify_storefront
fenixlighting.com,https://fenixlighting.com/api/mcp,A_verified_mcp,oauth,True,200,storefront-renderer,0.1.0,2025-06-18,"logging,prompts,resources,tools",https://shopify.com/authentication/55381721142/oauth/authorize,https://shopify.com/authentication/55381721142/oauth/token,,False,"openid,email,customer-account-api:full,customer-account-mcp-api:full",https://shopify.com/authentication/55381721142,https://fenixlighting.com/.well-known/oauth-protected-resource,,dns_apex_spray,shopify_storefront
feltbicycles.com,https://feltbicycles.com/api/mcp,A_verified_mcp,oauth,True,200,storefront-renderer,0.1.0,2025-06-18,"logging,prompts,resources,tools",https://shopify.com/authentication/102621970757/oauth/authorize,https://shopify.com/authentication/102621970757/oauth/token,,False,"openid,email,customer-account-api:full,customer-account-mcp-api:full",https://shopify.com/authentication/102621970757,https://feltbicycles.com/.well-known/oauth-protected-resource,,dns_apex_spray,shopify_storefront
pangrampangram.com,https://pangrampangram.com/api/mcp,A_verified_mcp,oauth,True,200,storefront-renderer,0.1.0,2025-06-18,"logging,prompts,resources,tools",https://shopify.com/authentication/26426578/oauth/authorize,https://shopify.com/authentication/26426578/oauth/token,,False,"openid,email,customer-account-api:full,customer-account-mcp-api:full",https://shopify.com/authentication/26426578,https://pangrampangram.com/.well-known/oauth-protected-resource,,dns_apex_spray,shopify_storefront
fazeclan.com,https://fazeclan.com/api/mcp,A_verified_mcp,oauth,True,200,storefront-renderer,0.1.0,2025-06-18,"logging,prompts,resources,tools",https://shopify.com/authentication/6850740281/oauth/authorize,https://shopify.com/authentication/6850740281/oauth/token,,False,"openid,email,customer-account-api:full,customer-account-mcp-api:full",https://shopify.com/authentication/6850740281,https://fazeclan.com/.well-known/oauth-protected-resource,,dns_apex_spray,shopify_storefront
ccs.com,https://ccs.com/api/mcp,A_verified_mcp,oauth,True,200,storefront-renderer,0.1.0,2025-06-18,"logging,prompts,resources,tools",https://account.ccs.com/authentication/oauth/authorize,https://account.ccs.com/authentication/oauth/token,,False,"openid,email,customer-account-api:full,customer-account-mcp-api:full",https://shopify.com/authentication/51913883831,https://ccs.com/.well-known/oauth-protected-resource,,dns_apex_spray,shopify_storefront
ravpower.com,https://ravpower.com/api/mcp,A_verified_mcp,oauth,True,200,storefront-renderer,0.1.0,2025-06-18,"logging,prompts,resources,tools",https://shopify.com/authentication/25756565579/oauth/authorize,https://shopify.com/authentication/25756565579/oauth/token,,False,"openid,email,customer-account-api:full,customer-account-mcp-api:full",https://shopify.com/authentication/25756565579,https://ravpower.com/.well-known/oauth-protected-resource,,dns_apex_spray,shopify_storefront
homebrewing.org,https://homebrewing.org/api/mcp,A_verified_mcp,oauth,True,200,storefront-renderer,0.1.0,2025-06-18,"logging,prompts,resources,tools",https://shopify.com/authentication/62008623325/oauth/authorize,https://shopify.com/authentication/62008623325/oauth/token,,False,"openid,email,customer-account-api:full,customer-account-mcp-api:full",https://shopify.com/authentication/62008623325,https://homebrewing.org/.well-known/oauth-protected-resource,,dns_apex_spray,shopify_storefront
hellotushy.com,https://hellotushy.com/api/mcp,A_verified_mcp,oauth,True,200,storefront-renderer,0.1.0,2025-06-18,"logging,prompts,resources,tools",https://shopify.com/authentication/8812654/oauth/authorize,https://shopify.com/authentication/8812654/oauth/token,,False,"openid,email,customer-account-api:full,customer-account-mcp-api:full",https://shopify.com/authentication/8812654,https://hellotushy.com/.well-known/oauth-protected-resource,,dns_apex_spray,shopify_storefront
garrettwade.com,https://garrettwade.com/api/mcp,A_verified_mcp,oauth,True,200,storefront-renderer,0.1.0,2025-06-18,"logging,prompts,resources,tools",https://shopify.com/authentication/97071071600/oauth/authorize,https://shopify.com/authentication/97071071600/oauth/token,,False,"openid,email,customer-account-api:full,customer-account-mcp-api:full",https://shopify.com/authentication/97071071600,https://garrettwade.com/.well-known/oauth-protected-resource,,dns_apex_spray,shopify_storefront
farmacybeauty.com,https://farmacybeauty.com/api/mcp,A_verified_mcp,oauth,True,200,storefront-renderer,0.1.0,2025-06-18,"logging,prompts,resources,tools",https://shopify.com/authentication/24741834/oauth/authorize,https://shopify.com/authentication/24741834/oauth/token,,False,"openid,email,customer-account-api:full,customer-account-mcp-api:full",https://shopify.com/authentication/24741834,https://farmacybeauty.com/.well-known/oauth-protected-resource,,dns_apex_spray,shopify_storefront
farbank.com,https://farbank.com/api/mcp,A_verified_mcp,oauth,True,200,storefront-renderer,0.1.0,2025-06-18,"logging,prompts,resources,tools",https://shopify.com/authentication/59661385892/oauth/authorize,https://shopify.com/authentication/59661385892/oauth/token,,False,"openid,email,customer-account-api:full,customer-account-mcp-api:full",https://shopify.com/authentication/59661385892,https://farbank.com/.well-known/oauth-protected-resource,,dns_apex_spray,shopify_storefront
greyhaze.co.uk,https://greyhaze.co.uk/api/mcp,A_verified_mcp,oauth,True,200,storefront-renderer,0.1.0,2025-06-18,"logging,prompts,resources,tools",https://shopify.com/authentication/2412241/oauth/authorize,https://shopify.com/authentication/2412241/oauth/token,,False,"openid,email,customer-account-api:full,customer-account-mcp-api:full",https://shopify.com/authentication/2412241,https://greyhaze.co.uk/.well-known/oauth-protected-resource,,dns_apex_spray,shopify_storefront
fao.com,https://fao.com/api/mcp,A_verified_mcp,oauth,True,200,storefront-renderer,0.1.0,2025-06-18,"logging,prompts,resources,tools",https://account.faoschwarz.com/authentication/oauth/authorize,https://account.faoschwarz.com/authentication/oauth/token,,False,"openid,email,customer-account-api:full,customer-account-mcp-api:full",https://shopify.com/authentication/22846393,https://fao.com/.well-known/oauth-protected-resource,,dns_apex_spray,shopify_storefront
api.bollandbranch.com,https://api.bollandbranch.com/api/mcp,A_verified_mcp,none_public,False,200,storefront-renderer,0.1.0,2025-06-18,"logging,prompts,resources,tools",,,,False,,,,,dns_apex_spray,shopify_storefront
promgirl.com,https://promgirl.com/api/mcp,A_verified_mcp,oauth,True,200,storefront-renderer,0.1.0,2025-06-18,"logging,prompts,resources,tools",https://account.promgirl.com/authentication/oauth/authorize,https://account.promgirl.com/authentication/oauth/token,,False,"openid,email,customer-account-api:full,customer-account-mcp-api:full",https://shopify.com/authentication/61764141261,https://promgirl.com/.well-known/oauth-protected-resource,,dns_apex_spray,shopify_storefront
harrisfarm.com.au,https://harrisfarm.com.au/api/mcp,A_verified_mcp,oauth,True,200,storefront-renderer,0.1.0,2025-06-18,"logging,prompts,resources,tools",https://account.harrisfarm.com.au/authentication/oauth/authorize,https://account.harrisfarm.com.au/authentication/oauth/token,,False,"openid,email,customer-account-api:full,customer-account-mcp-api:full",https://shopify.com/authentication/2069470,https://harrisfarm.com.au/.well-known/oauth-protected-resource,,dns_apex_spray,shopify_storefront
parkeofficial.com,https://parkeofficial.com/api/mcp,A_verified_mcp,oauth,True,200,storefront-renderer,0.1.0,2025-06-18,"logging,prompts,resources,tools",https://shopify.com/authentication/57178652878/oauth/authorize,https://shopify.com/authentication/57178652878/oauth/token,,False,"openid,email,customer-account-api:full,customer-account-mcp-api:full",https://shopify.com/authentication/57178652878,https://parkeofficial.com/.well-known/oauth-protected-resource,,dns_apex_spray,shopify_storefront
nilerodgers.com,https://nilerodgers.com/api/mcp,A_verified_mcp,oauth,True,200,storefront-renderer,0.1.0,2025-06-18,"logging,prompts,resources,tools",https://shopify.com/authentication/81052696815/oauth/authorize,https://shopify.com/authentication/81052696815/oauth/token,,False,"openid,email,customer-account-api:full,customer-account-mcp-api:full",https://shopify.com/authentication/81052696815,https://nilerodgers.com/.well-known/oauth-protected-resource,,dns_apex_spray,shopify_storefront
007store.com,https://007store.com/api/mcp,A_verified_mcp,oauth,True,200,storefront-renderer,0.1.0,2025-06-18,"logging,prompts,resources,tools",https://shopify.com/authentication/16446687/oauth/authorize,https://shopify.com/authentication/16446687/oauth/token,,False,"openid,email,customer-account-api:full,customer-account-mcp-api:full",https://shopify.com/authentication/16446687,https://007store.com/.well-known/oauth-protected-resource,,dns_apex_spray,shopify_storefront
gemplers.com,https://gemplers.com/api/mcp,A_verified_mcp,oauth,True,200,storefront-renderer,0.1.0,2025-06-18,"logging,prompts,resources,tools",https://shopify.com/authentication/7317979225/oauth/authorize,https://shopify.com/authentication/7317979225/oauth/token,,False,"openid,email,customer-account-api:full,customer-account-mcp-api:full",https://shopify.com/authentication/7317979225,https://gemplers.com/.well-known/oauth-protected-resource,,dns_apex_spray,shopify_storefront
agjeans.com,https://agjeans.com/api/mcp,A_verified_mcp,oauth,True,200,storefront-renderer,0.1.0,2025-06-18,"logging,prompts,resources,tools",https://account.agjeans.com/authentication/oauth/authorize,https://account.agjeans.com/authentication/oauth/token,,False,"openid,email,customer-account-api:full,customer-account-mcp-api:full",https://shopify.com/authentication/66490368232,https://agjeans.com/.well-known/oauth-protected-resource,,dns_apex_spray,shopify_storefront
passionplanner.com,https://passionplanner.com/api/mcp,A_verified_mcp,oauth,True,200,storefront-renderer,0.1.0,2025-06-18,"logging,prompts,resources,tools",https://shopify.com/authentication/30300176443/oauth/authorize,https://shopify.com/authentication/30300176443/oauth/token,,False,"openid,email,customer-account-api:full,customer-account-mcp-api:full",https://shopify.com/authentication/30300176443,https://passionplanner.com/.well-known/oauth-protected-resource,,dns_apex_spray,shopify_storefront
demel.com,https://demel.com/api/mcp,A_verified_mcp,oauth,True,200,storefront-renderer,0.1.0,2025-06-18,"logging,prompts,resources,tools",https://shopify.com/authentication/55709433946/oauth/authorize,https://shopify.com/authentication/55709433946/oauth/token,,False,"openid,email,customer-account-api:full,customer-account-mcp-api:full",https://shopify.com/authentication/55709433946,https://demel.com/.well-known/oauth-protected-resource,,dns_apex_spray,shopify_storefront
limecrime.com,https://limecrime.com/api/mcp,A_verified_mcp,oauth,True,200,storefront-renderer,0.1.0,2025-06-18,"logging,prompts,resources,tools",https://shopify.com/authentication/27335622709/oauth/authorize,https://shopify.com/authentication/27335622709/oauth/token,,False,"openid,email,customer-account-api:full,customer-account-mcp-api:full",https://shopify.com/authentication/27335622709,https://limecrime.com/.well-known/oauth-protected-resource,,dns_apex_spray,shopify_storefront
neurogan.com,https://neurogan.com/api/mcp,A_verified_mcp,oauth,True,200,storefront-renderer,0.1.0,2025-06-18,"logging,prompts,resources,tools",https://shopify.com/authentication/61869621498/oauth/authorize,https://shopify.com/authentication/61869621498/oauth/token,,False,"openid,email,customer-account-api:full,customer-account-mcp-api:full",https://shopify.com/authentication/61869621498,https://neurogan.com/.well-known/oauth-protected-resource,,dns_apex_spray,shopify_storefront
proactiv.com,https://proactiv.com/api/mcp,A_verified_mcp,oauth,True,200,storefront-renderer,0.1.0,2025-06-18,"logging,prompts,resources,tools",https://account.proactiv.com/authentication/oauth/authorize,https://account.proactiv.com/authentication/oauth/token,,False,"openid,email,customer-account-api:full,customer-account-mcp-api:full",https://shopify.com/authentication/64191987882,https://proactiv.com/.well-known/oauth-protected-resource,,dns_apex_spray,shopify_storefront
highwest.com,https://highwest.com/api/mcp,A_verified_mcp,oauth,True,200,storefront-renderer,0.1.0,2025-06-18,"logging,prompts,resources,tools",https://account.highwest.com/authentication/oauth/authorize,https://account.highwest.com/authentication/oauth/token,,False,"openid,email,customer-account-api:full,customer-account-mcp-api:full",https://shopify.com/authentication/59974090937,https://highwest.com/.well-known/oauth-protected-resource,,dns_apex_spray,shopify_storefront
outerknown.com,https://outerknown.com/api/mcp,A_verified_mcp,oauth,True,200,storefront-renderer,0.1.0,2025-06-18,"logging,prompts,resources,tools",https://account.outerknown.com/authentication/oauth/authorize,https://account.outerknown.com/authentication/oauth/token,,False,"openid,email,customer-account-api:full,customer-account-mcp-api:full",https://shopify.com/authentication/24454975,https://outerknown.com/.well-known/oauth-protected-resource,,dns_apex_spray,shopify_storefront
sixthreezero.com,https://sixthreezero.com/api/mcp,A_verified_mcp,oauth,True,200,storefront-renderer,0.1.0,2025-06-18,"logging,prompts,resources,tools",https://shopify.com/authentication/3015793/oauth/authorize,https://shopify.com/authentication/3015793/oauth/token,,False,"openid,email,customer-account-api:full,customer-account-mcp-api:full",https://shopify.com/authentication/3015793,https://sixthreezero.com/.well-known/oauth-protected-resource,,dns_apex_spray,shopify_storefront
pimax.com,https://pimax.com/api/mcp,A_verified_mcp,oauth,True,200,storefront-renderer,0.1.0,2025-06-18,"logging,prompts,resources,tools",https://shopify.com/authentication/12737675323/oauth/authorize,https://shopify.com/authentication/12737675323/oauth/token,,False,"openid,email,customer-account-api:full,customer-account-mcp-api:full",https://shopify.com/authentication/12737675323,https://pimax.com/.well-known/oauth-protected-resource,,dns_apex_spray,shopify_storefront
rhymesayers.com,https://rhymesayers.com/api/mcp,A_verified_mcp,oauth,True,200,storefront-renderer,0.1.0,2025-06-18,"logging,prompts,resources,tools",https://account.rhymesayers.com/authentication/oauth/authorize,https://account.rhymesayers.com/authentication/oauth/token,,False,"openid,email,customer-account-api:full,customer-account-mcp-api:full",https://shopify.com/authentication/1319332,https://rhymesayers.com/.well-known/oauth-protected-resource,,dns_apex_spray,shopify_storefront
rvca.com,https://rvca.com/api/mcp,A_verified_mcp,oauth,True,200,storefront-renderer,0.1.0,2025-06-18,"logging,prompts,resources,tools",https://shopify.com/authentication/81016258802/oauth/authorize,https://shopify.com/authentication/81016258802/oauth/token,,False,"openid,email,customer-account-api:full,customer-account-mcp-api:full",https://shopify.com/authentication/81016258802,https://rvca.com/.well-known/oauth-protected-resource,,dns_apex_spray,shopify_storefront
raymond-weil.com,https://raymond-weil.com/api/mcp,A_verified_mcp,oauth,True,200,storefront-renderer,0.1.0,2025-06-18,"logging,prompts,resources,tools",https://shopify.com/authentication/95481168213/oauth/authorize,https://shopify.com/authentication/95481168213/oauth/token,,False,"openid,email,customer-account-api:full,customer-account-mcp-api:full",https://shopify.com/authentication/95481168213,https://raymond-weil.com/.well-known/oauth-protected-resource,,dns_apex_spray,shopify_storefront
repetto.com,https://repetto.com/api/mcp,A_verified_mcp,oauth,True,200,storefront-renderer,0.1.0,2025-06-18,"logging,prompts,resources,tools",https://shopify.com/authentication/76165644616/oauth/authorize,https://shopify.com/authentication/76165644616/oauth/token,,False,"openid,email,customer-account-api:full,customer-account-mcp-api:full",https://shopify.com/authentication/76165644616,https://repetto.com/.well-known/oauth-protected-resource,,dns_apex_spray,shopify_storefront
sihoo.com,https://sihoo.com/api/mcp,A_verified_mcp,oauth,True,200,storefront-renderer,0.1.0,2025-06-18,"logging,prompts,resources,tools",https://shopify.com/authentication/63281922264/oauth/authorize,https://shopify.com/authentication/63281922264/oauth/token,,False,"openid,email,customer-account-api:full,customer-account-mcp-api:full",https://shopify.com/authentication/63281922264,https://sihoo.com/.well-known/oauth-protected-resource,,dns_apex_spray,shopify_storefront
sarahraven.com,https://sarahraven.com/api/mcp,A_verified_mcp,oauth,True,200,storefront-renderer,0.1.0,2025-06-18,"logging,prompts,resources,tools",https://shopify.com/authentication/96146194815/oauth/authorize,https://shopify.com/authentication/96146194815/oauth/token,,False,"openid,email,customer-account-api:full,customer-account-mcp-api:full",https://shopify.com/authentication/96146194815,https://sarahraven.com/.well-known/oauth-protected-resource,,dns_apex_spray,shopify_storefront
rue21.com,https://rue21.com/api/mcp,A_verified_mcp,oauth,True,200,storefront-renderer,0.1.0,2025-06-18,"logging,prompts,resources,tools",https://shopify.com/authentication/64255525060/oauth/authorize,https://shopify.com/authentication/64255525060/oauth/token,,False,"openid,email,customer-account-api:full,customer-account-mcp-api:full",https://shopify.com/authentication/64255525060,https://rue21.com/.well-known/oauth-protected-resource,,dns_apex_spray,shopify_storefront
skinit.com,https://skinit.com/api/mcp,A_verified_mcp,oauth,True,200,storefront-renderer,0.1.0,2025-06-18,"logging,prompts,resources,tools",https://account.skinit.com/authentication/oauth/authorize,https://account.skinit.com/authentication/oauth/token,,False,"openid,email,customer-account-api:full,customer-account-mcp-api:full",https://shopify.com/authentication/72074723603,https://skinit.com/.well-known/oauth-protected-resource,,dns_apex_spray,shopify_storefront
runicdice.com,https://runicdice.com/api/mcp,A_verified_mcp,oauth,True,200,storefront-renderer,0.1.0,2025-06-18,"logging,prompts,resources,tools",https://shopify.com/authentication/53065154713/oauth/authorize,https://shopify.com/authentication/53065154713/oauth/token,,False,"openid,email,customer-account-api:full,customer-account-mcp-api:full",https://shopify.com/authentication/53065154713,https://runicdice.com/.well-known/oauth-protected-resource,,dns_apex_spray,shopify_storefront
mymorningjacket.com,https://mymorningjacket.com/api/mcp,A_verified_mcp,oauth,True,200,storefront-renderer,0.1.0,2025-06-18,"logging,prompts,resources,tools",https://shopify.com/authentication/68038131964/oauth/authorize,https://shopify.com/authentication/68038131964/oauth/token,,False,"openid,email,customer-account-api:full,customer-account-mcp-api:full",https://shopify.com/authentication/68038131964,https://mymorningjacket.com/.well-known/oauth-protected-resource,,dns_apex_spray,shopify_storefront
studioneat.com,https://studioneat.com/api/mcp,A_verified_mcp,oauth,True,200,storefront-renderer,0.1.0,2025-06-18,"logging,prompts,resources,tools",https://shopify.com/authentication/578492/oauth/authorize,https://shopify.com/authentication/578492/oauth/token,,False,"openid,email,customer-account-api:full,customer-account-mcp-api:full",https://shopify.com/authentication/578492,https://studioneat.com/.well-known/oauth-protected-resource,,dns_apex_spray,shopify_storefront
rustans.com,https://rustans.com/api/mcp,A_verified_mcp,oauth,True,200,storefront-renderer,0.1.0,2025-06-18,"logging,prompts,resources,tools",https://shopify.com/authentication/3233742946/oauth/authorize,https://shopify.com/authentication/3233742946/oauth/token,,False,"openid,email,customer-account-api:full,customer-account-mcp-api:full",https://shopify.com/authentication/3233742946,https://rustans.com/.well-known/oauth-protected-resource,,dns_apex_spray,shopify_storefront
skbcases.com,https://skbcases.com/api/mcp,A_verified_mcp,oauth,True,200,storefront-renderer,0.1.0,2025-06-18,"logging,prompts,resources,tools",https://shopify.com/authentication/95292948779/oauth/authorize,https://shopify.com/authentication/95292948779/oauth/token,,False,"openid,email,customer-account-api:full,customer-account-mcp-api:full",https://shopify.com/authentication/95292948779,https://skbcases.com/.well-known/oauth-protected-resource,,dns_apex_spray,shopify_storefront
screenzen.co,https://screenzen.co/api/mcp,A_verified_mcp,oauth,True,200,storefront-renderer,0.1.0,2025-06-18,"logging,prompts,resources,tools",https://shopify.com/authentication/78403174635/oauth/authorize,https://shopify.com/authentication/78403174635/oauth/token,,False,"openid,email,customer-account-api:full,customer-account-mcp-api:full",https://shopify.com/authentication/78403174635,https://screenzen.co/.well-known/oauth-protected-resource,,dns_apex_spray,shopify_storefront
softwarekeep.com,https://softwarekeep.com/api/mcp,A_verified_mcp,oauth,True,200,storefront-renderer,0.1.0,2025-06-18,"logging,prompts,resources,tools",https://shopify.com/authentication/9021259831/oauth/authorize,https://shopify.com/authentication/9021259831/oauth/token,,False,"openid,email,customer-account-api:full,customer-account-mcp-api:full",https://shopify.com/authentication/9021259831,https://softwarekeep.com/.well-known/oauth-protected-resource,,dns_apex_spray,shopify_storefront
shop.mattel.com,https://shop.mattel.com/api/mcp,A_verified_mcp,oauth,True,200,storefront-renderer,0.1.0,2025-06-18,"logging,prompts,resources,tools",https://shopify.com/authentication/60001419429/oauth/authorize,https://shopify.com/authentication/60001419429/oauth/token,,False,"openid,email,customer-account-api:full,customer-account-mcp-api:full",https://shopify.com/authentication/60001419429,https://shop.mattel.com/.well-known/oauth-protected-resource,,dns_apex_spray,shopify_storefront
skrillex.com,https://skrillex.com/api/mcp,A_verified_mcp,oauth,True,200,storefront-renderer,0.1.0,2025-06-18,"logging,prompts,resources,tools",https://shopify.com/authentication/1335033915/oauth/authorize,https://shopify.com/authentication/1335033915/oauth/token,,False,"openid,email,customer-account-api:full,customer-account-mcp-api:full",https://shopify.com/authentication/1335033915,https://skrillex.com/.well-known/oauth-protected-resource,,dns_apex_spray,shopify_storefront
tangleteezer.com,https://tangleteezer.com/api/mcp,A_verified_mcp,oauth,True,200,storefront-renderer,0.1.0,2025-06-18,"logging,prompts,resources,tools",https://shopify.com/authentication/78105149772/oauth/authorize,https://shopify.com/authentication/78105149772/oauth/token,,False,"openid,email,customer-account-api:full,customer-account-mcp-api:full",https://shopify.com/authentication/78105149772,https://tangleteezer.com/.well-known/oauth-protected-resource,,dns_apex_spray,shopify_storefront
revibe.co.za,https://revibe.co.za/api/mcp,A_verified_mcp,oauth,True,200,storefront-renderer,0.1.0,2025-06-18,"logging,prompts,resources,tools",https://shopify.com/authentication/89468862752/oauth/authorize,https://shopify.com/authentication/89468862752/oauth/token,,False,"openid,email,customer-account-api:full,customer-account-mcp-api:full",https://shopify.com/authentication/89468862752,https://revibe.co.za/.well-known/oauth-protected-resource,,dns_apex_spray,shopify_storefront
smokecartel.com,https://smokecartel.com/api/mcp,A_verified_mcp,oauth,True,200,storefront-renderer,0.1.0,2025-06-18,"logging,prompts,resources,tools",https://shopify.com/authentication/3508253/oauth/authorize,https://shopify.com/authentication/3508253/oauth/token,,False,"openid,email,customer-account-api:full,customer-account-mcp-api:full",https://shopify.com/authentication/3508253,https://smokecartel.com/.well-known/oauth-protected-resource,,dns_apex_spray,shopify_storefront
shop.ring.com,https://shop.ring.com/api/mcp,A_verified_mcp,oauth,True,200,storefront-renderer,0.1.0,2025-06-18,"logging,prompts,resources,tools",https://shopify.com/authentication/23938647/oauth/authorize,https://shopify.com/authentication/23938647/oauth/token,,False,"openid,email,customer-account-api:full,customer-account-mcp-api:full",https://shopify.com/authentication/23938647,https://shop.ring.com/.well-known/oauth-protected-resource,,dns_apex_spray,shopify_storefront
tibi.com,https://tibi.com/api/mcp,A_verified_mcp,oauth,True,200,storefront-renderer,0.1.0,2025-06-18,"logging,prompts,resources,tools",https://account.tibi.com/authentication/oauth/authorize,https://account.tibi.com/authentication/oauth/token,,False,"openid,email,customer-account-api:full,customer-account-mcp-api:full",https://shopify.com/authentication/3576004654,https://tibi.com/.well-known/oauth-protected-resource,,dns_apex_spray,shopify_storefront
saje.com,https://saje.com/api/mcp,A_verified_mcp,oauth,True,200,storefront-renderer,0.1.0,2025-06-18,"logging,prompts,resources,tools",https://shopify.com/authentication/72613036329/oauth/authorize,https://shopify.com/authentication/72613036329/oauth/token,,False,"openid,email,customer-account-api:full,customer-account-mcp-api:full",https://shopify.com/authentication/72613036329,https://saje.com/.well-known/oauth-protected-resource,,dns_apex_spray,shopify_storefront
titanthemes.net,https://titanthemes.net/api/mcp,A_verified_mcp,oauth,True,200,storefront-renderer,0.1.0,2025-06-18,"logging,prompts,resources,tools",https://shopify.com/authentication/89171001710/oauth/authorize,https://shopify.com/authentication/89171001710/oauth/token,,False,"openid,email,customer-account-api:full,customer-account-mcp-api:full",https://shopify.com/authentication/89171001710,https://titanthemes.net/.well-known/oauth-protected-resource,,dns_apex_spray,shopify_storefront
thermomix.com,https://thermomix.com/api/mcp,A_verified_mcp,oauth,True,200,storefront-renderer,0.1.0,2025-06-18,"logging,prompts,resources,tools",https://shopify.com/authentication/77243253038/oauth/authorize,https://shopify.com/authentication/77243253038/oauth/token,,False,"openid,email,customer-account-api:full,customer-account-mcp-api:full",https://shopify.com/authentication/77243253038,https://thermomix.com/.well-known/oauth-protected-resource,,dns_apex_spray,shopify_storefront
withclarity.com,https://withclarity.com/api/mcp,A_verified_mcp,oauth,True,200,storefront-renderer,0.1.0,2025-06-18,"logging,prompts,resources,tools",https://account.withclarity.com/authentication/oauth/authorize,https://account.withclarity.com/authentication/oauth/token,,False,"openid,email,customer-account-api:full,customer-account-mcp-api:full",https://shopify.com/authentication/75788517659,https://withclarity.com/.well-known/oauth-protected-resource,,dns_apex_spray,shopify_storefront
stevemadden.com,https://stevemadden.com/api/mcp,A_verified_mcp,oauth,True,200,storefront-renderer,0.1.0,2025-06-18,"logging,prompts,resources,tools",https://account.stevemadden.com/authentication/oauth/authorize,https://account.stevemadden.com/authentication/oauth/token,,False,"openid,email,customer-account-api:full,customer-account-mcp-api:full",https://shopify.com/authentication/21708465,https://stevemadden.com/.well-known/oauth-protected-resource,,dns_apex_spray,shopify_storefront
squattypotty.com,https://squattypotty.com/api/mcp,A_verified_mcp,oauth,True,200,storefront-renderer,0.1.0,2025-06-18,"logging,prompts,resources,tools",https://wholesale.squattypotty.com/authentication/oauth/authorize,https://wholesale.squattypotty.com/authentication/oauth/token,,False,"openid,email,customer-account-api:full,customer-account-mcp-api:full",https://shopify.com/authentication/26073661474,https://squattypotty.com/.well-known/oauth-protected-resource,,dns_apex_spray,shopify_storefront
stashtea.com,https://stashtea.com/api/mcp,A_verified_mcp,oauth,True,200,storefront-renderer,0.1.0,2025-06-18,"logging,prompts,resources,tools",https://account.stashtea.com/authentication/oauth/authorize,https://account.stashtea.com/authentication/oauth/token,,False,"openid,email,customer-account-api:full,customer-account-mcp-api:full",https://shopify.com/authentication/8983392,https://stashtea.com/.well-known/oauth-protected-resource,,dns_apex_spray,shopify_storefront
pdp.com,https://pdp.com/api/mcp,A_verified_mcp,none_public,False,200,storefront-renderer,0.1.0,2025-06-18,"logging,prompts,resources,tools",,,,False,,,,,dns_apex_spray,shopify_storefront
republicrecords.com,https://republicrecords.com/api/mcp,A_verified_mcp,oauth,True,200,storefront-renderer,0.1.0,2025-06-18,"logging,prompts,resources,tools",https://shopify.com/authentication/28055371810/oauth/authorize,https://shopify.com/authentication/28055371810/oauth/token,,False,"openid,email,customer-account-api:full,customer-account-mcp-api:full",https://shopify.com/authentication/28055371810,https://republicrecords.com/.well-known/oauth-protected-resource,,dns_apex_spray,shopify_storefront
styxworld.com,https://styxworld.com/api/mcp,A_verified_mcp,oauth,True,200,storefront-renderer,0.1.0,2025-06-18,"logging,prompts,resources,tools",https://shopify.com/authentication/15102935088/oauth/authorize,https://shopify.com/authentication/15102935088/oauth/token,,False,"openid,email,customer-account-api:full,customer-account-mcp-api:full",https://shopify.com/authentication/15102935088,https://styxworld.com/.well-known/oauth-protected-resource,,dns_apex_spray,shopify_storefront
soniarykiel.com,https://soniarykiel.com/api/mcp,A_verified_mcp,oauth,True,200,storefront-renderer,0.1.0,2025-06-18,"logging,prompts,resources,tools",https://shopify.com/authentication/66077556845/oauth/authorize,https://shopify.com/authentication/66077556845/oauth/token,,False,"openid,email,customer-account-api:full,customer-account-mcp-api:full",https://shopify.com/authentication/66077556845,https://soniarykiel.com/.well-known/oauth-protected-resource,,dns_apex_spray,shopify_storefront
stasherbag.com,https://stasherbag.com/api/mcp,A_verified_mcp,oauth,True,200,storefront-renderer,0.1.0,2025-06-18,"logging,prompts,resources,tools",https://shopify.com/authentication/22375935/oauth/authorize,https://shopify.com/authentication/22375935/oauth/token,,False,"openid,email,customer-account-api:full,customer-account-mcp-api:full",https://shopify.com/authentication/22375935,https://stasherbag.com/.well-known/oauth-protected-resource,,dns_apex_spray,shopify_storefront
rmcf.com,https://rmcf.com/api/mcp,A_verified_mcp,oauth,True,200,storefront-renderer,0.1.0,2025-06-18,"logging,prompts,resources,tools",https://shopify.com/authentication/57236815957/oauth/authorize,https://shopify.com/authentication/57236815957/oauth/token,,False,"openid,email,customer-account-api:full,customer-account-mcp-api:full",https://shopify.com/authentication/57236815957,https://rmcf.com/.well-known/oauth-protected-resource,,dns_apex_spray,shopify_storefront
step2.com,https://step2.com/api/mcp,A_verified_mcp,oauth,True,200,storefront-renderer,0.1.0,2025-06-18,"logging,prompts,resources,tools",https://account.step2.com/authentication/oauth/authorize,https://account.step2.com/authentication/oauth/token,,False,"openid,email,customer-account-api:full,customer-account-mcp-api:full",https://shopify.com/authentication/75432919327,https://step2.com/.well-known/oauth-protected-resource,,dns_apex_spray,shopify_storefront
spoontheband.com,https://spoontheband.com/api/mcp,A_verified_mcp,oauth,True,200,storefront-renderer,0.1.0,2025-06-18,"logging,prompts,resources,tools",https://shopify.com/authentication/25974406/oauth/authorize,https://shopify.com/authentication/25974406/oauth/token,,False,"openid,email,customer-account-api:full,customer-account-mcp-api:full",https://shopify.com/authentication/25974406,https://spoontheband.com/.well-known/oauth-protected-resource,,dns_apex_spray,shopify_storefront
thermaltakeusa.com,https://thermaltakeusa.com/api/mcp,A_verified_mcp,oauth,True,200,storefront-renderer,0.1.0,2025-06-18,"logging,prompts,resources,tools",https://shopify.com/authentication/73811329345/oauth/authorize,https://shopify.com/authentication/73811329345/oauth/token,,False,"openid,email,customer-account-api:full,customer-account-mcp-api:full",https://shopify.com/authentication/73811329345,https://thermaltakeusa.com/.well-known/oauth-protected-resource,,dns_apex_spray,shopify_storefront
tropicskincare.com,https://tropicskincare.com/api/mcp,A_verified_mcp,oauth,True,200,storefront-renderer,0.1.0,2025-06-18,"logging,prompts,resources,tools",https://shopify.com/authentication/19594397/oauth/authorize,https://shopify.com/authentication/19594397/oauth/token,,False,"openid,email,customer-account-api:full,customer-account-mcp-api:full",https://shopify.com/authentication/19594397,https://tropicskincare.com/.well-known/oauth-protected-resource,,dns_apex_spray,shopify_storefront
sunbum.com,https://sunbum.com/api/mcp,A_verified_mcp,oauth,True,200,storefront-renderer,0.1.0,2025-06-18,"logging,prompts,resources,tools",https://account.sunbum.com/authentication/oauth/authorize,https://account.sunbum.com/authentication/oauth/token,,False,"openid,email,customer-account-api:full,customer-account-mcp-api:full",https://shopify.com/authentication/5317984323,https://sunbum.com/.well-known/oauth-protected-resource,,dns_apex_spray,shopify_storefront
ooono.dk,https://ooono.dk/api/mcp,A_verified_mcp,none_public,False,200,storefront-renderer,0.1.0,2025-06-18,"logging,prompts,resources,tools",,,,False,,,,,dns_apex_spray,shopify_storefront
righteousbabe.com,https://righteousbabe.com/api/mcp,A_verified_mcp,oauth,True,200,storefront-renderer,0.1.0,2025-06-18,"logging,prompts,resources,tools",https://shopify.com/authentication/1530645/oauth/authorize,https://shopify.com/authentication/1530645/oauth/token,,False,"openid,email,customer-account-api:full,customer-account-mcp-api:full",https://shopify.com/authentication/1530645,https://righteousbabe.com/.well-known/oauth-protected-resource,,dns_apex_spray,shopify_storefront
softprowatersystems.com,https://softprowatersystems.com/api/mcp,A_verified_mcp,oauth,True,200,storefront-renderer,0.1.0,2025-06-18,"logging,prompts,resources,tools",https://shopify.com/authentication/27237368/oauth/authorize,https://shopify.com/authentication/27237368/oauth/token,,False,"openid,email,customer-account-api:full,customer-account-mcp-api:full",https://shopify.com/authentication/27237368,https://softprowatersystems.com/.well-known/oauth-protected-resource,,dns_apex_spray,shopify_storefront
troyleedesigns.com,https://troyleedesigns.com/api/mcp,A_verified_mcp,oauth,True,200,storefront-renderer,0.1.0,2025-06-18,"logging,prompts,resources,tools",https://account.troyleedesigns.com/authentication/oauth/authorize,https://account.troyleedesigns.com/authentication/oauth/token,,False,"openid,email,customer-account-api:full,customer-account-mcp-api:full",https://shopify.com/authentication/24855871548,https://troyleedesigns.com/.well-known/oauth-protected-resource,,dns_apex_spray,shopify_storefront
teradek.com,https://teradek.com/api/mcp,A_verified_mcp,oauth,True,200,storefront-renderer,0.1.0,2025-06-18,"logging,prompts,resources,tools",https://customeraccount.teradek.com/authentication/oauth/authorize,https://customeraccount.teradek.com/authentication/oauth/token,,False,"openid,email,customer-account-api:full,customer-account-mcp-api:full",https://shopify.com/authentication/954332,https://teradek.com/.well-known/oauth-protected-resource,,dns_apex_spray,shopify_storefront
tnnursery.net,https://tnnursery.net/api/mcp,A_verified_mcp,oauth,True,200,storefront-renderer,0.1.0,2025-06-18,"logging,prompts,resources,tools",https://account.tnnursery.net/authentication/oauth/authorize,https://account.tnnursery.net/authentication/oauth/token,,False,"openid,email,customer-account-api:full,customer-account-mcp-api:full",https://shopify.com/authentication/68756341034,https://tnnursery.net/.well-known/oauth-protected-resource,,dns_apex_spray,shopify_storefront
vpracingfuels.com,https://vpracingfuels.com/api/mcp,A_verified_mcp,oauth,True,200,storefront-renderer,0.1.0,2025-06-18,"logging,prompts,resources,tools",https://account.vpracingfuels.com/authentication/oauth/authorize,https://account.vpracingfuels.com/authentication/oauth/token,,False,"openid,email,customer-account-api:full,customer-account-mcp-api:full",https://shopify.com/authentication/77358923969,https://vpracingfuels.com/.well-known/oauth-protected-resource,,dns_apex_spray,shopify_storefront
svsound.com,https://svsound.com/api/mcp,A_verified_mcp,oauth,True,200,storefront-renderer,0.1.0,2025-06-18,"logging,prompts,resources,tools",https://account.svsound.com/authentication/oauth/authorize,https://account.svsound.com/authentication/oauth/token,,False,"openid,email,customer-account-api:full,customer-account-mcp-api:full",https://shopify.com/authentication/9213560,https://svsound.com/.well-known/oauth-protected-resource,,dns_apex_spray,shopify_storefront
stanley1913.com,https://stanley1913.com/api/mcp,A_verified_mcp,oauth,True,200,storefront-renderer,0.1.0,2025-06-18,"logging,prompts,resources,tools",https://shopify.com/authentication/37532696635/oauth/authorize,https://shopify.com/authentication/37532696635/oauth/token,,False,"openid,email,customer-account-api:full,customer-account-mcp-api:full",https://shopify.com/authentication/37532696635,https://stanley1913.com/.well-known/oauth-protected-resource,,dns_apex_spray,shopify_storefront
sunspel.com,https://sunspel.com/api/mcp,A_verified_mcp,oauth,True,200,storefront-renderer,0.1.0,2025-06-18,"logging,prompts,resources,tools",https://account.sunspel.com/authentication/oauth/authorize,https://account.sunspel.com/authentication/oauth/token,,False,"openid,email,customer-account-api:full,customer-account-mcp-api:full",https://shopify.com/authentication/63651545319,https://sunspel.com/.well-known/oauth-protected-resource,,dns_apex_spray,shopify_storefront
tediber.com,https://tediber.com/api/mcp,A_verified_mcp,oauth,True,200,storefront-renderer,0.1.0,2025-06-18,"logging,prompts,resources,tools",https://account.tediber.com/authentication/oauth/authorize,https://account.tediber.com/authentication/oauth/token,,False,"openid,email,customer-account-api:full,customer-account-mcp-api:full",https://shopify.com/authentication/90313425220,https://tediber.com/.well-known/oauth-protected-resource,,dns_apex_spray,shopify_storefront
waxpoetics.com,https://waxpoetics.com/api/mcp,A_verified_mcp,oauth,True,200,storefront-renderer,0.1.0,2025-06-18,"logging,prompts,resources,tools",https://shopify.com/authentication/649992/oauth/authorize,https://shopify.com/authentication/649992/oauth/token,,False,"openid,email,customer-account-api:full,customer-account-mcp-api:full",https://shopify.com/authentication/649992,https://waxpoetics.com/.well-known/oauth-protected-resource,,dns_apex_spray,shopify_storefront
spinettisgaming.com,https://spinettisgaming.com/api/mcp,A_verified_mcp,oauth,True,200,storefront-renderer,0.1.0,2025-06-18,"logging,prompts,resources,tools",https://account.spinettisgaming.com/authentication/oauth/authorize,https://account.spinettisgaming.com/authentication/oauth/token,,False,"openid,email,customer-account-api:full,customer-account-mcp-api:full",https://shopify.com/authentication/9284298,https://spinettisgaming.com/.well-known/oauth-protected-resource,,dns_apex_spray,shopify_storefront
strictlylimitedgames.com,https://strictlylimitedgames.com/api/mcp,A_verified_mcp,oauth,True,200,storefront-renderer,0.1.0,2025-06-18,"logging,prompts,resources,tools",https://account.strictlylimitedgames.com/authentication/oauth/authorize,https://account.strictlylimitedgames.com/authentication/oauth/token,,False,"openid,email,customer-account-api:full,customer-account-mcp-api:full",https://shopify.com/authentication/24947430,https://strictlylimitedgames.com/.well-known/oauth-protected-resource,,dns_apex_spray,shopify_storefront
unisex-heels.de,https://unisex-heels.de/api/mcp,A_verified_mcp,oauth,True,200,storefront-renderer,0.1.0,2025-06-18,"logging,prompts,resources,tools",https://account.unisex-heels.de/authentication/oauth/authorize,https://account.unisex-heels.de/authentication/oauth/token,,False,"openid,email,customer-account-api:full,customer-account-mcp-api:full",https://shopify.com/authentication/56373936217,https://unisex-heels.de/.well-known/oauth-protected-resource,,dns_apex_spray,shopify_storefront
rothys.com,https://rothys.com/api/mcp,A_verified_mcp,oauth,True,200,storefront-renderer,0.1.0,2025-06-18,"logging,prompts,resources,tools",https://accounts.rothys.com/authentication/oauth/authorize,https://accounts.rothys.com/authentication/oauth/token,,False,"openid,email,customer-account-api:full,customer-account-mcp-api:full",https://shopify.com/authentication/8774986,https://rothys.com/.well-known/oauth-protected-resource,,dns_apex_spray,shopify_storefront
topodesigns.com,https://topodesigns.com/api/mcp,A_verified_mcp,oauth,True,200,storefront-renderer,0.1.0,2025-06-18,"logging,prompts,resources,tools",https://shopify.com/authentication/2770693/oauth/authorize,https://shopify.com/authentication/2770693/oauth/token,,False,"openid,email,customer-account-api:full,customer-account-mcp-api:full",https://shopify.com/authentication/2770693,https://topodesigns.com/.well-known/oauth-protected-resource,,dns_apex_spray,shopify_storefront
violetgrey.com,https://violetgrey.com/api/mcp,A_verified_mcp,oauth,True,200,storefront-renderer,0.1.0,2025-06-18,"logging,prompts,resources,tools",https://shopify.com/authentication/88780308784/oauth/authorize,https://shopify.com/authentication/88780308784/oauth/token,,False,"openid,email,customer-account-api:full,customer-account-mcp-api:full",https://shopify.com/authentication/88780308784,https://violetgrey.com/.well-known/oauth-protected-resource,,dns_apex_spray,shopify_storefront
thebottleclub.com,https://thebottleclub.com/api/mcp,A_verified_mcp,oauth,True,200,storefront-renderer,0.1.0,2025-06-18,"logging,prompts,resources,tools",https://account.thebottleclub.com/authentication/oauth/authorize,https://account.thebottleclub.com/authentication/oauth/token,,False,"openid,email,customer-account-api:full,customer-account-mcp-api:full",https://shopify.com/authentication/7870382195,https://thebottleclub.com/.well-known/oauth-protected-resource,,dns_apex_spray,shopify_storefront
quickstart-41d588e3.myshopify.com,https://quickstart-41d588e3.myshopify.com/api/mcp,A_verified_mcp,oauth,True,200,storefront-renderer,0.1.0,2025-06-18,"logging,prompts,resources,tools",https://shopify.com/authentication/64084476042/oauth/authorize,https://shopify.com/authentication/64084476042/oauth/token,,False,"openid,email,customer-account-api:full,customer-account-mcp-api:full",https://shopify.com/authentication/64084476042,https://quickstart-41d588e3.myshopify.com/.well-known/oauth-protected-resource,,dns_apex_spray,shopify_storefront
ugmonk.com,https://ugmonk.com/api/mcp,A_verified_mcp,oauth,True,200,storefront-renderer,0.1.0,2025-06-18,"logging,prompts,resources,tools",https://shopify.com/authentication/1674484/oauth/authorize,https://shopify.com/authentication/1674484/oauth/token,,False,"openid,email,customer-account-api:full,customer-account-mcp-api:full",https://shopify.com/authentication/1674484,https://ugmonk.com/.well-known/oauth-protected-resource,,dns_apex_spray,shopify_storefront
toysrus.co.uk,https://toysrus.co.uk/api/mcp,A_verified_mcp,oauth,True,200,storefront-renderer,0.1.0,2025-06-18,"logging,prompts,resources,tools",https://shopify.com/authentication/88193958176/oauth/authorize,https://shopify.com/authentication/88193958176/oauth/token,,False,"openid,email,customer-account-api:full,customer-account-mcp-api:full",https://shopify.com/authentication/88193958176,https://toysrus.co.uk/.well-known/oauth-protected-resource,,dns_apex_spray,shopify_storefront
terpenewarehouse.com,https://terpenewarehouse.com/api/mcp,A_verified_mcp,oauth,True,200,storefront-renderer,0.1.0,2025-06-18,"logging,prompts,resources,tools",https://shopify.com/authentication/1484095601/oauth/authorize,https://shopify.com/authentication/1484095601/oauth/token,,False,"openid,email,customer-account-api:full,customer-account-mcp-api:full",https://shopify.com/authentication/1484095601,https://terpenewarehouse.com/.well-known/oauth-protected-resource,,dns_apex_spray,shopify_storefront
trueclassictees.com,https://trueclassictees.com/api/mcp,A_verified_mcp,oauth,True,200,storefront-renderer,0.1.0,2025-06-18,"logging,prompts,resources,tools",https://shopify.com/authentication/22040084552/oauth/authorize,https://shopify.com/authentication/22040084552/oauth/token,,False,"openid,email,customer-account-api:full,customer-account-mcp-api:full",https://shopify.com/authentication/22040084552,https://trueclassictees.com/.well-known/oauth-protected-resource,,dns_apex_spray,shopify_storefront
sundayscaries.com,https://sundayscaries.com/api/mcp,A_verified_mcp,oauth,True,200,storefront-renderer,0.1.0,2025-06-18,"logging,prompts,resources,tools",https://shopify.com/authentication/52294090916/oauth/authorize,https://shopify.com/authentication/52294090916/oauth/token,,False,"openid,email,customer-account-api:full,customer-account-mcp-api:full",https://shopify.com/authentication/52294090916,https://sundayscaries.com/.well-known/oauth-protected-resource,,dns_apex_spray,shopify_storefront
thedermacompany.co.uk,https://thedermacompany.co.uk/api/mcp,A_verified_mcp,oauth,True,200,storefront-renderer,0.1.0,2025-06-18,"logging,prompts,resources,tools",https://shopify.com/authentication/92292219257/oauth/authorize,https://shopify.com/authentication/92292219257/oauth/token,,False,"openid,email,customer-account-api:full,customer-account-mcp-api:full",https://shopify.com/authentication/92292219257,https://thedermacompany.co.uk/.well-known/oauth-protected-resource,,dns_apex_spray,shopify_storefront
trussardi.com,https://trussardi.com/api/mcp,A_verified_mcp,oauth,True,200,storefront-renderer,0.1.0,2025-06-18,"logging,prompts,resources,tools",https://shopify.com/authentication/86112600412/oauth/authorize,https://shopify.com/authentication/86112600412/oauth/token,,False,"openid,email,customer-account-api:full,customer-account-mcp-api:full",https://shopify.com/authentication/86112600412,https://trussardi.com/.well-known/oauth-protected-resource,,dns_apex_spray,shopify_storefront
www.in2detailing.co.uk,https://www.in2detailing.co.uk/api/mcp,A_verified_mcp,oauth,True,200,storefront-renderer,0.1.0,2025-06-18,"logging,prompts,resources,tools",https://shopify.com/authentication/19036649/oauth/authorize,https://shopify.com/authentication/19036649/oauth/token,,False,"openid,email,customer-account-api:full,customer-account-mcp-api:full",https://shopify.com/authentication/19036649,https://www.in2detailing.co.uk/.well-known/oauth-protected-resource,,dns_apex_spray,shopify_storefront
wusthof.com,https://wusthof.com/api/mcp,A_verified_mcp,oauth,True,200,storefront-renderer,0.1.0,2025-06-18,"logging,prompts,resources,tools",https://shopify.com/authentication/37262327941/oauth/authorize,https://shopify.com/authentication/37262327941/oauth/token,,False,"openid,email,customer-account-api:full,customer-account-mcp-api:full",https://shopify.com/authentication/37262327941,https://wusthof.com/.well-known/oauth-protected-resource,,dns_apex_spray,shopify_storefront
youtooz.com,https://youtooz.com/api/mcp,A_verified_mcp,oauth,True,200,storefront-renderer,0.1.0,2025-06-18,"logging,prompts,resources,tools",https://account.youtooz.com/authentication/oauth/authorize,https://account.youtooz.com/authentication/oauth/token,,False,"openid,email,customer-account-api:full,customer-account-mcp-api:full",https://shopify.com/authentication/16028401712,https://youtooz.com/.well-known/oauth-protected-resource,,dns_apex_spray,shopify_storefront
www.saltandstone.com,https://www.saltandstone.com/api/mcp,A_verified_mcp,oauth,True,200,storefront-renderer,0.1.0,2025-06-18,"logging,prompts,resources,tools",https://account.saltandstone.com/authentication/oauth/authorize,https://account.saltandstone.com/authentication/oauth/token,,False,"openid,email,customer-account-api:full,customer-account-mcp-api:full",https://shopify.com/authentication/19161271,https://www.saltandstone.com/.well-known/oauth-protected-resource,,dns_apex_spray,shopify_storefront
usamm.com,https://usamm.com/api/mcp,A_verified_mcp,oauth,True,200,storefront-renderer,0.1.0,2025-06-18,"logging,prompts,resources,tools",https://account.usamm.com/authentication/oauth/authorize,https://account.usamm.com/authentication/oauth/token,,False,"openid,email,customer-account-api:full,customer-account-mcp-api:full",https://shopify.com/authentication/6427853,https://usamm.com/.well-known/oauth-protected-resource,,dns_apex_spray,shopify_storefront
wacaco.com,https://wacaco.com/api/mcp,A_verified_mcp,oauth,True,200,storefront-renderer,0.1.0,2025-06-18,"logging,prompts,resources,tools",https://account.wacaco.com/authentication/oauth/authorize,https://account.wacaco.com/authentication/oauth/token,,False,"openid,email,customer-account-api:full,customer-account-mcp-api:full",https://shopify.com/authentication/7320067,https://wacaco.com/.well-known/oauth-protected-resource,,dns_apex_spray,shopify_storefront
stayhard.com,https://stayhard.com/api/mcp,A_verified_mcp,oauth,True,200,storefront-renderer,0.1.0,2025-06-18,"logging,prompts,resources,tools",https://account.stayhard.com/authentication/oauth/authorize,https://account.stayhard.com/authentication/oauth/token,,False,"openid,email,customer-account-api:full,customer-account-mcp-api:full",https://shopify.com/authentication/57127862337,https://stayhard.com/.well-known/oauth-protected-resource,,dns_apex_spray,shopify_storefront
wellstore.it,https://wellstore.it/api/mcp,A_verified_mcp,oauth,True,200,storefront-renderer,0.1.0,2025-06-18,"logging,prompts,resources,tools",https://account.wellstore.it/authentication/oauth/authorize,https://account.wellstore.it/authentication/oauth/token,,False,"openid,email,customer-account-api:full,customer-account-mcp-api:full",https://shopify.com/authentication/96795591030,https://wellstore.it/.well-known/oauth-protected-resource,,dns_apex_spray,shopify_storefront
www.thedermacompany.co.uk,https://www.thedermacompany.co.uk/api/mcp,A_verified_mcp,oauth,True,200,storefront-renderer,0.1.0,2025-06-18,"logging,prompts,resources,tools",https://shopify.com/authentication/92292219257/oauth/authorize,https://shopify.com/authentication/92292219257/oauth/token,,False,"openid,email,customer-account-api:full,customer-account-mcp-api:full",https://shopify.com/authentication/92292219257,https://www.thedermacompany.co.uk/.well-known/oauth-protected-resource,,dns_apex_spray,shopify_storefront
wearemooncup.com,https://wearemooncup.com/api/mcp,A_verified_mcp,oauth,True,200,storefront-renderer,0.1.0,2025-06-18,"logging,prompts,resources,tools",https://shopify.com/authentication/56479350962/oauth/authorize,https://shopify.com/authentication/56479350962/oauth/token,,False,"openid,email,customer-account-api:full,customer-account-mcp-api:full",https://shopify.com/authentication/56479350962,https://wearemooncup.com/.well-known/oauth-protected-resource,,dns_apex_spray,shopify_storefront
vitacoco.com,https://vitacoco.com/api/mcp,A_verified_mcp,oauth,True,200,storefront-renderer,0.1.0,2025-06-18,"logging,prompts,resources,tools",https://shopify.com/authentication/50635735228/oauth/authorize,https://shopify.com/authentication/50635735228/oauth/token,,False,"openid,email,customer-account-api:full,customer-account-mcp-api:full",https://shopify.com/authentication/50635735228,https://vitacoco.com/.well-known/oauth-protected-resource,,dns_apex_spray,shopify_storefront
www.portlandleathergoods.com,https://www.portlandleathergoods.com/api/mcp,A_verified_mcp,oauth,True,200,storefront-renderer,0.1.0,2025-06-18,"logging,prompts,resources,tools",https://account.portlandleathergoods.com/authentication/oauth/authorize,https://account.portlandleathergoods.com/authentication/oauth/token,,False,"openid,email,customer-account-api:full,customer-account-mcp-api:full",https://shopify.com/authentication/7121227,https://www.portlandleathergoods.com/.well-known/oauth-protected-resource,,dns_apex_spray,shopify_storefront
www.worldofbooks.com,https://www.worldofbooks.com/api/mcp,A_verified_mcp,oauth,True,200,storefront-renderer,0.1.0,2025-06-18,"logging,prompts,resources,tools",https://shopify.com/authentication/78440726801/oauth/authorize,https://shopify.com/authentication/78440726801/oauth/token,,False,"openid,email,customer-account-api:full,customer-account-mcp-api:full",https://shopify.com/authentication/78440726801,https://www.worldofbooks.com/.well-known/oauth-protected-resource,,dns_apex_spray,shopify_storefront
www.aosulife.com,https://www.aosulife.com/api/mcp,A_verified_mcp,oauth,True,200,storefront-renderer,0.1.0,2025-06-18,"logging,prompts,resources,tools",https://shopify.com/authentication/61088301292/oauth/authorize,https://shopify.com/authentication/61088301292/oauth/token,,False,"openid,email,customer-account-api:full,customer-account-mcp-api:full",https://shopify.com/authentication/61088301292,https://www.aosulife.com/.well-known/oauth-protected-resource,,dns_apex_spray,shopify_storefront
wallpics.com,https://wallpics.com/api/mcp,A_verified_mcp,oauth,True,200,storefront-renderer,0.1.0,2025-06-18,"logging,prompts,resources,tools",https://shopify.com/authentication/63520309453/oauth/authorize,https://shopify.com/authentication/63520309453/oauth/token,,False,"openid,email,customer-account-api:full,customer-account-mcp-api:full",https://shopify.com/authentication/63520309453,https://wallpics.com/.well-known/oauth-protected-resource,,dns_apex_spray,shopify_storefront
xendurance.com,https://xendurance.com/api/mcp,A_verified_mcp,oauth,True,200,storefront-renderer,0.1.0,2025-06-18,"logging,prompts,resources,tools",https://shopify.com/authentication/57434505404/oauth/authorize,https://shopify.com/authentication/57434505404/oauth/token,,False,"openid,email,customer-account-api:full,customer-account-mcp-api:full",https://shopify.com/authentication/57434505404,https://xendurance.com/.well-known/oauth-protected-resource,,dns_apex_spray,shopify_storefront
zacbrownband.com,https://zacbrownband.com/api/mcp,A_verified_mcp,oauth,True,200,storefront-renderer,0.1.0,2025-06-18,"logging,prompts,resources,tools",https://shopify.com/authentication/4957405282/oauth/authorize,https://shopify.com/authentication/4957405282/oauth/token,,False,"openid,email,customer-account-api:full,customer-account-mcp-api:full",https://shopify.com/authentication/4957405282,https://zacbrownband.com/.well-known/oauth-protected-resource,,dns_apex_spray,shopify_storefront
ugreen.com,https://ugreen.com/api/mcp,A_verified_mcp,oauth,True,200,storefront-renderer,0.1.0,2025-06-18,"logging,prompts,resources,tools",https://shopify.com/authentication/78541816027/oauth/authorize,https://shopify.com/authentication/78541816027/oauth/token,,False,"openid,email,customer-account-api:full,customer-account-mcp-api:full",https://shopify.com/authentication/78541816027,https://ugreen.com/.well-known/oauth-protected-resource,,dns_apex_spray,shopify_storefront
www.jbhifi.com.au,https://www.jbhifi.com.au/api/mcp,A_verified_mcp,oauth,True,200,storefront-renderer,0.1.0,2025-06-18,"logging,prompts,resources,tools",https://shopify.com/authentication/2498035810/oauth/authorize,https://shopify.com/authentication/2498035810/oauth/token,,False,"openid,email,customer-account-api:full,customer-account-mcp-api:full",https://shopify.com/authentication/2498035810,https://www.jbhifi.com.au/.well-known/oauth-protected-resource,,dns_apex_spray,shopify_storefront
yarnspirations.com,https://yarnspirations.com/api/mcp,A_verified_mcp,oauth,True,200,storefront-renderer,0.1.0,2025-06-18,"logging,prompts,resources,tools",https://account.yarnspirations.com/authentication/oauth/authorize,https://account.yarnspirations.com/authentication/oauth/token,,False,"openid,email,customer-account-api:full,customer-account-mcp-api:full",https://shopify.com/authentication/71151321403,https://yarnspirations.com/.well-known/oauth-protected-resource,,dns_apex_spray,shopify_storefront
yeahyeahyeahs.com,https://yeahyeahyeahs.com/api/mcp,A_verified_mcp,oauth,True,200,storefront-renderer,0.1.0,2025-06-18,"logging,prompts,resources,tools",https://shopify.com/authentication/64022806744/oauth/authorize,https://shopify.com/authentication/64022806744/oauth/token,,False,"openid,email,customer-account-api:full,customer-account-mcp-api:full",https://shopify.com/authentication/64022806744,https://yeahyeahyeahs.com/.well-known/oauth-protected-resource,,dns_apex_spray,shopify_storefront
vervecoffee.com,https://vervecoffee.com/api/mcp,A_verified_mcp,oauth,True,200,storefront-renderer,0.1.0,2025-06-18,"logging,prompts,resources,tools",https://shopify.com/authentication/359372/oauth/authorize,https://shopify.com/authentication/359372/oauth/token,,False,"openid,email,customer-account-api:full,customer-account-mcp-api:full",https://shopify.com/authentication/359372,https://vervecoffee.com/.well-known/oauth-protected-resource,,dns_apex_spray,shopify_storefront
worldofbooks.com,https://worldofbooks.com/api/mcp,A_verified_mcp,oauth,True,200,storefront-renderer,0.1.0,2025-06-18,"logging,prompts,resources,tools",https://shopify.com/authentication/78440726801/oauth/authorize,https://shopify.com/authentication/78440726801/oauth/token,,False,"openid,email,customer-account-api:full,customer-account-mcp-api:full",https://shopify.com/authentication/78440726801,https://worldofbooks.com/.well-known/oauth-protected-resource,,dns_apex_spray,shopify_storefront
unclaimedbaggage.com,https://unclaimedbaggage.com/api/mcp,A_verified_mcp,oauth,True,200,storefront-renderer,0.1.0,2025-06-18,"logging,prompts,resources,tools",https://shopify.com/authentication/25994690645/oauth/authorize,https://shopify.com/authentication/25994690645/oauth/token,,False,"openid,email,customer-account-api:full,customer-account-mcp-api:full",https://shopify.com/authentication/25994690645,https://unclaimedbaggage.com/.well-known/oauth-protected-resource,,dns_apex_spray,shopify_storefront
www.wellstore.it,https://www.wellstore.it/api/mcp,A_verified_mcp,oauth,True,200,storefront-renderer,0.1.0,2025-06-18,"logging,prompts,resources,tools",https://account.wellstore.it/authentication/oauth/authorize,https://account.wellstore.it/authentication/oauth/token,,False,"openid,email,customer-account-api:full,customer-account-mcp-api:full",https://shopify.com/authentication/96795591030,https://www.wellstore.it/.well-known/oauth-protected-resource,,dns_apex_spray,shopify_storefront
zendure.com,https://zendure.com/api/mcp,A_verified_mcp,oauth,True,200,storefront-renderer,0.1.0,2025-06-18,"logging,prompts,resources,tools",https://shopify.com/authentication/72043790616/oauth/authorize,https://shopify.com/authentication/72043790616/oauth/token,,False,"openid,email,customer-account-api:full,customer-account-mcp-api:full",https://shopify.com/authentication/72043790616,https://zendure.com/.well-known/oauth-protected-resource,,dns_apex_spray,shopify_storefront
checkout-niketeam.nike.com,https://checkout-niketeam.nike.com/api/mcp,A_verified_mcp,oauth,True,200,storefront-renderer,0.1.0,2025-06-18,"logging,prompts,resources,tools",https://shopify.com/authentication/7110099013/oauth/authorize,https://shopify.com/authentication/7110099013/oauth/token,,False,"openid,email,customer-account-api:full,customer-account-mcp-api:full",https://shopify.com/authentication/7110099013,https://checkout-niketeam.nike.com/.well-known/oauth-protected-resource,,serp_dorks,shopify_storefront
datastore.theglobeandmail.com,https://datastore.theglobeandmail.com/api/mcp,A_verified_mcp,oauth,True,200,storefront-renderer,0.1.0,2025-06-18,"logging,prompts,resources,tools",https://shopify.com/authentication/8961994/oauth/authorize,https://shopify.com/authentication/8961994/oauth/token,,False,"openid,email,customer-account-api:full,customer-account-mcp-api:full",https://shopify.com/authentication/8961994,https://datastore.theglobeandmail.com/.well-known/oauth-protected-resource,,serp_dorks,shopify_storefront
e9c22f-3.myshopify.com,https://e9c22f-3.myshopify.com/api/mcp,A_verified_mcp,oauth,True,200,storefront-renderer,0.1.0,2025-06-18,"logging,prompts,resources,tools",https://account.barnesandnoble.com/authentication/oauth/authorize,https://account.barnesandnoble.com/authentication/oauth/token,,False,"openid,email,customer-account-api:full,customer-account-mcp-api:full",https://shopify.com/authentication/67454337265,https://e9c22f-3.myshopify.com/.well-known/oauth-protected-resource,,serp_dorks,shopify_storefront
press-checkout.barnesandnoble.com,https://press-checkout.barnesandnoble.com/api/mcp,A_verified_mcp,oauth,True,200,storefront-renderer,0.1.0,2025-06-18,"logging,prompts,resources,tools",https://press-account.barnesandnoble.com/authentication/oauth/authorize,https://press-account.barnesandnoble.com/authentication/oauth/token,,False,"openid,email,customer-account-api:full,customer-account-mcp-api:full",https://shopify.com/authentication/93935534366,https://press-checkout.barnesandnoble.com/.well-known/oauth-protected-resource,,serp_dorks,shopify_storefront
shop.barnesandnoble.com,https://shop.barnesandnoble.com/api/mcp,A_verified_mcp,oauth,True,200,storefront-renderer,0.1.0,2025-06-18,"logging,prompts,resources,tools",https://account.barnesandnoble.com/authentication/oauth/authorize,https://account.barnesandnoble.com/authentication/oauth/token,,False,"openid,email,customer-account-api:full,customer-account-mcp-api:full",https://shopify.com/authentication/67454337265,https://shop.barnesandnoble.com/.well-known/oauth-protected-resource,,serp_dorks,shopify_storefront
shop.lonelyplanet.com,https://shop.lonelyplanet.com/api/mcp,A_verified_mcp,oauth,True,200,storefront-renderer,0.1.0,2025-06-18,"logging,prompts,resources,tools",https://shopify.com/authentication/65085210875/oauth/authorize,https://shopify.com/authentication/65085210875/oauth/token,,False,"openid,email,customer-account-api:full,customer-account-mcp-api:full",https://shopify.com/authentication/65085210875,https://shop.lonelyplanet.com/.well-known/oauth-protected-resource,,serp_dorks,shopify_storefront
trade.lonelyplanet.com,https://trade.lonelyplanet.com/api/mcp,A_verified_mcp,oauth,True,200,storefront-renderer,0.1.0,2025-06-18,"logging,prompts,resources,tools",https://shopify.com/authentication/22837653/oauth/authorize,https://shopify.com/authentication/22837653/oauth/token,,False,"openid,email,customer-account-api:full,customer-account-mcp-api:full",https://shopify.com/authentication/22837653,https://trade.lonelyplanet.com/.well-known/oauth-protected-resource,,serp_dorks,shopify_storefront
iplanet.one,https://iplanet.one/api/mcp,A_verified_mcp,oauth,True,200,storefront-renderer,0.1.0,2025-06-18,"logging,prompts,resources,tools",https://shopify.com/authentication/77561037109/oauth/authorize,https://shopify.com/authentication/77561037109/oauth/token,,False,"openid,email,customer-account-api:full,customer-account-mcp-api:full",https://shopify.com/authentication/77561037109,https://iplanet.one/.well-known/oauth-protected-resource,,serp_dorks,shopify_storefront
shop.vanityfair.com,https://shop.vanityfair.com/api/mcp,A_verified_mcp,oauth,True,200,storefront-renderer,0.1.0,2025-06-18,"logging,prompts,resources,tools",https://shopify.com/authentication/75856740647/oauth/authorize,https://shopify.com/authentication/75856740647/oauth/token,,False,"openid,email,customer-account-api:full,customer-account-mcp-api:full",https://shopify.com/authentication/75856740647,https://shop.vanityfair.com/.well-known/oauth-protected-resource,,serp_dorks,shopify_storefront
shop.simonandschuster.com,https://shop.simonandschuster.com/api/mcp,A_verified_mcp,oauth,True,200,storefront-renderer,0.1.0,2025-06-18,"logging,prompts,resources,tools",https://shopify.com/authentication/74184360222/oauth/authorize,https://shopify.com/authentication/74184360222/oauth/token,,False,"openid,email,customer-account-api:full,customer-account-mcp-api:full",https://shopify.com/authentication/74184360222,https://shop.simonandschuster.com/.well-known/oauth-protected-resource,,serp_dorks,shopify_storefront
shop.ushmm.org,https://shop.ushmm.org/api/mcp,A_verified_mcp,oauth,True,200,storefront-renderer,0.1.0,2025-06-18,"logging,prompts,resources,tools",https://shopify.com/authentication/63232803048/oauth/authorize,https://shopify.com/authentication/63232803048/oauth/token,,False,"openid,email,customer-account-api:full,customer-account-mcp-api:full",https://shopify.com/authentication/63232803048,https://shop.ushmm.org/.well-known/oauth-protected-resource,,serp_dorks,shopify_storefront
www.cbsports.com,https://www.cbsports.com/api/mcp,A_verified_mcp,oauth,True,200,storefront-renderer,0.1.0,2025-06-18,"logging,prompts,resources,tools",https://shopify.com/authentication/25361940534/oauth/authorize,https://shopify.com/authentication/25361940534/oauth/token,,False,"openid,email,customer-account-api:full,customer-account-mcp-api:full",https://shopify.com/authentication/25361940534,https://www.cbsports.com/.well-known/oauth-protected-resource,,serp_dorks,shopify_storefront
www.shop.travelandleisure.com,https://www.shop.travelandleisure.com/api/mcp,A_verified_mcp,oauth,True,200,storefront-renderer,0.1.0,2025-06-18,"logging,prompts,resources,tools",https://shopify.com/authentication/66902458654/oauth/authorize,https://shopify.com/authentication/66902458654/oauth/token,,False,"openid,email,customer-account-api:full,customer-account-mcp-api:full",https://shopify.com/authentication/66902458654,https://www.shop.travelandleisure.com/.well-known/oauth-protected-resource,,serp_dorks,shopify_storefront
