root_domain,host,endpoint,server_name,server_version,protocol_version,verdict,auth,quality,http_status,dynamic_client_registration,authorization_endpoint,token_endpoint,registration_endpoint,issuer,prm_url,scopes,is_docs_mcp,source_file
1819news.com,1819news.com,https://1819news.com/mcp,,,,auth_required,bearer,bearer,401,False,,,,,,,False,majestic_apex
20minutos.es,20minutos.es,https://20minutos.es/api/mcp,,,,auth_required,bearer,bearer,401,False,,,,,,,False,majestic_apex
21noticias.com,21noticias.com,https://21noticias.com/wp-json/royal-mcp/v1,,,,auth_required,oauth,oauth,401,True,https://21noticias.com/authorize,https://21noticias.com/token,https://21noticias.com/register,https://21noticias.com,https://21noticias.com/.well-known/oauth-protected-resource,mcp:full,False,majestic_prm
23video.com,23video.com,https://23video.com/mcp,,,,mcp_error,,mcp_error,405,False,,,,,,,False,majestic_apex
402oracle.com,402oracle.com,https://402oracle.com/mcp,402oracle,1.3.0,2025-03-26,open,none,open,200,False,,,,,,,False,registry_serp_curated
99bitcoins.com,99bitcoins.com,https://99bitcoins.com/wp-json/mcp/mcp-oauth-server,,,,auth_required,oauth,oauth,403,False,https://99bitcoins.com/oauth/authorize,https://99bitcoins.com/oauth/token,,https://99bitcoins.com,https://99bitcoins.com/.well-known/oauth-protected-resource,mcp,False,majestic_prm
a2awire.com,a2awire.com,https://a2awire.com/mcp/http,,,,auth_required,auth_unknown,auth,401,False,,,,,,,False,registry_serp_curated
aatos.dev,aatos.dev,https://aatos.dev/mcp,ai-agent-tokenized-stock,1.1.0,2025-06-18,open,none,open,200,False,,,,,,,False,registry_serp_curated
dropwatchhq.com,abc.dropwatchhq.com,https://abc.dropwatchhq.com/mcp,distress-abc,1.0.0,2024-11-05,open,none,open,200,False,,,,,,,False,registry_serp_curated
ablakarajanlat.hu,ablakarajanlat.hu,https://ablakarajanlat.hu/api/mcp,ablakarajanlat-mcp,0.1.0,2025-06-18,open,none,open,200,False,,,,,,,False,registry_serp_curated
abundanceapis.com,abundanceapis.com,https://abundanceapis.com/mcp,Abundance APIs,1.0.0,2025-06-18,open,none,open,200,False,,,,,,,False,registry_serp_curated
accrue.cc,accrue.cc,https://accrue.cc/mcp,accrue-mcp,2.0.0,2024-11-05,open,none,open,200,False,,,,,,,False,registry_serp_curated
acousticalsociety.org,acousticalsociety.org,https://acousticalsociety.org/wp-json/mcp/mcp-oauth-server,,,,auth_required,oauth,oauth,403,False,https://acousticalsociety.org/oauth/authorize,https://acousticalsociety.org/oauth/token,,https://acousticalsociety.org,https://acousticalsociety.org/.well-known/oauth-protected-resource,mcp,False,majestic_prm
adfontesmedia.com,adfontesmedia.com,https://adfontesmedia.com/wp-json/mcp/mcp-oauth-server,,,,auth_required,oauth,oauth,401,False,https://adfontesmedia.com/oauth/authorize,https://adfontesmedia.com/oauth/token,,https://adfontesmedia.com,https://adfontesmedia.com/.well-known/oauth-protected-resource,mcp,False,majestic_prm
convrgent.ai,aeo-mcp.convrgent.ai,https://aeo-mcp.convrgent.ai/mcp,aeo-scanner,2.2.5,2025-06-18,open,none,open,200,False,,,,,,,False,registry_serp_curated
afriref.dev,afriref.dev,https://afriref.dev/mcp,afriref,1.0.0,2025-06-18,open,none,open,200,False,,,,,,,False,registry_serp_curated
innergcomplete.com,agency.innergcomplete.com,https://agency.innergcomplete.com/mcp,com.innergcomplete/shearquery,0.1.0,2025-06-18,open,none,open,200,False,,,,,,,False,registry_serp_curated
basenull.com,agent-talk.basenull.com,https://agent-talk.basenull.com/mcp/{channel_key},,,,mcp_error,,mcp_error,200,False,,,,,,,False,registry_serp_curated
agent-tune.com,agent-tune.com,https://agent-tune.com/mcp,agenttune,1.0.0,2025-06-18,open,none,open,200,False,,,,,,,False,registry_serp_curated
cryptopolitan.com,agent.cryptopolitan.com,https://agent.cryptopolitan.com/mcp,cryptopolitan-mcp,2.0.0,2025-06-18,open,none,open,200,False,,,,,,,False,registry_serp_curated
nanocorp.app,agentarena.nanocorp.app,https://agentarena.nanocorp.app/api/mcp,agent-coliseum,0.1.0,2025-06-18,open,none,open,200,False,,,,,,,False,registry_serp_curated
agentdomainsearch.com,agentdomainsearch.com,https://agentdomainsearch.com/mcp,agentdomainsearch,1.0.0,2025-11-05,open,none,open,200,False,,,,,,,False,registry_serp_curated
agentegalicia.com,agentegalicia.com,https://agentegalicia.com/mcp,agente-galicia-public-discovery,1.0.0,2025-06-18,open,none,open,200,False,,,,,,,False,registry_serp_curated
agentery.com,agentery.com,https://agentery.com/api/mcp,agentery,1.8.0,2025-03-26,open,none,open,200,False,,,,,,,False,registry_serp_curated
agentfulfyl.com,agentfulfyl.com,https://agentfulfyl.com/mcp,agentfulfyl,v0,2025-06-18,open,none,open,200,False,,,,,,,False,registry_serp_curated
agentgrade.com,agentgrade.com,https://agentgrade.com/mcp,agentgrade,1.0.0,2024-11-05,open,none,open,200,False,,,,,,,False,registry_serp_curated
agentictotem.com,agentictotem.com,https://agentictotem.com/mcp,AgenticTotem,1.0.0,2025-06-18,open,none,open,200,False,,,,,,,False,registry_serp_curated
agentpapers.dev,agentpapers.dev,https://agentpapers.dev/api/mcp,agent-papers,0.1.0,2025-03-26,open,none,open,200,False,,,,,,,False,registry_serp_curated
agentplaybooks.ai,agentplaybooks.ai,https://agentplaybooks.ai/api/mcp/manage,agentplaybooks-management,1.0.0,2025-06-18,open,none,open,200,False,,,,,,,False,registry_serp_curated
agentshare.dev,agentshare.dev,https://agentshare.dev/mcp,,,,auth_required,auth_unknown,auth,401,False,,,,,,,False,registry_serp_curated
agentskills.io,agentskills.io,https://agentskills.io/mcp,Agent Skills,1.0.0,2025-06-18,open,none,open,200,False,,,,,,,False,majestic_apex
agentsprice.com,agentsprice.com,https://agentsprice.com/mcp,AgentsPrice,1.27.2,2025-06-18,open,none,open,200,False,,,,,,,False,registry_serp_curated
agenty.im,agenty.im,https://agenty.im/mcp,agenty,1.0.0,2025-06-18,open,none,open,200,False,,,,,,,False,registry_serp_curated
agialpha.com,agialpha.com,https://agialpha.com/api/mcp,mcp-typescript server on vercel,0.1.0,2025-06-18,open,none,open,200,False,,,,,,,False,registry_serp_curated
agiletv.com,agiletv.com,https://agiletv.com/wp-json/mcp/mcp-oauth-server,,,,auth_required,oauth,oauth,401,False,https://agiletv.com/oauth/authorize,https://agiletv.com/oauth/token,,https://agiletv.com,https://agiletv.com/.well-known/oauth-protected-resource,mcp,False,majestic_prm
ai-law-tracker.com,ai-law-tracker.com,https://ai-law-tracker.com/api/mcp,ai-law-tracker,1.0.0,2025-06-18,open,none,open,200,False,,,,,,,False,registry_serp_curated
dropwatchhq.com,aiapi.dropwatchhq.com,https://aiapi.dropwatchhq.com/mcp,ai-api-radar,1.0.0,2024-11-05,open,none,open,200,False,,,,,,,False,registry_serp_curated
aidc-ai.io,aidc-ai.io,https://aidc-ai.io/api/mcp,aidc-design-engine,2026.07.13,2025-06-18,open,none,open,200,False,,,,,,,False,registry_serp_curated
aidoos.com,aidoos.com,https://aidoos.com/mcp,AiDOOS Virtual Delivery Center,1.0.0,2025-06-18,open,none,open,200,False,,,,,,,False,registry_serp_curated
aiframework.com.au,aiframework.com.au,https://aiframework.com.au/api/mcp.php,aiframework-generator,1.1.1,2025-06-18,open,none,open,200,False,,,,,,,False,registry_serp_curated
aigramx.com,aigramx.com,https://aigramx.com/api/v1/mcp,aigramx,1.0.0,2025-06-18,open,oauth,open,200,True,,https://aigramx.com/api/v1/oauth/token,https://aigramx.com/api/v1/public/keys,https://aigramx.com,https://aigramx.com/.well-known/oauth-protected-resource,"feed:read,post:write",False,registry_serp_curated
aijourn.com,aijourn.com,https://aijourn.com/wp-json/mcp/mcp-oauth-server,,,,auth_required,oauth,oauth,401,False,https://aijourn.com/oauth/authorize,https://aijourn.com/oauth/token,,https://aijourn.com,https://aijourn.com/.well-known/oauth-protected-resource,mcp,False,majestic_prm
airiskmanagement.ca,ailist.airiskmanagement.ca,https://ailist.airiskmanagement.ca/mcp,shadow-ai-list,1.0.0,2025-06-18,open,none,open,200,False,,,,,,,False,registry_serp_curated
ainetcafe.com,ainetcafe.com,https://ainetcafe.com/mcp,ai-netcafe,1.5.0,2025-06-18,open,none,open,200,False,,,,,,,False,registry_serp_curated
aistackscore.com,aistackscore.com,https://aistackscore.com/mcp,aistackscore,1.0.0,2025-06-18,open,none,open,200,False,,,,,,,False,registry_serp_curated
aistoryhub.co,aistoryhub.co,https://aistoryhub.co/mcp/mcp,,,,auth_required,oauth,oauth,401,True,https://aistoryhub.co/oauth/authorize,https://aistoryhub.co/oauth/token,https://aistoryhub.co/oauth/register,https://aistoryhub.co,https://aistoryhub.co/.well-known/oauth-protected-resource,"account:read,stories:read,stories:write,world:read,world:write,voice:read,voice:write,ai:generate,ai:revise,ai:editorial,skills:read,memory:read,memory:write,rules:read,rules:write",False,registry_serp_curated
alamogordonews.com,alamogordonews.com,https://alamogordonews.com/wp-json/mcp/mcp-oauth-server,,,,auth_required,oauth,oauth,401,False,https://alamogordonews.com/oauth/authorize,https://alamogordonews.com/oauth/token,,https://alamogordonews.com,https://alamogordonews.com/.well-known/oauth-protected-resource,mcp,False,majestic_prm
alexandracooks.com,alexandracooks.com,https://alexandracooks.com/wp-json/mcp/mcp-oauth-server,,,,auth_required,oauth,oauth,401,False,https://alexandracooks.com/oauth/authorize,https://alexandracooks.com/oauth/token,,https://alexandracooks.com,https://alexandracooks.com/.well-known/oauth-protected-resource,mcp,False,majestic_prm
france-care.fr,alice.france-care.fr,https://alice.france-care.fr/api/mcp,france-care-territorial,1.0.0,2025-03-26,open,none,open,200,False,,,,,,,False,registry_serp_curated
allergyasthmanetwork.org,allergyasthmanetwork.org,https://allergyasthmanetwork.org/wp-json/mcp/mcp-oauth-server,,,,auth_required,oauth,oauth,401,False,https://allergyasthmanetwork.org/oauth/authorize,https://allergyasthmanetwork.org/oauth/token,,https://allergyasthmanetwork.org,https://allergyasthmanetwork.org/.well-known/oauth-protected-resource,mcp,False,majestic_prm
alltimetables.com,alltimetables.com,https://alltimetables.com/mcp,,,,mcp_error,,mcp_error,400,False,,,,,,,False,registry_serp_curated
alpha402x.com,alpha402x.com,https://alpha402x.com/mcp,alpha402x-research,1.0.0,2025-06-18,open,none,open,200,False,,,,,,,False,registry_serp_curated
am-lich.com,am-lich.com,https://am-lich.com/mcp,am-lich,1.3.0,2025-06-18,open,none,open,200,False,,,,,,,False,registry_serp_curated
amalgix.io,amalgix.io,https://amalgix.io/mcp,x402-agentic-router,1.0.0,2025-06-18,open,none,open,200,False,,,,,,,False,registry_serp_curated
trendsapi.ai,amazon.api.trendsapi.ai,https://amazon.api.trendsapi.ai/mcp,paradox-intelligence-trends-mcp,1.0.0,2025-03-26,open,none,open,200,False,,,,,,,False,registry_serp_curated
seoapi.com,amazon.seoapi.com,https://amazon.seoapi.com/mcp,amazon,1.0.0,2025-06-18,open,none,open,200,False,,,,,,,False,registry_serp_curated
americanpressinstitute.org,americanpressinstitute.org,https://americanpressinstitute.org/wp-json/mcp/mcp-oauth-server,,,,auth_required,oauth,oauth,401,False,https://americanpressinstitute.org/oauth/authorize,https://americanpressinstitute.org/oauth/token,,https://americanpressinstitute.org,https://americanpressinstitute.org/.well-known/oauth-protected-resource,mcp,False,majestic_prm
amshq.org,amshq.org,https://amshq.org/wp-json/mcp/mcp-oauth-server,,,,auth_required,oauth,oauth,401,False,https://amshq.org/oauth/authorize,https://amshq.org/oauth/token,,https://amshq.org,https://amshq.org/.well-known/oauth-protected-resource,mcp,False,majestic_prm
andremedvanner.se,andremedvanner.se,https://andremedvanner.se/wp-json/mcp/mcp-oauth-server,,,,auth_required,oauth,oauth,401,False,https://andremedvanner.se/oauth/authorize,https://andremedvanner.se/oauth/token,,https://andremedvanner.se,https://andremedvanner.se/.well-known/oauth-protected-resource,mcp,False,majestic_prm
anybrowse.dev,anybrowse.dev,https://anybrowse.dev/mcp,anybrowse,1.0.0,2025-03-26,open,none,open,200,False,,,,,,,False,registry_serp_curated
1001locals.com,api.1001locals.com,https://api.1001locals.com/mcp,1001locals-mcp,0.3.0,2025-06-18,open,none,open,200,False,,,,,,,False,registry_serp_curated
24hourfitness.com,api.24hourfitness.com,https://api.24hourfitness.com/mcp,,,,auth_required,bearer,bearer,401,False,,,,,,,False,
24timezones.com,api.24timezones.com,https://api.24timezones.com/mcp,,,,mcp_error,,mcp_error,200,False,,,,,,,False,majestic_apex
accurecord.io,api.accurecord.io,https://api.accurecord.io/mcp,,,,auth_required,bearer,bearer,401,False,,,,,,,False,registry_serp_curated
acuris-geo.com,api.acuris-geo.com,https://api.acuris-geo.com/mcp,acuris-geo,1.27.1,2025-06-18,open,none,open,200,False,,,,,,,False,registry_serp_curated
advantest.com,api.advantest.com,https://api.advantest.com/mcp,,,,auth_required,bearer,bearer,401,False,,,,,,,False,majestic_apex
advocatemcp.com,api.advocatemcp.com,https://api.advocatemcp.com/mcp,advocate,0.1.0,2025-06-18,open,none,open,200,False,,,,,,,False,registry_serp_curated
agent4.io,api.agent4.io,https://api.agent4.io/mcp,agent4-io,,2025-06-18,open,none,open,200,False,,,,,,,False,registry_serp_curated
agentfilings.com,api.agentfilings.com,https://api.agentfilings.com/mcp,agentfilings,0.0.0,2025-06-18,open,none,open,200,False,,,,,,,False,registry_serp_curated
agentline.cloud,api.agentline.cloud,https://api.agentline.cloud/mcp,,,,auth_required,oauth,oauth,401,True,https://api.agentline.cloud/oauth/authorize,https://api.agentline.cloud/oauth/token,https://api.agentline.cloud/oauth/register,https://api.agentline.cloud,https://api.agentline.cloud/.well-known/oauth-protected-resource/mcp,"agentline,offline_access",False,registry_serp_curated
agentlux.ai,api.agentlux.ai,https://api.agentlux.ai/v1/mcp/jsonrpc,agentlux,1.0.0,2025-03-26,open,none,open,200,False,,,,,,,False,registry_serp_curated
agentry.com,api.agentry.com,https://api.agentry.com/mcp,Agentry MCP,"AI Agent Registry and Discovery — search, register, and evaluate 122+ AI agents across 11 categories. Features trust scoring, A2A protocol support, Cashu ecash payment rails, and programmatic agent registration. No authentication required.",2025-06-18,open,none,open,200,False,,,,,,,False,registry_serp_curated
airbyte.com,api.airbyte.com,https://api.airbyte.com/mcp,,,,auth_required,bearer,bearer,401,False,,,,,,,False,majestic_apex
algovault.com,api.algovault.com,https://api.algovault.com/mcp,crypto-quant-signal-mcp,1.25.0,2025-06-18,open,none,open,200,False,,,,,,,False,registry_serp_curated
allpdfmagic.com,api.allpdfmagic.com,https://api.allpdfmagic.com/mcp,allpdfmagic,1.0.0,2025-06-18,open,none,open,200,False,,,,,,,False,registry_serp_curated
almured.com,api.almured.com,https://api.almured.com/mcp,Almured Knowledge Layer,1.27.0,2025-06-18,open,none,open,200,False,,,,,,,False,registry_serp_curated
alpinedataworks.com,api.alpinedataworks.com,https://api.alpinedataworks.com/mcp,adw-intelligence-server,0.3.0,2025-06-18,open,none,open,200,False,,,,,,,False,registry_serp_curated
anots.com,api.anots.com,https://api.anots.com/mcp,anots-inter,1.0.0,2025-06-18,open,none,open,200,False,,,,,,,False,registry_serp_curated
anp.nl,api.anp.nl,https://api.anp.nl/mcp,,,,auth_required,bearer,bearer,401,False,,,,,,,False,majestic_apex
archives-ouvertes.fr,api.archives-ouvertes.fr,https://api.archives-ouvertes.fr/mcp,hal-mcp,1.28.1,2025-06-18,open,none,open,200,False,,,,,,,False,majestic_apex
arsenal-quant.com,api.arsenal-quant.com,https://api.arsenal-quant.com/mcp,Arsenal Decision Engine,2.0.0,2024-11-05,open,none,open,200,False,,,,,,,False,registry_serp_curated
audiotool.com,api.audiotool.com,https://api.audiotool.com/mcp,audiotool-mcp-server,6ad50fb5ae3c674c3f66ea35c727ed415b8ff40f,2025-06-18,open,none,open,200,False,,,,,,,False,majestic_apex
aurelianflo.com,api.aurelianflo.com,https://api.aurelianflo.com/mcp,AurelianFlo,0.4.0,2025-06-18,open,none,open,200,False,,,,,,,False,registry_serp_curated
auto-reader.com,api.auto-reader.com,https://api.auto-reader.com/mcp,auto-reader-ocr,1.0.0,2025-06-18,open,none,open,200,False,,,,,,,False,registry_serp_curated
awin.com,api.awin.com,https://api.awin.com/mcp,,,,auth_required,bearer,bearer,401,False,,,,,,,False,majestic_apex
babyblueviper.com,api.babyblueviper.com,https://api.babyblueviper.com/mcp,invinoveritas,1.12.1,2025-06-18,open,oauth,open,200,True,https://api.babyblueviper.com/oauth/authorize,https://api.babyblueviper.com/oauth/token,https://api.babyblueviper.com/oauth/register,https://api.babyblueviper.com,https://api.babyblueviper.com/.well-known/oauth-protected-resource,mcp,False,registry_serp_curated
baystars.co.jp,api.baystars.co.jp,https://api.baystars.co.jp/mcp,,,,auth_required,bearer,bearer,401,False,,,,,,,False,majestic_apex
bedrocknews.com,api.bedrocknews.com,https://api.bedrocknews.com/api/mcp,bedrocknews.com,1.0.0,2025-06-18,open,none,open,200,False,,,,,,,False,registry_serp_curated
bigid.com,api.bigid.com,https://api.bigid.com/mcp,Documentation Portal API,0.1.0,2025-06-18,open,none,open,200,False,,,,,,,False,majestic_apex
biletyna.pl,api.biletyna.pl,https://api.biletyna.pl/mcp,biletyna,2.0.0,2025-11-25,open,none,open,200,False,,,,,,,False,majestic_apex
bingx.com,api.bingx.com,https://api.bingx.com/api/mcp,,,,auth_required,bearer,bearer,401,False,,,,,,,False,majestic_apex
bizzabo.com,api.bizzabo.com,https://api.bizzabo.com/api/mcp,,,,auth_required,bearer,bearer,401,False,,,,,,,False,majestic_apex
bmw.com,api.bmw.com,https://api.bmw.com/mcp,,,,auth_required,bearer,bearer,401,False,,,,,,,False,majestic_apex
bokun.io,api.bokun.io,https://api.bokun.io/mcp,,,,mcp_error,,mcp_error,200,False,,,,,,,False,majestic_apex
bonfire.com,api.bonfire.com,https://api.bonfire.com/mcp,,,,auth_required,auth_unknown,auth,401,False,,,,,,,False,majestic_apex
box.net,api.box.net,https://api.box.net/mcp,,,,auth_required,oauth,oauth,401,False,https://account.box.com/api/oauth2/authorize,https://api.box.com/oauth2/token,,https://api.box.com,https://mcp.box.com/.well-known/oauth-protected-resource,,False,majestic_apex
bricsys.com,api.bricsys.com,https://api.bricsys.com/mcp,,,,auth_required,bearer,bearer,401,False,,,,,,,False,majestic_apex
cabal-hunter.com,api.cabal-hunter.com,https://api.cabal-hunter.com/mcp,cabal-hunter,1.0.0,2025-06-18,open,none,open,200,False,,,,,,,False,registry_serp_curated
campercontact.com,api.campercontact.com,https://api.campercontact.com/mcp,,,,auth_required,bearer,bearer,401,False,,,,,,,False,majestic_apex
cars-data.com,api.cars-data.com,https://api.cars-data.com/mcp,cars-data-specs,1.0.0,2025-06-18,open,none,open,200,False,,,,,,,False,registry_serp_curated
casaintelligence.com.au,api.casaintelligence.com.au,https://api.casaintelligence.com.au/mcp/public/v1/messages,casa-intelligence-public,1.0.0,2024-11-05,open,none,open,200,False,,,,,,,False,registry_serp_curated
ccapi.ai,api.ccapi.ai,https://api.ccapi.ai/mcp,ccapi,20260805-63162dc,2025-06-18,open,none,open,200,False,,,,,,,False,registry_serp_curated
ccapi.ai,api.ccapi.ai,https://api.ccapi.ai/mcp/image,ccapi-image,20260805-63162dc,2025-06-18,open,none,open,200,False,,,,,,,False,registry_serp_curated
ccapi.ai,api.ccapi.ai,https://api.ccapi.ai/mcp/music,ccapi-music,20260805-63162dc,2025-06-18,open,none,open,200,False,,,,,,,False,registry_serp_curated
ccapi.ai,api.ccapi.ai,https://api.ccapi.ai/mcp/text,ccapi-text,20260805-63162dc,2025-06-18,open,none,open,200,False,,,,,,,False,registry_serp_curated
ccapi.ai,api.ccapi.ai,https://api.ccapi.ai/mcp/video,ccapi-video,20260805-63162dc,2025-06-18,open,none,open,200,False,,,,,,,False,registry_serp_curated
chartercaptain.com,api.chartercaptain.com,https://api.chartercaptain.com/mcp/mcp,mcp-typescript server on vercel,0.1.0,2025-06-18,open,none,open,200,False,,,,,,,False,registry_serp_curated
cheapestinference.com,api.cheapestinference.com,https://api.cheapestinference.com/mcp,cheapestinference,1.0.0,2025-06-18,open,none,open,200,False,,,,,,,False,registry_serp_curated
civilquants.com,api.civilquants.com,https://api.civilquants.com/mcp,civilquants,3.4.2,2025-06-18,open,oauth,open,200,True,https://api.civilquants.com/authorize,https://api.civilquants.com/token,https://api.civilquants.com/register,https://api.civilquants.com/,https://api.civilquants.com/.well-known/oauth-protected-resource/mcp,"openid,email,profile",False,registry_serp_curated
clearmarket.fyi,api.clearmarket.fyi,https://api.clearmarket.fyi/mcp,clearmarket,0.2.0,2025-06-18,open,none,open,200,False,,,,,,,False,registry_serp_curated
cm.com,api.cm.com,https://api.cm.com/mcp,,,,auth_required,bearer,bearer,401,False,,,,,,,False,majestic_apex
compamir.com,api.compamir.com,https://api.compamir.com/mcp,compamir-data,1.0.0,2025-06-18,open,none,open,200,False,,,,,,,False,registry_serp_curated
contaazul.com,api.contaazul.com,https://api.contaazul.com/mcp,,,,auth_required,bearer,bearer,401,False,,,,,,,False,majestic_apex
convalytics.dev,api.convalytics.dev,https://api.convalytics.dev/mcp,convalytics,1.0.0,2025-06-18,open,none,open,200,False,,,,,,,False,registry_serp_curated
coop.ch,api.coop.ch,https://api.coop.ch/mcp,,,,auth_required,bearer,bearer,401,False,,,,,,,False,majestic_apex
corpay.com,api.corpay.com,https://api.corpay.com/mcp,Corpay Platform,1.0.0,2025-06-18,open,none,open,200,False,,,,,,,False,majestic_apex
correkt.com,api.correkt.com,https://api.correkt.com/mcp,correkt,1.0.0,2025-06-18,open,none,open,200,False,,,,,,,False,registry_serp_curated
cotality.com,api.cotality.com,https://api.cotality.com/mcp,,,,auth_required,oauth,oauth,401,False,https://api.cotality.com/pkce/authorize,https://api.cotality.com/pkce/token,,https://api.cotality.com,https://mcp.cotality.com/.well-known/oauth-protected-resource,mcp:tools,False,majestic_apex
cox.com,api.cox.com,https://api.cox.com/mcp,,,,auth_required,bearer,bearer,401,False,,,,,,,False,majestic_apex
currencyguard.com,api.currencyguard.com,https://api.currencyguard.com/mcp,CurrencyGuard Guard Pricing,1.0.0,2025-06-18,open,none,open,200,False,,,,,,,False,registry_serp_curated
data-apis.com,api.data-apis.com,https://api.data-apis.com/mcp,sec-event-intelligence-mcp,0.1.10,2025-06-18,open,none,open,200,False,,,,,,,False,registry_serp_curated
datev.de,api.datev.de,https://api.datev.de/mcp,,,,auth_required,bearer,bearer,401,False,,,,,,,False,majestic_apex
datronis.com,api.datronis.com,https://api.datronis.com/api/mcp,Datronis,1.0.0,2025-06-18,open,none,open,200,False,,,,,,,False,registry_serp_curated
devexpress.com,api.devexpress.com,https://api.devexpress.com/mcp/docs,DevExpress Documentation Search,1.28.1,2025-06-18,open,none,open,200,False,,,,,,,True,registry_serp_curated
docimprint.com,api.docimprint.com,https://api.docimprint.com/mcp,DocImprint,1.0.6,2025-06-18,open,none,open,200,False,,,,,,,False,registry_serp_curated
doorloop.com,api.doorloop.com,https://api.doorloop.com/mcp,,,,auth_required,oauth,oauth,401,True,https://dash.readme.com/oidc/auth,https://dash.readme.com/oidc/token,https://dash.readme.com/oidc/reg,https://dash.readme.com/oidc,https://api.doorloop.com/.well-known/oauth-protected-resource/mcp,"openid,offline_access,mcp:read,mcp:write,email,profile",False,majestic_apex
dotnova.io,api.dotnova.io,https://api.dotnova.io/mcp,rmcp,1.1.0,2025-06-18,open,none,open,200,False,,,,,,,False,registry_serp_curated
duth.gr,api.duth.gr,https://api.duth.gr/api/mcp,,,,auth_required,bearer,bearer,401,False,,,,,,,False,majestic_apex
enom.com,api.enom.com,https://api.enom.com/mcp,,,,auth_required,oauth,oauth,401,True,https://dash.readme.com/oidc/auth,https://dash.readme.com/oidc/token,https://dash.readme.com/oidc/reg,https://dash.readme.com/oidc,https://api.enom.com/.well-known/oauth-protected-resource/mcp,"openid,offline_access,mcp:read,mcp:write,email,profile",False,majestic_apex
eudic.net,api.eudic.net,https://api.eudic.net/api/mcp,Eudic MCP,1.0.0,2025-06-18,open,none,open,200,False,,,,,,,False,majestic_apex
everhour.com,api.everhour.com,https://api.everhour.com/mcp,,,,auth_required,oauth,oauth,401,True,https://api.everhour.com/oauth/authorize,https://api.everhour.com/oauth/token,https://api.everhour.com/oauth/register,https://api.everhour.com,https://api.everhour.com/.well-known/oauth-protected-resource/mcp,default,False,majestic_apex
every.to,api.every.to,https://api.every.to/mcp,every,1.0.0,2025-11-25,open,oauth,open,200,True,https://api.every.to/oauth/authorize,https://api.every.to/oauth/token,https://api.every.to/oauth/register,https://api.every.to,https://api.every.to/.well-known/oauth-protected-resource/mcp,mcp,False,majestic_apex
failiem.lv,api.failiem.lv,https://api.failiem.lv/api/mcp,filesfm-hosted-mcp,1.0.0,2025-06-18,open,none,open,200,False,,,,,,,False,majestic_apex
files.fm,api.files.fm,https://api.files.fm/api/mcp,filesfm-hosted-mcp,1.0.0,2025-06-18,open,none,open,200,False,,,,,,,False,majestic_apex
filetopdf.dev,api.filetopdf.dev,https://api.filetopdf.dev/mcp,filetopdf,0.1.0,2025-06-18,open,none,open,200,False,,,,,,,False,registry_serp_curated
finombudsman.ru,api.finombudsman.ru,https://api.finombudsman.ru/api/mcp,,,,auth_required,bearer,bearer,401,False,,,,,,,False,majestic_apex
forskningsradet.no,api.forskningsradet.no,https://api.forskningsradet.no/mcp,,,,auth_required,bearer,bearer,401,False,,,,,,,False,majestic_apex
fortnite.com,api.fortnite.com,https://api.fortnite.com/mcp,,,,auth_required,bearer,bearer,401,False,,,,,,,False,majestic_apex
fotor.com,api.fotor.com,https://api.fotor.com/sse,Fotor-Admin-MCP-USER,1.0.0,2025-06-18,open,none,open,200,False,,,,,,,False,
freeastroapi.com,api.freeastroapi.com,https://api.freeastroapi.com/mcp,freeastroapi-mcp,1.0.0,2025-03-26,open,none,open,200,False,,,,,,,False,registry_serp_curated
gadgethumans.com,api.gadgethumans.com,https://api.gadgethumans.com/api/mcp,gadgethumans-mcp,2.1.0,2025-06-18,open,none,open,200,False,,,,,,,False,registry_serp_curated
geospatialsystem.com,api.geospatialsystem.com,https://api.geospatialsystem.com/mcp,Location Profile,3.3.1,2025-06-18,open,none,open,200,False,,,,,,,False,registry_serp_curated
getappniche.com,api.getappniche.com,https://api.getappniche.com/mcp,getappniche,0.1.0,2025-06-18,open,none,open,200,False,,,,,,,False,registry_serp_curated
gitee.com,api.gitee.com,https://api.gitee.com/mcp,gitee-mcp-remote,1.0.0,2025-03-26,open,none,open,200,False,,,,,,,False,majestic_apex
godbolt.org,api.godbolt.org,https://api.godbolt.org/mcp,compiler-explorer,gh-18772,2025-06-18,open,none,open,200,False,,,,,,,False,majestic_apex
gomro.cn,api.gomro.cn,https://api.gomro.cn/mcp,,,,auth_required,bearer,bearer,401,False,,,,,,,False,majestic_apex
goodfirms.co,api.goodfirms.co,https://api.goodfirms.co/mcp,,,,auth_required,bearer,bearer,401,False,,,,,,,False,majestic_apex
gpthuman.ai,api.gpthuman.ai,https://api.gpthuman.ai/mcp,GPTHuman MCP Server,1.0.0,2025-06-18,open,none,open,200,False,,,,,,,False,registry_serp_curated
groundroute.ai,api.groundroute.ai,https://api.groundroute.ai/mcp,,,,auth_required,bearer,bearer,401,False,,,,,,,False,registry_serp_curated
gurufocus.com,api.gurufocus.com,https://api.gurufocus.com/mcp,gurufocus-mcp,0.2.0,2025-06-18,open,none,open,200,False,,,,,,,False,majestic_apex
harmony.one,api.harmony.one,https://api.harmony.one/mcp,,,,mcp_error,,mcp_error,200,False,,,,,,,False,majestic_apex
highspeedtraining.co.uk,api.highspeedtraining.co.uk,https://api.highspeedtraining.co.uk/mcp,,,,auth_required,bearer,bearer,401,False,,,,,,,False,majestic_apex
humantaste.app,api.humantaste.app,https://api.humantaste.app/mcp,taste-mcp,2.0.0,2025-06-18,open,none,open,200,False,,,,,,,False,registry_serp_curated
idescat.cat,api.idescat.cat,https://api.idescat.cat/mcp,idescat-tools,1.0.0,2025-06-18,open,none,open,200,False,,,,,,,False,majestic_apex
indexexchange.com,api.indexexchange.com,https://api.indexexchange.com/mcp,,,,auth_required,oauth,oauth,401,True,https://dash.readme.com/oidc/auth,https://dash.readme.com/oidc/token,https://dash.readme.com/oidc/reg,https://dash.readme.com/oidc,https://api.indexexchange.com/.well-known/oauth-protected-resource/mcp,"openid,offline_access,mcp:read,mcp:write,email,profile",False,majestic_apex
ingest0r.com,api.ingest0r.com,https://api.ingest0r.com/mcp,cook-county-chicago-property-data,1.27.2,2025-06-18,open,none,open,200,False,,,,,,,False,registry_serp_curated
insidergraph.com,api.insidergraph.com,https://api.insidergraph.com/mcp,insidergraph,0.51.24,2025-06-18,open,none,open,200,False,,,,,,,False,registry_serp_curated
instantdomainsearch.com,api.instantdomainsearch.com,https://api.instantdomainsearch.com/mcp,nominl,0.1.0,2025-06-18,open,none,open,200,False,,,,,,,False,majestic_apex
intercom.io,api.intercom.io,https://api.intercom.io/fin/mcp,,,,auth_required,auth_unknown,auth,401,False,,,,,,,False,registry_serp_curated
italotreno.it,api.italotreno.it,https://api.italotreno.it/mcp,,,,auth_required,bearer,bearer,401,False,,,,,,,False,majestic_apex
joinhomebase.com,api.joinhomebase.com,https://api.joinhomebase.com/mcp,,,,auth_required,bearer,bearer,401,False,,,,,,,False,majestic_apex
joinplexa.com,api.joinplexa.com,https://api.joinplexa.com/mcp/sse,plexa,1.29.0,2025-06-18,open,none,open,200,False,,,,,,,False,registry_serp_curated
kaimeilabs.dev,api.kaimeilabs.dev,https://api.kaimeilabs.dev/mcp,Guardian Engine,1.0.0,2025-06-18,open,none,open,200,False,,,,,,,False,registry_serp_curated
kinescope.io,api.kinescope.io,https://api.kinescope.io/mcp,kinescope-mcp,v0.0.13,2025-06-18,open,none,open,200,False,,,,,,,False,majestic_apex
kontato.ai,api.kontato.ai,https://api.kontato.ai/mcp,kontato,1.0.0,2025-06-18,open,none,open,200,False,,,,,,,False,registry_serp_curated
labelstud.io,api.labelstud.io,https://api.labelstud.io/mcp,fern-docs-mcp-server,1.0.0,2025-06-18,open,none,open,200,False,,,,,,,True,majestic_apex
lacity.org,api.lacity.org,https://api.lacity.org/mcp,,,,auth_required,bearer,bearer,401,False,,,,,,,False,majestic_apex
lezhin.com,api.lezhin.com,https://api.lezhin.com/mcp,,,,auth_required,bearer,bearer,401,False,,,,,,,False,majestic_apex
lingualeo.com,api.lingualeo.com,https://api.lingualeo.com/mcp,lingualeo-mcp,1.0.0,2025-06-18,open,none,open,200,False,,,,,,,False,majestic_apex
lowvyn.com,api.lowvyn.com,https://api.lowvyn.com/mcp,lowvyn,0.1.0,2025-06-18,open,none,open,200,False,,,,,,,False,registry_serp_curated
lucasandersen.ai,api.lucasandersen.ai,https://api.lucasandersen.ai/mcp,lucasandersen.ai MLP & Partnership Tax Tools,0.1.0,2024-11-05,open,none,open,200,False,,,,,,,False,registry_serp_curated
luxuryescapes.com,api.luxuryescapes.com,https://api.luxuryescapes.com/api/mcp,svc-mcp,prod-f2faa9207e10c19b92d9b923bcf505abf5cd7624-e2393037-64e2-495f-8c30-887678045d44,2025-06-18,open,none,open,200,False,,,,,,,False,majestic_apex
magnite.com,api.magnite.com,https://api.magnite.com/api/mcp,,,,auth_required,bearer,bearer,401,False,,,,,,,False,majestic_apex
mailchimpsites.com,api.mailchimpsites.com,https://api.mailchimpsites.com/mcp,,,,auth_required,bearer,bearer,401,False,,,,,,,False,majestic_apex
mailverdict.dev,api.mailverdict.dev,https://api.mailverdict.dev/mcp,mailverdict,0.1.1,2025-06-18,open,none,open,200,False,,,,,,,False,registry_serp_curated
meacheal.ai,api.meacheal.ai,https://api.meacheal.ai/mcp,meacheal-supply-chain,2.2.2,2025-06-18,open,none,open,200,False,,,,,,,False,registry_serp_curated
mendeley.com,api.mendeley.com,https://api.mendeley.com/mcp,,,,auth_required,bearer,bearer,401,False,,,,,,,False,majestic_apex
morningconsult.com,api.morningconsult.com,https://api.morningconsult.com/mcp,,,,auth_required,bearer,bearer,401,False,,,,,,,False,majestic_apex
mymarky.ai,api.mymarky.ai,https://api.mymarky.ai/api/mcp,,,,auth_required,oauth,oauth,401,True,https://api.mymarky.ai/api/oauth/authorize,https://api.mymarky.ai/api/oauth/token,https://api.mymarky.ai/api/oauth/register,https://api.mymarky.ai,https://api.mymarky.ai/.well-known/oauth-protected-resource/api/mcp,mcp:full,False,registry_serp_curated
newsgurus.ai,api.newsgurus.ai,https://api.newsgurus.ai/mcp,News Gurus Intel,1.24.0,2025-06-18,open,none,open,200,False,,,,,,,False,registry_serp_curated
nohumans.directory,api.nohumans.directory,https://api.nohumans.directory/mcp,nohumans-directory,1.0.0,2025-06-18,open,none,open,200,False,,,,,,,False,registry_serp_curated
nomnaviet.com,api.nomnaviet.com,https://api.nomnaviet.com/mcp,nomnaviet,1.62.0,2025-06-18,open,none,open,200,False,,,,,,,False,registry_serp_curated
notus.org,api.notus.org,https://api.notus.org/mcp,,,,auth_required,bearer,bearer,401,False,,,,,,,False,majestic_apex
novence.ai,api.novence.ai,https://api.novence.ai/mcp,Novence,0.1.0,2025-06-18,open,none,open,200,False,,,,,,,False,registry_serp_curated
odei.ai,api.odei.ai,https://api.odei.ai/mcp,odei-connect-gateway,0.1.0,2024-11-05,open,none,open,200,False,,,,,,,False,registry_serp_curated
ogcnice.com,api.ogcnice.com,https://api.ogcnice.com/mcp,,,,auth_required,bearer,bearer,401,False,,,,,,,False,majestic_apex
onepagelove.com,api.onepagelove.com,https://api.onepagelove.com/mcp,One Page Love,1.4.1,2025-06-18,open,none,open,200,False,,,,,,,False,majestic_apex
outreach.io,api.outreach.io,https://api.outreach.io/mcp,,,,auth_required,oauth,oauth,401,True,https://api.outreach.io/mcpOAuth/authorize,https://api.outreach.io/mcpOAuth/token,https://api.outreach.io/mcpOAuth/register,https://api.outreach.io,https://api.outreach.io/.well-known/oauth-protected-resource,prospects.all,False,majestic_apex
parcel2go.com,api.parcel2go.com,https://api.parcel2go.com/mcp,bootstrap,1.39.0.0,2025-06-18,open,none,open,200,False,,,,,,,False,majestic_apex
paychex.com,api.paychex.com,https://api.paychex.com/mcp,,,,auth_required,bearer,bearer,401,False,,,,,,,False,majestic_apex
persuadioai.com,api.persuadioai.com,https://api.persuadioai.com/mcp,ai.persuadio/mcp,1.1.0,2025-06-18,open,oauth,open,200,True,https://dev-j28v1bnr0o00f4g6.us.auth0.com/authorize,https://dev-j28v1bnr0o00f4g6.us.auth0.com/oauth/token,https://dev-j28v1bnr0o00f4g6.us.auth0.com/oidc/register,https://dev-j28v1bnr0o00f4g6.us.auth0.com/,https://api.persuadioai.com/.well-known/oauth-protected-resource/mcp,"leads:read,leads:write,campaigns:read,campaigns:draft,campaigns:launch,campaigns:pause,conversations:read,appointments:read,credits:read",False,registry_serp_curated
pictomancer.ai,api.pictomancer.ai,https://api.pictomancer.ai/mcp,Pictomancer.ai,"Agent-to-agent image processing: resize, convert, compress, and pipeline operations. Sub-50ms latency, USDC micropayments via x402.",2025-06-18,open,none,open,200,False,,,,,,,False,registry_serp_curated
pntr.dev,api.pntr.dev,https://api.pntr.dev/mcp,,,,auth_required,oauth,oauth,401,True,https://api.pntr.dev/oauth/authorize,https://api.pntr.dev/oauth/token,https://api.pntr.dev/oauth/register,https://api.pntr.dev,https://api.pntr.dev/.well-known/oauth-protected-resource,,False,registry_serp_curated
podchaser.com,api.podchaser.com,https://api.podchaser.com/mcp,podchaser-mcp-server,3.3.1,2025-06-18,open,none,open,200,False,,,,,,,False,majestic_apex
policylayer.com,api.policylayer.com,https://api.policylayer.com/mcp,policylayer-registry,1.0.0,2025-06-18,open,none,open,200,False,,,,,,,False,registry_serp_curated
powerline.ai,api.powerline.ai,https://api.powerline.ai/v1/mcp,inbox-preview,0.1.0,2025-06-18,open,none,open,200,False,,,,,,,False,registry_serp_curated
prediohq.com,api.prediohq.com,https://api.prediohq.com/mcp,predio,0.1.0,2025-06-18,open,none,open,200,False,,,,,,,False,registry_serp_curated
prereason.com,api.prereason.com,https://api.prereason.com/api/mcp,prereason,0.7.0,2025-06-18,open,none,open,200,False,,,,,,,False,registry_serp_curated
pristyncare.com,api.pristyncare.com,https://api.pristyncare.com/api/mcp,,,,auth_required,bearer,bearer,401,False,,,,,,,False,majestic_apex
querylines.com,api.querylines.com,https://api.querylines.com/mcp,querylines,0.1.0,2025-06-18,open,none,open,200,False,,,,,,,False,registry_serp_curated
regfish.com,api.regfish.com,https://api.regfish.com/sse,,,,auth_required,oauth,oauth,401,True,https://dash.regfish.de/oauth/authorize,https://dash.regfish.de/oauth/token,https://dash.regfish.de/oauth/register,https://dash.regfish.de,https://api.regfish.com/.well-known/oauth-protected-resource,"domain:read,domain:write,dns:read,dns:write,hosting:read",False,registry_serp_curated
reglyze.com,api.reglyze.com,https://api.reglyze.com/mcp,reglyze,1.1.0,2025-06-18,open,none,open,200,False,,,,,,,False,registry_serp_curated
remoote.app,api.remoote.app,https://api.remoote.app/remoote/agents/mcp,remoote-agents,0.1.0,2024-11-05,open,none,open,200,False,,,,,,,False,registry_serp_curated
reputemap.com,api.reputemap.com,https://api.reputemap.com/mcp,reputemap,1.0,2025-06-18,open,none,open,200,False,,,,,,,False,registry_serp_curated
rtcstats.com,api.rtcstats.com,https://api.rtcstats.com/v1.0/mcp,rtcstats,1.9.0,2025-06-18,open,none,open,200,False,,,,,,,False,registry_serp_curated
runmirrors.com,api.runmirrors.com,https://api.runmirrors.com/mcp,,,,auth_required,oauth,oauth,401,True,https://api.runmirrors.com/oauth/authorize,https://api.runmirrors.com/oauth/token,https://api.runmirrors.com/oauth/register,https://api.runmirrors.com,https://api.runmirrors.com/.well-known/oauth-protected-resource/mcp,mirrors,False,registry_serp_curated
santosautomation.com,api.santosautomation.com,https://api.santosautomation.com/mcp,santos-website-intelligence,2.16.0,2025-06-18,open,none,open,200,False,,,,,,,False,registry_serp_curated
savvly.com,api.savvly.com,https://api.savvly.com/mcp,savvly,1.0.88,2025-06-18,open,none,open,200,False,,,,,,,False,registry_serp_curated
searchcode.com,api.searchcode.com,https://api.searchcode.com/v1/mcp,searchcode,1.0.0,2025-03-26,open,none,open,200,False,,,,,,,False,registry_serp_curated
sigaoli.com,api.sigaoli.com,https://api.sigaoli.com/mcp,sigaoli,0.1.0,2025-06-18,open,none,open,200,False,,,,,,,False,registry_serp_curated
sirenic.eu,api.sirenic.eu,https://api.sirenic.eu/mcp,sirenic,1.0.0,2025-06-18,open,none,open,200,False,,,,,,,False,registry_serp_curated
sprytools.com,api.sprytools.com,https://api.sprytools.com/mcp,sprytools,1.0.0,2025-06-18,open,none,open,200,False,,,,,,,False,registry_serp_curated
stat-api.com,api.stat-api.com,https://api.stat-api.com/mcp,stat-api,0.1.0,2025-06-18,open,none,open,200,False,,,,,,,False,registry_serp_curated
subdomain.app,api.subdomain.app,https://api.subdomain.app/mcp,subdomain-app,1.0.0,2025-06-18,open,none,open,200,False,,,,,,,False,registry_serp_curated
synlake.ai,api.synlake.ai,https://api.synlake.ai/api/mcp,synlake,0.1.0,2025-06-18,open,none,open,200,False,,,,,,,False,registry_serp_curated
tabularrecipe.com,api.tabularrecipe.com,https://api.tabularrecipe.com/mcp,tabular-recipe,0.2.1,2025-06-18,open,none,open,200,False,,,,,,,False,registry_serp_curated
tamgara.com,api.tamgara.com,https://api.tamgara.com/api/mcp,tamgara,1.0.0,2025-06-18,open,none,open,200,False,,,,,,,False,registry_serp_curated
temsor.com,api.temsor.com,https://api.temsor.com/mcp,temsor API,1.0.0,2025-06-18,open,none,open,200,False,,,,,,,False,registry_serp_curated
theartofservice.com,api.theartofservice.com,https://api.theartofservice.com/mcp,TheArtOfService Compliance Intelligence,"Access 718 compliance frameworks, 20,400+ controls, and 332K+ cross-framework mappings.  Query the compliance knowledge graph to research requirements, map controls across frameworks, and analyse coverage gaps.",2025-06-18,open,none,open,200,False,,,,,,,False,registry_serp_curated
timzinin.com,api.timzinin.com,https://api.timzinin.com/mcp/apify-market-intelligence,zinin-m2m-hub-apify-market-intelligence,1.0.0,2025-06-18,open,none,open,200,False,,,,,,,False,registry_serp_curated
timzinin.com,api.timzinin.com,https://api.timzinin.com/mcp/compliance-tools,zinin-m2m-hub-compliance-tools,1.0.0,2025-06-18,open,none,open,200,False,,,,,,,False,registry_serp_curated
timzinin.com,api.timzinin.com,https://api.timzinin.com/mcp/lead-intelligence,zinin-m2m-hub-lead-intelligence,1.0.0,2025-06-18,open,none,open,200,False,,,,,,,False,registry_serp_curated
timzinin.com,api.timzinin.com,https://api.timzinin.com/mcp/market-data,zinin-m2m-hub-market-data,1.0.0,2025-06-18,open,none,open,200,False,,,,,,,False,registry_serp_curated
timzinin.com,api.timzinin.com,https://api.timzinin.com/mcp/seo-tools,zinin-m2m-hub-seo-tools,1.0.0,2025-06-18,open,none,open,200,False,,,,,,,False,registry_serp_curated
timzinin.com,api.timzinin.com,https://api.timzinin.com/mcp/web-intel,zinin-m2m-hub-web-intel,1.0.0,2025-06-18,open,none,open,200,False,,,,,,,False,registry_serp_curated
trendsapi.ai,api.trendsapi.ai,https://api.trendsapi.ai/mcp,paradox-intelligence-trends-mcp,1.0.0,2025-03-26,open,none,open,200,False,,,,,,,False,registry_serp_curated
triplogistics.app,api.triplogistics.app,https://api.triplogistics.app/mcp,trip-logistics-assistant,0.1.0,2025-06-18,open,none,open,200,False,,,,,,,False,registry_serp_curated
unlistedinc.com,api.unlistedinc.com,https://api.unlistedinc.com/mcp,unlisted,1.0.0,2025-06-18,open,none,open,200,False,,,,,,,False,registry_serp_curated
urantia.dev,api.urantia.dev,https://api.urantia.dev/mcp,Urantia Papers API,1.0.0,2025-06-18,open,none,open,200,False,,,,,,,False,registry_serp_curated
utilia.ink,api.utilia.ink,https://api.utilia.ink/base/mcp,utilia-agent-tools,0.5.7,2025-06-18,open,none,open,200,False,,,,,,,False,registry_serp_curated
utilia.ink,api.utilia.ink,https://api.utilia.ink/mcp,utilia-agent-tools,0.5.7,2025-06-18,open,none,open,200,False,,,,,,,False,registry_serp_curated
uwear.ai,api.uwear.ai,https://api.uwear.ai/mcp,uwear,1.0.0,2025-06-18,open,oauth,open,200,True,https://api.uwear.ai/authentication/oauth/authorize,https://api.uwear.ai/authentication/oauth/token,https://api.uwear.ai/authentication/oauth/register,https://api.uwear.ai,https://api.uwear.ai/.well-known/oauth-protected-resource/mcp,mcp,False,registry_serp_curated
vantaj.co,api.vantaj.co,https://api.vantaj.co/mcp,vantaj,1.1.0,2025-06-18,open,none,open,200,False,,,,,,,False,registry_serp_curated
vendo-ai.com,api.vendo-ai.com,https://api.vendo-ai.com/mcp,,,,mcp_error,,mcp_error,429,False,,,,,,,False,registry_serp_curated
vidmoat.com,api.vidmoat.com,https://api.vidmoat.com/api/mcp,,,,auth_required,oauth,oauth,401,True,https://www.vidmoat.com/oauth/authorize,https://api.vidmoat.com/api/oauth/token,https://api.vidmoat.com/api/oauth/register,https://api.vidmoat.com,https://api.vidmoat.com/.well-known/oauth-protected-resource/api/mcp,"openid,profile,email",False,registry_serp_curated
vikenda.com,api.vikenda.com,https://api.vikenda.com/mcp,vikenda,1.0.0,2025-06-18,open,none,open,200,False,,,,,,,False,registry_serp_curated
vruum.ai,api.vruum.ai,https://api.vruum.ai/mcp,,,,auth_required,oauth,oauth,401,True,https://cerjfkyrospsvoqwqhcu.supabase.co/auth/v1/oauth/authorize,https://cerjfkyrospsvoqwqhcu.supabase.co/auth/v1/oauth/token,https://cerjfkyrospsvoqwqhcu.supabase.co/auth/v1/oauth/clients/register,https://api.vruum.ai,https://api.vruum.ai/.well-known/oauth-protected-resource,"openid,email,profile",False,registry_serp_curated
vviinn.com,api.vviinn.com,https://api.vviinn.com/mcp,,,,auth_required,bearer,bearer,401,False,,,,,,,False,registry_serp_curated
weblens.dev,api.weblens.dev,https://api.weblens.dev/mcp,weblens,2.1.0,2025-06-18,open,none,open,200,False,,,,,,,False,registry_serp_curated
weftly.ai,api.weftly.ai,https://api.weftly.ai/mcp,weftly,0.25.4,2025-06-18,open,none,open,200,False,,,,,,,False,registry_serp_curated
wordis-bond.com,api.wordis-bond.com,https://api.wordis-bond.com/mcp,wordis-bond,0.1.0,2025-06-18,open,none,open,200,False,,,,,,,False,registry_serp_curated
zugferd-validator.de,api.zugferd-validator.de,https://api.zugferd-validator.de/mcp,zugferd-validator,1.0.0,2025-06-18,open,none,open,200,False,,,,,,,False,registry_serp_curated
trendsapi.ai,app-store.api.trendsapi.ai,https://app-store.api.trendsapi.ai/mcp,paradox-intelligence-trends-mcp,1.0.0,2025-03-26,open,none,open,200,False,,,,,,,False,registry_serp_curated
affogata.com,app.affogata.com,https://app.affogata.com/mcp,,,,auth_required,bearer,bearer,401,False,,,,,,,False,registry_serp_curated
asalsold.com,app.asalsold.com,https://app.asalsold.com/api/mcp,canadian-mortgage-deadlines,0.1.0,2025-06-18,open,none,open,200,False,,,,,,,False,registry_serp_curated
astryke.com,app.astryke.com,https://app.astryke.com/mcp,,,,auth_required,oauth,oauth,401,True,https://app.astryke.com/oauth/authorize,https://app.astryke.com/oauth/token,https://app.astryke.com/oauth/register,https://app.astryke.com,https://app.astryke.com/.well-known/oauth-protected-resource,"hub.read,hub.write",False,registry_serp_curated
callendar.de,app.callendar.de,https://app.callendar.de/mcp,callendar-mcp,1.0.0,2025-06-18,open,none,open,200,False,,,,,,,False,registry_serp_curated
claidex.com,app.claidex.com,https://app.claidex.com/api/mcp,claidex,1.0.0,2025-06-18,open,none,open,200,False,,,,,,,False,registry_serp_curated
cogny.com,app.cogny.com,https://app.cogny.com/mcp,,,,auth_required,oauth,oauth,401,True,https://app.cogny.com/api/mcp/oauth/authorize,https://app.cogny.com/api/mcp/oauth/token,https://app.cogny.com/api/mcp/oauth/register,https://app.cogny.com,https://app.cogny.com/.well-known/oauth-protected-resource/mcp,"read,write,tickets:read,tickets:write",False,registry_serp_curated
colma.ai,app.colma.ai,https://app.colma.ai/mcp,,,,auth_required,oauth,oauth,401,True,https://app.colma.ai/oauth/mcp/authorize,https://app.colma.ai/oauth/mcp/token,https://app.colma.ai/oauth/mcp/register,https://app.colma.ai,https://app.colma.ai/.well-known/oauth-protected-resource,"workspace:read,workspace:write,workflows:run,jobs:read,programs:read,programs:write,billing:read",False,registry_serp_curated
conquerorapp.com,app.conquerorapp.com,https://app.conquerorapp.com/mcp,,,,auth_required,oauth,oauth,401,True,https://app.conquerorapp.com/api/auth/oauth2/authorize,https://app.conquerorapp.com/api/auth/oauth2/token,https://app.conquerorapp.com/api/auth/oauth2/register,https://app.conquerorapp.com,https://app.conquerorapp.com/.well-known/oauth-protected-resource/mcp,"offline_access,mcp",False,registry_serp_curated
daedalmap.com,app.daedalmap.com,https://app.daedalmap.com/mcp,com.daedalmap/county-map,1.0.1,2025-06-18,open,none,open,200,False,,,,,,,False,registry_serp_curated
daedalmap.com,app.daedalmap.com,https://app.daedalmap.com/mcp/boundaries,com.daedalmap/boundaries,1.0.1,2025-06-18,open,none,open,200,False,,,,,,,False,registry_serp_curated
daedalmap.com,app.daedalmap.com,https://app.daedalmap.com/mcp/currency,com.daedalmap/currency,1.0.1,2025-06-18,open,none,open,200,False,,,,,,,False,registry_serp_curated
daedalmap.com,app.daedalmap.com,https://app.daedalmap.com/mcp/distributed_manufacturing,com.daedalmap/distributed-manufacturing,1.0.1,2025-06-18,open,none,open,200,False,,,,,,,False,registry_serp_curated
daedalmap.com,app.daedalmap.com,https://app.daedalmap.com/mcp/earthquakes,com.daedalmap/earthquakes,1.0.1,2025-06-18,open,none,open,200,False,,,,,,,False,registry_serp_curated
daedalmap.com,app.daedalmap.com,https://app.daedalmap.com/mcp/floods,com.daedalmap/floods,1.0.1,2025-06-18,open,none,open,200,False,,,,,,,False,registry_serp_curated
daedalmap.com,app.daedalmap.com,https://app.daedalmap.com/mcp/geography,com.daedalmap/geocoding,1.0.1,2025-06-18,open,none,open,200,False,,,,,,,False,registry_serp_curated
daedalmap.com,app.daedalmap.com,https://app.daedalmap.com/mcp/hurricanes,com.daedalmap/hurricanes,1.0.1,2025-06-18,open,none,open,200,False,,,,,,,False,registry_serp_curated
daedalmap.com,app.daedalmap.com,https://app.daedalmap.com/mcp/reverse-geocoding,com.daedalmap/reverse-geocoding,1.0.1,2025-06-18,open,none,open,200,False,,,,,,,False,registry_serp_curated
daedalmap.com,app.daedalmap.com,https://app.daedalmap.com/mcp/tornadoes,com.daedalmap/tornadoes,1.0.1,2025-06-18,open,none,open,200,False,,,,,,,False,registry_serp_curated
daedalmap.com,app.daedalmap.com,https://app.daedalmap.com/mcp/tsunamis,com.daedalmap/tsunamis,1.0.1,2025-06-18,open,none,open,200,False,,,,,,,False,registry_serp_curated
daedalmap.com,app.daedalmap.com,https://app.daedalmap.com/mcp/un_sdg,com.daedalmap/un_sdg,1.0.1,2025-06-18,open,none,open,200,False,,,,,,,False,registry_serp_curated
daedalmap.com,app.daedalmap.com,https://app.daedalmap.com/mcp/volcanoes,com.daedalmap/volcanoes,1.0.1,2025-06-18,open,none,open,200,False,,,,,,,False,registry_serp_curated
daedalmap.com,app.daedalmap.com,https://app.daedalmap.com/mcp/wildfires,com.daedalmap/wildfires,1.0.1,2025-06-18,open,none,open,200,False,,,,,,,False,registry_serp_curated
daedalmap.com,app.daedalmap.com,https://app.daedalmap.com/mcp/world_bank_wdi,com.daedalmap/world-development-indicators,1.0.1,2025-06-18,open,none,open,200,False,,,,,,,False,registry_serp_curated
daedalmap.com,app.daedalmap.com,https://app.daedalmap.com/mcp/world_factbook,com.daedalmap/world_factbook,1.0.1,2025-06-18,open,none,open,200,False,,,,,,,False,registry_serp_curated
daedalmap.com,app.daedalmap.com,https://app.daedalmap.com/mcp/worldpop,com.daedalmap/population,1.0.1,2025-06-18,open,none,open,200,False,,,,,,,False,registry_serp_curated
korext.com,app.korext.com,https://app.korext.com/api/mcp,korext-mcp,3.0.0,2025-06-18,open,none,open,200,False,,,,,,,False,registry_serp_curated
krosos.com,app.krosos.com,https://app.krosos.com/api/mcp,krosos,6a2ddd67d86ddb3f3b19cbcd3e1c9ca0a8fb6ded,2025-06-18,open,none,open,200,False,,,,,,,False,registry_serp_curated
leonar.app,app.leonar.app,https://app.leonar.app/api/mcp,,,,auth_required,oauth,oauth,401,True,https://app.leonar.app/api/mcp/oauth/authorize,https://app.leonar.app/api/mcp/oauth/token,https://app.leonar.app/api/mcp/oauth/register,https://app.leonar.app,https://app.leonar.app/.well-known/oauth-protected-resource/api/mcp,"*,contacts:read,contacts:write,contacts:delete,notes:read,notes:write,messages:read,messages:write,projects:read,projects:write,pipeline:read,pipeline:write,sequences:read,sequences:write,sourcing:read,sourcing:write,companies:read,companies:write,companies:delete,deals:read,deals:write,deals:delete,enrichment:read,enrichment:write,tags:read,tags:write,tasks:read,tasks:write,tasks:execute,activity:read,connected_accounts:read,agents:read,agents:write,webhooks:manage",False,registry_serp_curated
maiat.io,app.maiat.io,https://app.maiat.io/api/mcp,maiat-protocol,1.0.0,2025-06-18,open,none,open,200,False,,,,,,,False,registry_serp_curated
maxoperf.com,app.maxoperf.com,https://app.maxoperf.com/mcp,,,,auth_required,bearer,bearer,401,False,,,,,,,False,registry_serp_curated
olympus-bets.com,app.olympus-bets.com,https://app.olympus-bets.com/mcp,olympus-bets-analytics,1.3.0,2025-06-18,open,none,open,200,False,,,,,,,False,registry_serp_curated
phasefolio.com,app.phasefolio.com,https://app.phasefolio.com/api/mcp,phasefolio,1.0.0,2025-06-18,open,none,open,200,False,,,,,,,False,registry_serp_curated
replypen.com,app.replypen.com,https://app.replypen.com/mcp,,,,auth_required,oauth,oauth,401,True,https://app.replypen.com/oauth/authorize,https://app.replypen.com/oauth/token,https://app.replypen.com/oauth/register,https://app.replypen.com,https://app.replypen.com/.well-known/oauth-protected-resource/mcp,,False,registry_serp_curated
usenotch.ai,app.usenotch.ai,https://app.usenotch.ai/mcp,,,,auth_required,oauth,oauth,401,True,https://app.usenotch.ai/api/v1/mcp-auth/authorize,https://app.usenotch.ai/api/v1/mcp-auth/token,https://app.usenotch.ai/api/v1/mcp-auth/register,https://app.usenotch.ai,https://app.usenotch.ai/.well-known/oauth-protected-resource/mcp,,False,registry_serp_curated
seoapi.com,applebot.seoapi.com,https://applebot.seoapi.com/mcp,applebot,1.0.0,2025-06-18,open,none,open,200,False,,,,,,,False,registry_serp_curated
appletoolbox.com,appletoolbox.com,https://appletoolbox.com/wp-json/mcp/mcp-oauth-server,,,,auth_required,oauth,oauth,403,False,https://appletoolbox.com/oauth/authorize,https://appletoolbox.com/oauth/token,,https://appletoolbox.com,https://appletoolbox.com/.well-known/oauth-protected-resource,mcp,False,majestic_prm
arclan.ai,arclan.ai,https://arclan.ai/mcp,arclan-registry,0.1.0,2024-11-05,open,none,open,200,False,,,,,,,False,registry_serp_curated
arize.com,arize.com,https://arize.com/wp-json/mcp/mcp-oauth-server,,,,auth_required,oauth,oauth,401,False,https://arize.com/oauth/authorize,https://arize.com/oauth/token,,https://arize.com,https://arize.com/.well-known/oauth-protected-resource,mcp,False,majestic_prm
artlyst.com,artlyst.com,https://artlyst.com/wp-json/mcp/mcp-oauth-server,,,,auth_required,oauth,oauth,401,False,https://artlyst.com/oauth/authorize,https://artlyst.com/oauth/token,,https://artlyst.com,https://artlyst.com/.well-known/oauth-protected-resource,mcp,False,majestic_prm
artyfile.com,artyfile.com,https://artyfile.com/api/mcp,artyfile,1.0.0,2025-06-18,open,none,open,200,False,,,,,,,False,registry_serp_curated
asc-aqua.org,asc-aqua.org,https://asc-aqua.org/wp-json/mcp/mcp-oauth-server,,,,auth_required,oauth,oauth,401,False,https://asc-aqua.org/oauth/authorize,https://asc-aqua.org/oauth/token,,https://asc-aqua.org,https://asc-aqua.org/.well-known/oauth-protected-resource,mcp,False,majestic_prm
asianjournal.com,asianjournal.com,https://asianjournal.com/wp-json/mcp/mcp-oauth-server,,,,auth_required,oauth,oauth,401,False,https://asianjournal.com/oauth/authorize,https://asianjournal.com/oauth/token,,https://asianjournal.com,https://asianjournal.com/.well-known/oauth-protected-resource,mcp,False,majestic_prm
askmatchbox.com,askmatchbox.com,https://askmatchbox.com/api/mcp/mcp,matchbox,1.0.0,2025-06-18,open,none,open,200,False,,,,,,,False,registry_serp_curated
asprs.org,asprs.org,https://asprs.org/api/mcp,,,,auth_required,bearer,bearer,401,False,,,,,,,False,majestic_apex
replit.app,asset-manager-jaymarrero2.replit.app,https://asset-manager-jaymarrero2.replit.app/api/mcp,marz-greta-lock-network,1.0.0,2025-06-18,open,none,open,200,False,,,,,,,False,registry_serp_curated
asta.org,asta.org,https://asta.org/api/mcp,,,,auth_required,bearer,bearer,401,False,,,,,,,False,majestic_apex
atatravel.cloud,atatravel.cloud,https://atatravel.cloud/mcp,,,,mcp_error,,mcp_error,400,False,,,,,,,False,registry_serp_curated
atlasemoji.com,atlasemoji.com,https://atlasemoji.com/api/mcp,Atlasemoji MCP,0.1.2,2025-06-18,open,none,open,200,False,,,,,,,False,registry_serp_curated
audioknihy.cz,audioknihy.cz,https://audioknihy.cz/api/mcp,cz.audioknihy/catalog,0.3.0,2025-06-18,open,none,open,200,False,,,,,,,False,registry_serp_curated
auriniaxo.com,auriniaxo.com,https://auriniaxo.com/api/mcp,com.auriniaxo/hostel,0.1.0,2025-06-18,open,none,open,201,False,,,,,,,False,registry_serp_curated
ausbildung.de,ausbildung.de,https://ausbildung.de/mcp,job-search-python,1.25.0,2025-06-18,open,none,open,200,False,,,,,,,False,majestic_apex
xbarry.ai,auth.xbarry.ai,https://auth.xbarry.ai/api/mcp/token-safety,tachyo-token-safety,1.27.2,2025-06-18,open,none,open,200,False,,,,,,,False,registry_serp_curated
xbarry.ai,auth.xbarry.ai,https://auth.xbarry.ai/api/mcp/verify,tachyo-wallet-verify,1.27.2,2025-06-18,open,none,open,200,False,,,,,,,False,registry_serp_curated
autobild.es,autobild.es,https://autobild.es/api/mcp,,,,auth_required,bearer,bearer,401,False,,,,,,,False,majestic_apex
awpwriter.org,awpwriter.org,https://awpwriter.org/api/mcp,,,,auth_required,bearer,bearer,401,False,,,,,,,False,majestic_apex
b12.io,b12.io,https://b12.io/mcp,b12-mcp-server,1.0.0,2024-11-05,open,none,open,200,False,,,,,,,False,majestic_apex
b20check.com,b20check.com,https://b20check.com/mcp,b20-check,0.1.2,2025-06-18,open,none,open,200,False,,,,,,,False,registry_serp_curated
babyagecalculator.com,babyagecalculator.com,https://babyagecalculator.com/api/mcp,baby-age-calculator,1.0.0,2025-06-18,open,none,open,200,False,,,,,,,False,registry_serp_curated
backtowork.gr,backtowork.gr,https://backtowork.gr/wp-json/mcp/mcp-oauth-server,,,,auth_required,oauth,oauth,401,False,https://backtowork.gr/oauth/authorize,https://backtowork.gr/oauth/token,,https://backtowork.gr,https://backtowork.gr/.well-known/oauth-protected-resource,mcp,False,majestic_prm
seoapi.com,baiduspider.seoapi.com,https://baiduspider.seoapi.com/mcp,baiduspider,1.0.0,2025-06-18,open,none,open,200,False,,,,,,,False,registry_serp_curated
jflamb.com,bankfind.jflamb.com,https://bankfind.jflamb.com/mcp,fdic-mcp-server,1.30.2,2025-06-18,open,none,open,200,False,,,,,,,False,registry_serp_curated
barefeetinthekitchen.com,barefeetinthekitchen.com,https://barefeetinthekitchen.com/wp-json/mcp/mcp-oauth-server,,,,auth_required,oauth,oauth,401,False,https://barefeetinthekitchen.com/oauth/authorize,https://barefeetinthekitchen.com/oauth/token,,https://barefeetinthekitchen.com,https://barefeetinthekitchen.com/.well-known/oauth-protected-resource,mcp,False,majestic_prm
barrapunto.com,barrapunto.com,https://barrapunto.com/api/mcp,,,,mcp_error,,mcp_error,200,False,,,,,,,False,majestic_apex
datakoot.com,base.datakoot.com,https://base.datakoot.com/mcp,selflabbs-base-intel,1.0.0,2025-06-18,open,none,open,200,False,,,,,,,False,registry_serp_curated
basemouse.com,basemouse.com,https://basemouse.com/mcp,basemouse,0.3.2,2025-03-26,open,none,open,200,False,,,,,,,False,registry_serp_curated
belong.events,belong.events,https://belong.events/functions/v1/mcp-server/mcp,belong-events,1.0.0,2024-11-05,open,none,open,200,False,,,,,,,False,registry_serp_curated
bemorewithless.com,bemorewithless.com,https://bemorewithless.com/wp-json/mcp/mcp-oauth-server,,,,auth_required,oauth,oauth,401,False,https://bemorewithless.com/oauth/authorize,https://bemorewithless.com/oauth/token,,https://bemorewithless.com,https://bemorewithless.com/.well-known/oauth-protected-resource,mcp,False,majestic_prm
bestsportsbettingcanada.ca,bestsportsbettingcanada.ca,https://bestsportsbettingcanada.ca/wp-json/mcp/mcp-oauth-server,,,,auth_required,oauth,oauth,401,False,https://bestsportsbettingcanada.ca/oauth/authorize,https://bestsportsbettingcanada.ca/oauth/token,,https://bestsportsbettingcanada.ca,https://bestsportsbettingcanada.ca/.well-known/oauth-protected-resource,mcp,False,majestic_prm
betterdocs.co,betterdocs.co,https://betterdocs.co/wp-json/mcp/mcp-oauth-server,,,,auth_required,oauth,oauth,401,False,https://betterdocs.co/oauth/authorize,https://betterdocs.co/oauth/token,,https://betterdocs.co,https://betterdocs.co/.well-known/oauth-protected-resource,mcp,False,majestic_prm
bi.no,bi.no,https://bi.no/mcp,bino_mcp_production,26.217.6.0,2025-06-18,open,none,open,200,False,,,,,,,False,majestic_apex
simplecohortllc.com,bible.simplecohortllc.com,https://bible.simplecohortllc.com/mcp,shepherd-bible-api,1.0.0,2025-06-18,open,none,open,200,False,,,,,,,False,registry_serp_curated
bidda.com,bidda.com,https://bidda.com/mcp,bidda-compliance,1.6.0,2025-06-18,open,none,open,200,False,,,,,,,False,registry_serp_curated
biletyna.pl,biletyna.pl,https://biletyna.pl/mcp,biletyna,2.0.0,2025-11-25,open,none,open,200,False,,,,,,,False,majestic_apex
bim.house,bim.house,https://bim.house/mcp,bim.house,1.0.0,2025-06-18,open,none,open,200,False,,,,,,,False,registry_serp_curated
seoapi.com,bingbot.seoapi.com,https://bingbot.seoapi.com/mcp,bingbot,1.0.0,2025-06-18,open,none,open,200,False,,,,,,,False,registry_serp_curated
dropwatchhq.com,biocatalyst.dropwatchhq.com,https://biocatalyst.dropwatchhq.com/mcp,bio-catalyst,1.0.0,2024-11-05,open,none,open,200,False,,,,,,,False,registry_serp_curated
biographyonline.net,biographyonline.net,https://biographyonline.net/wp-json/mcp/mcp-oauth-server,,,,auth_required,oauth,oauth,401,False,https://biographyonline.net/oauth/authorize,https://biographyonline.net/oauth/token,,https://biographyonline.net,https://biographyonline.net/.well-known/oauth-protected-resource,mcp,False,majestic_prm
birdfury.com,birdfury.com,https://birdfury.com/api/mcp,birdfury,1.2.0,2025-06-18,open,none,open,200,False,,,,,,,False,registry_serp_curated
bitrebels.com,bitrebels.com,https://bitrebels.com/wp-json/mcp/mcp-oauth-server,,,,auth_required,oauth,oauth,401,False,https://bitrebels.com/oauth/authorize,https://bitrebels.com/oauth/token,,https://bitrebels.com,https://bitrebels.com/.well-known/oauth-protected-resource,mcp,False,majestic_prm
blendduck.com,blendduck.com,https://blendduck.com/api/mcp,,,,auth_required,oauth,oauth,401,True,https://blendduck.com/api/auth/oauth2/authorize,https://blendduck.com/api/auth/oauth2/token,https://blendduck.com/api/auth/oauth2/register,https://blendduck.com/api/auth,https://blendduck.com/.well-known/oauth-protected-resource/api/mcp,"blendduck:read,blendduck:write,blendduck:tools:ads,blendduck:tools:channels,blendduck:tools:posts,blendduck:tools:media,blendduck:tools:providers,blendduck:tools:webhooks",False,registry_serp_curated
blockchainanalysis.io,blockchainanalysis.io,https://blockchainanalysis.io/api/mcp,blockchainanalysis,1.0.0,2025-06-18,open,none,open,200,False,,,,,,,False,registry_serp_curated
bolotstudio.com,bolotstudio.com,https://bolotstudio.com/api/mcp,com.bolotstudio/store,1.0.0,2025-06-18,open,none,open,200,False,,,,,,,False,registry_serp_curated
bombora.com,bombora.com,https://bombora.com/wp-json/mcp/mcp-oauth-server,,,,auth_required,oauth,oauth,401,False,https://bombora.com/oauth/authorize,https://bombora.com/oauth/token,,https://bombora.com,https://bombora.com/.well-known/oauth-protected-resource,mcp,False,majestic_prm
bonissystems.com,bonissystems.com,https://bonissystems.com/api/knox/agents/booking-request/mcp,agentcy-booking,1.0.0,2025-03-26,open,none,open,200,False,,,,,,,False,registry_serp_curated
bonissystems.com,bonissystems.com,https://bonissystems.com/api/knox/agents/compliance-batch/mcp,knox-compliance-naics,1.0.0,2025-03-26,open,none,open,200,False,,,,,,,False,registry_serp_curated
bonissystems.com,bonissystems.com,https://bonissystems.com/api/knox/agents/content-provenance/mcp,content-provenance,1.0.0,2025-03-26,open,none,open,200,False,,,,,,,False,registry_serp_curated
bonissystems.com,bonissystems.com,https://bonissystems.com/api/knox/agents/ofac-sdn-screening/mcp,knox-ofac-sdn-screening,1.0.0,2025-03-26,open,none,open,200,False,,,,,,,False,registry_serp_curated
bonissystems.com,bonissystems.com,https://bonissystems.com/api/knox/agents/registry-expansion/mcp,knox-registry-expansion,1.0.0,2025-03-26,open,none,open,200,False,,,,,,,False,registry_serp_curated
bonissystems.com,bonissystems.com,https://bonissystems.com/api/knox/agents/sstv-decoder/mcp,sstv-decoder,1.0.0,2025-03-26,open,none,open,200,False,,,,,,,False,registry_serp_curated
bonissystems.com,bonissystems.com,https://bonissystems.com/api/knox/mcp,knox-anchor,1.0.0,2025-03-26,open,none,open,200,False,,,,,,,False,registry_serp_curated
tehprof.kz,booking.tehprof.kz,https://booking.tehprof.kz/mcp,TehProf Booking,1.0.0,2025-06-18,open,none,open,200,False,,,,,,,False,registry_serp_curated
boothcheck.com,boothcheck.com,https://boothcheck.com/,,,,auth_required,oauth,oauth,403,True,https://boothcheck.com/api/oauth?action=authorize,https://boothcheck.com/api/oauth?action=token,https://boothcheck.com/api/oauth?action=register,https://boothcheck.com,https://boothcheck.com/.well-known/oauth-protected-resource,boothcheck:read,False,registry_serp_curated
boroughmarket.org.uk,boroughmarket.org.uk,https://boroughmarket.org.uk/wp-json/mcp/mcp-oauth-server,,,,auth_required,oauth,oauth,401,False,https://boroughmarket.org.uk/oauth/authorize,https://boroughmarket.org.uk/oauth/token,,https://boroughmarket.org.uk,https://boroughmarket.org.uk/.well-known/oauth-protected-resource,mcp,False,majestic_prm
bostondynamics.com,bostondynamics.com,https://bostondynamics.com/wp-json/mcp/mcp-oauth-server,,,,auth_required,oauth,oauth,401,False,https://bostondynamics.com/oauth/authorize,https://bostondynamics.com/oauth/token,,https://bostondynamics.com,https://bostondynamics.com/.well-known/oauth-protected-resource,mcp,False,majestic_prm
clutch.co,bot.clutch.co,https://bot.clutch.co/mcp,Clutch,3.4.2,2025-06-18,open,none,open,200,False,,,,,,,False,registry_serp_curated
botcha.ai,botcha.ai,https://botcha.ai/mcp,BOTCHA Documentation,0.24.0,2025-03-26,open,none,open,200,False,,,,,,,False,registry_serp_curated
brainonbnb.com,brainonbnb.com,https://brainonbnb.com/mcp,Brain On BNB AI ($BOBAI),1.3.0,2025-06-18,open,none,open,200,False,,,,,,,False,registry_serp_curated
bmcxiv.com,breach402.bmcxiv.com,https://breach402.bmcxiv.com/mcp,breach402,0.1.5,2025-11-25,open,none,open,200,False,,,,,,,False,registry_serp_curated
brightkey.co,brightkey.co,https://brightkey.co/api/mcp,mcp-typescript server on vercel,0.1.0,2025-06-18,open,none,open,200,False,,,,,,,False,registry_serp_curated
bringyour.ai,bringyour.ai,https://bringyour.ai/mcp,bringyour,1.0.0,2025-06-18,open,none,open,200,False,,,,,,,False,registry_serp_curated
buildertrend.net,buildertrend.net,https://buildertrend.net/api/mcp,,,,auth_required,bearer,bearer,401,False,,,,,,,False,majestic_apex
burnlore.com,burnlore.com,https://burnlore.com/mcp,burnlore,1.0.1,2025-06-18,open,none,open,200,False,,,,,,,False,registry_serp_curated
bushdrum.com,bushdrum.com,https://bushdrum.com/mcp,Bushdrum Events,1.26.0,2025-06-18,open,none,open,200,False,,,,,,,False,registry_serp_curated
businessinsider.es,businessinsider.es,https://businessinsider.es/api/mcp,,,,auth_required,bearer,bearer,401,False,,,,,,,False,majestic_apex
bustup-monitor.com,bustup-monitor.com,https://bustup-monitor.com/mcp,hokyo-mcp,1.3.0,2025-06-18,open,none,open,200,False,,,,,,,False,registry_serp_curated
ainode.tech,cache.api.ainode.tech,https://cache.api.ainode.tech/mcp,cache-proxy,0.1.0,2025-06-18,open,none,open,200,False,,,,,,,False,registry_serp_curated
cajusticewatch.com,cajusticewatch.com,https://cajusticewatch.com/api/mcp,cajusticewatch,0.1.0,2025-06-18,open,none,open,200,False,,,,,,,False,registry_serp_curated
calc.engineer,calc.engineer,https://calc.engineer/mcp,calc-engineer,1.0.0,2025-06-18,open,none,open,200,False,,,,,,,False,registry_serp_curated
calcfleet.com,calcfleet.com,https://calcfleet.com/api/mcp,calcfleet,1.0.0,2025-06-18,open,none,open,200,False,,,,,,,False,registry_serp_curated
caliper.fit,caliper.fit,https://caliper.fit/mcp,Caliper,0.1.0,2025-06-18,open,none,open,200,False,,,,,,,False,registry_serp_curated
calvingwatch.com,calvingwatch.com,https://calvingwatch.com/mcp,com.calvingwatch/public-knowledge,1.0.0,2025-06-18,open,none,open,200,False,,,,,,,False,registry_serp_curated
cameronwilson.com.au,camfeed.cameronwilson.com.au,https://camfeed.cameronwilson.com.au/mcp,camfeed,0.7.0,2025-06-18,open,none,open,200,False,,,,,,,False,registry_serp_curated
canada-payroll.ca,canada-payroll.ca,https://canada-payroll.ca/mcp,canada-payroll,1.0.0,2025-06-18,open,none,open,200,False,,,,,,,False,registry_serp_curated
candidcost.com,candidcost.com,https://candidcost.com/api/mcp,candidcost,2.0.0,2025-06-18,open,none,open,200,False,,,,,,,False,registry_serp_curated
capitol.guide,capitol.guide,https://capitol.guide/mcp,capitolguide,0.1.0,2024-11-05,open,none,open,200,False,,,,,,,False,registry_serp_curated
rootz.global,cars.rootz.global,https://cars.rootz.global/mcp,cars-rootz,1.0.0,2024-11-05,open,none,open,200,False,,,,,,,False,registry_serp_curated
dropwatchhq.com,cassandra.dropwatchhq.com,https://cassandra.dropwatchhq.com/mcp,cassandra-recall,1.0.0,2024-11-05,open,none,open,200,False,,,,,,,False,registry_serp_curated
castro.fm,castro.fm,https://castro.fm/mcp,castro,1.28.1,2025-06-18,open,none,open,200,False,,,,,,,False,majestic_apex
newscatcherapi.com,catchall-mcp.newscatcherapi.com,https://catchall-mcp.newscatcherapi.com/mcp,Newscatcher CatchAll API,3.3.1,2025-06-18,open,none,open,200,False,,,,,,,False,registry_serp_curated
catchdoms.com,catchdoms.com,https://catchdoms.com/mcp/catchdoms,,,,auth_required,bearer,bearer,401,False,,,,,,,False,registry_serp_curated
catchdoms.com,catchdoms.com,https://catchdoms.com/mcp/catchdoms/free,CatchDoms MCP Server (Free),1.0.0,2025-06-18,open,none,open,200,False,,,,,,,False,registry_serp_curated
cc0.company,cc0.company,https://cc0.company/api/mcp,cc0pedia,2.0.0,2025-06-18,open,none,open,200,False,,,,,,,False,registry_serp_curated
seoapi.com,ccbot.seoapi.com,https://ccbot.seoapi.com/mcp,ccbot,1.0.0,2025-06-18,open,none,open,200,False,,,,,,,False,registry_serp_curated
cerberusindex.com,cerberusindex.com,https://cerberusindex.com/mcp,cerberus-index,1.28.1,2025-06-18,open,none,open,200,False,,,,,,,False,registry_serp_curated
chadanalytics.com,chadanalytics.com,https://chadanalytics.com/api/mcp,,,,auth_required,bearer,bearer,401,False,,,,,,,False,registry_serp_curated
chainflip-broker.io,chainflip-broker.io,https://chainflip-broker.io/mcp,Broker as a Service,v1,2025-06-18,open,none,open,200,False,,,,,,,False,registry_serp_curated
chapsoft.com,chapsoft.com,https://chapsoft.com/mcp,chapsoft-mcp,1.0.0,2025-03-26,open,none,open,200,False,,,,,,,False,registry_serp_curated
curie.app,chat.curie.app,https://chat.curie.app/api/mcp/global,curie-commerce-global,1.0.0,2025-06-18,open,none,open,200,False,,,,,,,False,registry_serp_curated
curie.app,chat.curie.app,https://chat.curie.app/api/mcp/{shop_id},,,,mcp_error,,mcp_error,400,False,,,,,,,False,registry_serp_curated
cherokeeai.com,cherokeeai.com,https://cherokeeai.com/fifty50/mcp,,,,mcp_error,,mcp_error,400,False,,,,,,,False,registry_serp_curated
x402supply.com,chess-eval.x402supply.com,https://chess-eval.x402supply.com/sse,chess-eval,0.1.0,2025-06-18,open,none,open,200,False,,,,,,,False,registry_serp_curated
choosemylo.com,choosemylo.com,https://choosemylo.com/api/gateway/chatbot/mcp,mylo-insurance,1.19.5,2025-06-18,open,none,open,200,False,,,,,,,False,registry_serp_curated
cipr.co.uk,cipr.co.uk,https://cipr.co.uk/api/mcp,,,,auth_required,bearer,bearer,401,False,,,,,,,False,majestic_apex
citationsafe.com,citationsafe.com,https://citationsafe.com/api/mcp,citationsafe-verifier,1.0.0,2025-06-18,open,none,open,200,False,,,,,,,False,registry_serp_curated
citeme.app,citeme.app,https://citeme.app/api/mcp,CiteMe,1.1.0,2025-06-18,open,none,open,200,False,,,,,,,False,registry_serp_curated
southlondonscientific.com,clara-mcp.southlondonscientific.com,https://clara-mcp.southlondonscientific.com/mcp,clara,1.27.0,2025-06-18,open,none,open,200,False,,,,,,,False,registry_serp_curated
claribi.com,claribi.com,https://claribi.com/mcp/v1/sse,clariBI MCP Server,1.0.0,2025-03-26,open,none,open,200,False,,,,,,,False,registry_serp_curated
seoapi.com,claude.seoapi.com,https://claude.seoapi.com/mcp,claude,1.0.0,2025-06-18,open,none,open,200,False,,,,,,,False,registry_serp_curated
claudeers.com,claudeers.com,https://claudeers.com/api/mcp/mcp,mcp-typescript server on vercel,0.1.0,2025-06-18,open,none,open,200,False,,,,,,,False,registry_serp_curated
dropwatchhq.com,clearinghouse.dropwatchhq.com,https://clearinghouse.dropwatchhq.com/mcp,payer-api-directory,1.0.0,2024-11-05,open,none,open,200,False,,,,,,,False,registry_serp_curated
loxoneai.com,cloud.loxoneai.com,https://cloud.loxoneai.com/cloud/mcp,,,,auth_required,oauth,oauth,401,True,https://loxoneai.com/oauth/authorize,https://loxoneai.com/oauth/token,https://loxoneai.com/oauth/register,https://loxoneai.com,https://cloud.loxoneai.com/.well-known/oauth-protected-resource,mcp:tools,False,registry_serp_curated
cnvs.app,cnvs.app,https://cnvs.app/mcp,cnvs-mcp,0.1.0,2025-06-18,open,none,open,200,False,,,,,,,False,registry_serp_curated
seoapi.com,coccocbot.seoapi.com,https://coccocbot.seoapi.com/mcp,coccocbot,1.0.0,2025-06-18,open,none,open,200,False,,,,,,,False,registry_serp_curated
cocktail.glass,cocktail.glass,https://cocktail.glass/mcp,cocktail-glass,1.1.0,2025-06-18,open,none,open,200,False,,,,,,,False,registry_serp_curated
leewaystudio.com,code-synapse-mcp.leewaystudio.com,https://code-synapse-mcp.leewaystudio.com/sse,code-synapse,0.3.9,2025-06-18,open,none,open,200,False,,,,,,,False,registry_serp_curated
coinbucha.com,coinbucha.com,https://coinbucha.com/api/mcp,coinbucha,0.1.0,2025-06-18,open,none,open,200,False,,,,,,,False,registry_serp_curated
commonelements.com,commonelements.com,https://commonelements.com/api/mcp,,,,auth_required,oauth,oauth,401,True,https://commonelements.com/oauth/authorize,https://commonelements.com/oauth/token,https://commonelements.com/oauth/register,https://commonelements.com,https://commonelements.com/.well-known/oauth-protected-resource/api/mcp,"associations,risk,compliance,statutes,licenses,vendors.read,vendors,professionals,account:read,account:write,forum:read,forum:write,rfp:read,rfp:write,messages:read,messages:write,connections:write",False,registry_serp_curated
madeinro.eu,compass.madeinro.eu,https://compass.madeinro.eu/mcp,digital-compass-mcp,0.5.0,2025-06-18,open,none,open,200,False,,,,,,,False,registry_serp_curated
trendsapi.ai,competitor-tracking.api.trendsapi.ai,https://competitor-tracking.api.trendsapi.ai/mcp,paradox-intelligence-trends-mcp,1.0.0,2025-03-26,open,none,open,200,False,,,,,,,False,registry_serp_curated
completionkit.com,completionkit.com,https://completionkit.com/mcp,CompletionKit,0.28.38,2025-03-26,open,none,open,200,False,,,,,,,False,registry_serp_curated
agenticpaywall.com,composer.agenticpaywall.com,https://composer.agenticpaywall.com/mcp,composer,3.4.2,2025-06-18,open,none,open,200,False,,,,,,,False,registry_serp_curated
landingconnect.com,connect.landingconnect.com,https://connect.landingconnect.com/mcp,,,,auth_required,oauth,oauth,401,True,https://connect.landingconnect.com/authorize,https://connect.landingconnect.com/token,https://connect.landingconnect.com/register,https://connect.landingconnect.com/,https://connect.landingconnect.com/.well-known/oauth-protected-resource/mcp,mcp,False,registry_serp_curated
constat.dev,constat.dev,https://constat.dev/api/mcp,com.healthai/radar,0.5.3,2025-06-18,open,none,open,200,False,,,,,,,False,registry_serp_curated
trendsapi.ai,content-strategy.api.trendsapi.ai,https://content-strategy.api.trendsapi.ai/mcp,paradox-intelligence-trends-mcp,1.0.0,2025-03-26,open,none,open,200,False,,,,,,,False,registry_serp_curated
sallim.app,contract.sallim.app,https://contract.sallim.app/mcp,contract-compass,1.1.0,2025-06-18,open,none,open,200,False,,,,,,,False,registry_serp_curated
agentlookups.ai,contractors.agentlookups.ai,https://contractors.agentlookups.ai/mcp,plumbline,0.1,2025-06-18,open,none,open,200,False,,,,,,,False,registry_serp_curated
coordinalo.com,coordinalo.com,https://coordinalo.com/api/mcp,coordinalo,4.1.0,2025-06-18,open,none,open,200,False,,,,,,,False,registry_serp_curated
costbench.com,costbench.com,https://costbench.com/mcp,costbench,1.0.0,2025-03-26,open,none,open,200,False,,,,,,,False,registry_serp_curated
costsegsmart.com,costsegsmart.com,https://costsegsmart.com/mcp,cost-seg-smart,1.0.0,2025-03-26,open,none,open,200,False,,,,,,,False,registry_serp_curated
humanified.dk,council.humanified.dk,https://council.humanified.dk/mcp,council-consult,3.4.5,2025-06-18,open,none,open,200,False,,,,,,,False,registry_serp_curated
courseprofiler.com,courseprofiler.com,https://courseprofiler.com/mcp,courseprofiler,0.1.0,2025-06-18,open,none,open,200,False,,,,,,,False,registry_serp_curated
dropwatchhq.com,coverage.dropwatchhq.com,https://coverage.dropwatchhq.com/mcp,coverage-trigger,1.0.0,2024-11-05,open,none,open,200,False,,,,,,,False,registry_serp_curated
createsend.com,createsend.com,https://createsend.com/api/mcp,,,,auth_required,auth_unknown,auth,401,False,,,,,,,False,majestic_apex
creation.com,creation.com,https://creation.com/mcp,creation-com-mcp,1.0.0,2024-11-05,open,none,open,200,False,,,,,,,False,majestic_apex
crimsoncrawler.com,crimsoncrawler.com,https://crimsoncrawler.com/mcp/v1,,,,auth_required,auth_unknown,auth,401,False,,,,,,,False,registry_serp_curated
crucibleui.com,crucibleui.com,https://crucibleui.com/api/mcp,crucible,1.0.0,2025-06-18,open,none,open,200,False,,,,,,,False,registry_serp_curated
trendsapi.ai,crypto.api.trendsapi.ai,https://crypto.api.trendsapi.ai/mcp,paradox-intelligence-trends-mcp,1.0.0,2025-03-26,open,none,open,200,False,,,,,,,False,registry_serp_curated
cryptowhaleinsights.com,cryptowhaleinsights.com,https://cryptowhaleinsights.com/mcp,cryptowhaleinsights,1.0.0,2024-11-05,open,none,open,200,False,,,,,,,False,registry_serp_curated
cscmp.org,cscmp.org,https://cscmp.org/api/mcp,,,,auth_required,bearer,bearer,401,False,,,,,,,False,majestic_apex
ctxt.io,ctxt.io,https://ctxt.io/mcp,ctxt,1.0.0,2025-06-18,open,none,open,200,False,,,,,,,False,majestic_apex
cve-security.com,cve-security.com,https://cve-security.com/api/mcp,cve-security,1.3.0,2025-06-18,open,none,open,200,False,,,,,,,False,registry_serp_curated
cymosoft.com,cymosoft.com,https://cymosoft.com/mcp,cymosoft,1.0.0,2025-06-18,open,none,open,200,False,,,,,,,False,registry_serp_curated
dablock.ai,dablock.ai,https://dablock.ai/mcp,dablock-ai-visibility,1.0.0,2025-06-18,open,none,open,200,False,,,,,,,False,registry_serp_curated
dabyte.ai,dabyte.ai,https://dabyte.ai/mcp,dabyte-ai-visibility,1.0.0,2025-06-18,open,none,open,200,False,,,,,,,False,registry_serp_curated
gov.br,dados.gov.br,https://dados.gov.br/mcp,,,,auth_required,bearer,bearer,401,False,,,,,,,False,majestic_apex
o11r.com,daleel.o11r.com,https://daleel.o11r.com/mcp,Daleel Halal Screening,0.3.0,2025-06-18,open,none,open,200,False,,,,,,,False,registry_serp_curated
crelvo.dev,data.crelvo.dev,https://data.crelvo.dev/mcp,crelvo-german-tax-data,1.1.0,2025-06-18,open,none,open,200,False,,,,,,,False,registry_serp_curated
datacommenter.com,datacommenter.com,https://datacommenter.com/wp-json/tdc/v1/mcp,the-data-commenter,1.0.0,2025-06-18,open,none,open,200,False,,,,,,,False,registry_serp_curated
decibelshield.app,decibelshield.app,https://decibelshield.app/api/mcp,decibel-shield,1.3.0,2025-06-18,open,none,open,200,False,,,,,,,False,registry_serp_curated
deepseoanalysis.com,deepseoanalysis.com,https://deepseoanalysis.com/api/mcp,,,,auth_required,bearer,bearer,401,False,,,,,,,False,registry_serp_curated
defaultprivacy.com,defaultprivacy.com,https://defaultprivacy.com/api/mcp,default-privacy,1.0.0,2025-06-18,open,none,open,200,False,,,,,,,False,registry_serp_curated
defaultverifier.com,defaultverifier.com,https://defaultverifier.com/mcp,SettlementWitness MCP,0.1.0,2025-06-18,open,none,open,200,False,,,,,,,False,registry_serp_curated
defici.com,defici.com,https://defici.com/api/mcp,defici-marketplace,1.1.0,2025-03-26,open,none,open,200,False,,,,,,,False,registry_serp_curated
deploytoagents.com,deploytoagents.com,https://deploytoagents.com/mcp,deploy-to-agents,0.3.0,2025-06-18,open,none,open,200,False,,,,,,,False,registry_serp_curated
designare.at,designare.at,https://designare.at/api/mcp,designare-knowledge,1.0.0,2025-03-26,open,none,open,200,False,,,,,,,False,registry_serp_curated
deskcrew.io,deskcrew.io,https://deskcrew.io/api/mcp,,,,auth_required,bearer,bearer,401,False,,,,,,,False,registry_serp_curated
detourmap.com,detourmap.com,https://detourmap.com/mcp,detourmap,1.0.0,2025-06-18,open,none,open,200,False,,,,,,,False,registry_serp_curated
dillilabs.com,deva.dillilabs.com,https://deva.dillilabs.com/mcp,Validate Email Address MCP Server,2.13.0.2,2025-06-18,open,none,open,200,False,,,,,,,False,registry_serp_curated
openai.com,developers.openai.com,https://developers.openai.com/mcp,openai-docs-mcp,1.0.0,2025-06-18,open,none,open,200,False,,,,,,,True,registry_serp_curated
dfetcher.com,dfetcher.com,https://dfetcher.com/mcp,dfetcher,1.0.0,2025-06-18,open,none,open,200,False,,,,,,,False,registry_serp_curated
diariodelaltoaragon.es,diariodelaltoaragon.es,https://diariodelaltoaragon.es/api/mcp,,,,auth_required,bearer,bearer,401,False,,,,,,,False,majestic_apex
diariodeleon.es,diariodeleon.es,https://diariodeleon.es/api/mcp,,,,auth_required,bearer,bearer,401,False,,,,,,,False,majestic_apex
dropwatchhq.com,diligence.dropwatchhq.com,https://diligence.dropwatchhq.com/mcp,distress-diligence,1.0.0,2024-11-05,open,none,open,200,False,,,,,,,False,registry_serp_curated
x402supply.com,diligence.x402supply.com,https://diligence.x402supply.com/sse,endpoint-diligence,0.1.0,2025-06-18,open,none,open,200,False,,,,,,,False,registry_serp_curated
leap-labs.com,disco.leap-labs.com,https://disco.leap-labs.com/mcp,Disco,1.26.0,2025-06-18,open,none,open,200,False,,,,,,,False,registry_serp_curated
applivery.com,docs.applivery.com,https://docs.applivery.com/mcp,applivery-docs,2.4.0,2025-06-18,open,none,open,200,False,,,,,,,True,registry_serp_curated
chainbase.com,docs.chainbase.com,https://docs.chainbase.com/mcp,Chainbase Docs,1.0.0,2025-06-18,open,none,open,200,False,,,,,,,True,registry_serp_curated
mcp-agent.com,docs.mcp-agent.com,https://docs.mcp-agent.com/mcp,mcp-agent,1.0.0,2025-06-18,open,none,open,200,False,,,,,,,True,registry_serp_curated
politicalcomms.com,docs.politicalcomms.com,https://docs.politicalcomms.com/mcp,Political Comms,1.0.0,2025-06-18,open,none,open,200,False,,,,,,,True,registry_serp_curated
doda.jp,doda.jp,https://doda.jp/api/mcp,,,,auth_required,bearer,bearer,401,False,,,,,,,False,majestic_apex
datakoot.com,domain.datakoot.com,https://domain.datakoot.com/mcp,selflabbs-domain-intel,1.0.0,2025-06-18,open,none,open,200,False,,,,,,,False,registry_serp_curated
domaindrift.io,domaindrift.io,https://domaindrift.io/mcp,domaindrift,1.130.2,2025-06-18,open,none,open,200,False,,,,,,,False,registry_serp_curated
domduck.com,domduck.com,https://domduck.com/api/mcp/public,domduck-public,1.0.0,2025-06-18,open,none,open,200,False,,,,,,,False,registry_serp_curated
dominionobservatory.com,dominionobservatory.com,https://dominionobservatory.com/mcp,Dominion Observatory,1.0.0,2025-11-05,open,none,open,200,False,,,,,,,False,registry_serp_curated
dominos.jp,dominos.jp,https://dominos.jp/mcp,,,,auth_required,oauth,oauth,403,False,https://dpe-cmrc-prod-app-jpe-www-jp-002.azurewebsites.net/umbraco/delivery/api/v1/security/member/authorize,https://dpe-cmrc-prod-app-jpe-www-jp-002.azurewebsites.net/umbraco/delivery/api/v1/security/member/token,,https://dpe-cmrc-prod-app-jpe-www-jp-002.azurewebsites.net/,,"openid,offline_access",False,majestic_apex
dreamhall.app,dreamhall.app,https://dreamhall.app/mcp,dreamhall,0.1.0,2025-06-18,open,none,open,200,False,,,,,,,False,registry_serp_curated
dri.es,dri.es,https://dri.es/mcp,,,,mcp_error,,mcp_error,400,False,,,,,,,False,majestic_apex
seoapi.com,duckduckbot.seoapi.com,https://duckduckbot.seoapi.com/mcp,duckduckbot,1.0.0,2025-06-18,open,none,open,200,False,,,,,,,False,registry_serp_curated
barisasa.com,earlywire.barisasa.com,https://earlywire.barisasa.com/mcp,Earlywire — Marketing & Growth Intelligence,0.1.0,2025-06-18,open,none,open,200,False,,,,,,,False,registry_serp_curated
easy-peasy.ai,easy-peasy.ai,https://easy-peasy.ai/mcp,easy-peasy-ai,1.1.2,2025-06-18,open,oauth,open,200,True,https://easy-peasy.ai/mcp/authorize,https://easy-peasy.ai/api/mcp-oauth/token,https://easy-peasy.ai/api/mcp-oauth/register,https://easy-peasy.ai,https://easy-peasy.ai/.well-known/oauth-protected-resource/mcp,mcp,False,majestic_apex
jpyc-service.com,ec.jpyc-service.com,https://ec.jpyc-service.com/mcp,jpyc-ec-platform,0.1.0,2025-06-18,open,none,open,200,False,,,,,,,False,registry_serp_curated
trendsapi.ai,ecommerce.api.trendsapi.ai,https://ecommerce.api.trendsapi.ai/mcp,paradox-intelligence-trends-mcp,1.0.0,2025-03-26,open,none,open,200,False,,,,,,,False,registry_serp_curated
datakoot.com,economy.datakoot.com,https://economy.datakoot.com/mcp,economy-intel,1.0.0,2024-11-05,open,none,open,200,False,,,,,,,False,registry_serp_curated
ehtekunst.ee,ehtekunst.ee,https://ehtekunst.ee/mcp,ehtekunst,1.0.0,2025-06-18,open,none,open,200,False,,,,,,,False,registry_serp_curated
ejournals.eu,ejournals.eu,https://ejournals.eu/api/mcp,,,,auth_required,bearer,bearer,401,False,,,,,,,False,majestic_apex
eldebate.com,eldebate.com,https://eldebate.com/api/mcp,,,,auth_required,bearer,bearer,401,False,,,,,,,False,majestic_apex
eox.at,elements.mcp.eox.at,https://elements.mcp.eox.at/,@eox/elements-mcp-server,1.2.1,2025-06-18,open,none,open,200,False,,,,,,,False,registry_serp_curated
eletric-vehicles.com,eletric-vehicles.com,https://eletric-vehicles.com/mcp,eletric-vehicles,0.1.1,2025-06-18,open,none,open,200,False,,,,,,,False,majestic_apex
eltiempo.com,eltiempo.com,https://eltiempo.com/api/mcp,,,,auth_required,bearer,bearer,401,False,,,,,,,False,majestic_apex
emergingtechcenter.com,emergingtechcenter.com,https://emergingtechcenter.com/api/mcp,etc-gigs,1.0.0,2025-06-18,open,none,open,200,False,,,,,,,False,registry_serp_curated
enphase.com,enphase.com,https://enphase.com/mcp,ep-core-analytics-mcp,1.0.0,2025-03-26,open,none,open,200,False,,,,,,,False,majestic_apex
x402supply.com,entity-resolve.x402supply.com,https://entity-resolve.x402supply.com/mcp,entity-resolve,0.1.0,2025-06-18,open,none,open,200,False,,,,,,,False,registry_serp_curated
agentlookups.ai,env.agentlookups.ai,https://env.agentlookups.ai/mcp,groundtruth,0.1,2025-06-18,open,none,open,200,False,,,,,,,False,registry_serp_curated
eosl.ai,eosl.ai,https://eosl.ai/mcp,eosl,1.0.0,2025-06-18,open,none,open,200,False,,,,,,,False,registry_serp_curated
eqbuilder.dev,eqbuilder.dev,https://eqbuilder.dev/api/mcp,marz-greta-lock-network,1.0.0,2025-06-18,open,none,open,200,False,,,,,,,False,registry_serp_curated
erikbethke.com,erikbethke.com,https://erikbethke.com/api/mcp,erikbethke.com,1.3.0,2025-06-18,open,none,open,200,False,,,,,,,False,registry_serp_curated
esdiario.com,esdiario.com,https://esdiario.com/api/mcp,,,,auth_required,bearer,bearer,401,False,,,,,,,False,majestic_apex
etoro.com,etoro.com,https://etoro.com/mcp,,,,auth_required,oauth,oauth,403,False,https://www.etoro.com/sso,https://www.etoro.com/api/sso/v1/token,,https://www.etoro.com,,,False,majestic_apex
danielsuchan.dev,eu261.danielsuchan.dev,https://eu261.danielsuchan.dev/mcp,eu261-mcp,1.0.0,2025-06-18,open,none,open,200,False,,,,,,,False,
eurc402.com,eurc402.com,https://eurc402.com/mcp,eurc402,0.1.0,2025-06-18,open,none,open,200,False,,,,,,,False,registry_serp_curated
eurorackref.com,eurorackref.com,https://eurorackref.com/mcp,eurorack-reference-mcp-server,0.16.0,2025-06-18,open,none,open,200,False,,,,,,,False,registry_serp_curated
dropwatchhq.com,evidence.dropwatchhq.com,https://evidence.dropwatchhq.com/mcp,compliance-evidence,1.0.0,2024-11-05,open,none,open,200,False,,,,,,,False,registry_serp_curated
examova.com,examova.com,https://examova.com/api/mcp,examova,1.0.0,2025-06-18,open,none,open,200,False,,,,,,,False,registry_serp_curated
dropwatchhq.com,exclude.dropwatchhq.com,https://exclude.dropwatchhq.com/mcp,exclude-feed,1.0.0,2024-11-05,open,none,open,200,False,,,,,,,False,registry_serp_curated
expertphotography.com,expertphotography.com,https://expertphotography.com/mcp,expertphotography,1.0.0,2025-06-18,open,none,open,200,False,,,,,,,False,majestic_apex
morph.network,explorer-mcp.morph.network,https://explorer-mcp.morph.network/mcp,blockscout-mcp-server,1.26.0,2025-06-18,open,none,open,200,False,,,,,,,False,registry_serp_curated
fakturai.de,fakturai.de,https://fakturai.de/mcp,e-rechnung,1.27.2,2025-06-18,open,none,open,200,False,,,,,,,False,registry_serp_curated
llmotions.com,farm.llmotions.com,https://farm.llmotions.com/mcp/agents/fable-5-agent,com.llmotions.farm/fable-5-agent,0.1.0,2025-06-18,open,none,open,200,False,,,,,,,False,registry_serp_curated
llmotions.com,farm.llmotions.com,https://farm.llmotions.com/mcp/agents/gpt-5-6-luna-agent,com.llmotions.farm/gpt-5-6-luna-agent,0.1.0,2025-06-18,open,none,open,200,False,,,,,,,False,registry_serp_curated
llmotions.com,farm.llmotions.com,https://farm.llmotions.com/mcp/agents/gpt-5-6-sol-agent,com.llmotions.farm/gpt-5-6-sol-agent,0.1.0,2025-06-18,open,none,open,200,False,,,,,,,False,registry_serp_curated
llmotions.com,farm.llmotions.com,https://farm.llmotions.com/mcp/agents/opus-4-8-agent,com.llmotions.farm/opus-4-8-agent,0.1.0,2025-06-18,open,none,open,200,False,,,,,,,False,registry_serp_curated
fascrs.org,fascrs.org,https://fascrs.org/api/mcp,,,,auth_required,bearer,bearer,401,False,,,,,,,False,majestic_apex
fashionunited.uk,fashionunited.uk,https://fashionunited.uk/mcp,,,,auth_required,oauth,oauth,401,True,https://fashionunited.uk/oauth/authorize,https://fashionunited.uk/oauth/token,https://fashionunited.uk/oauth/register,https://fashionunited.uk,https://fashionunited.uk/.well-known/oauth-protected-resource,mcp,False,majestic_apex
fathom.video,fathom.video,https://fathom.video/mcp,,,,auth_required,oauth,oauth,401,True,https://fathom.video/mcp/oauth/authorize,https://fathom.video/mcp/oauth/token,https://fathom.video/mcp/oauth/register,https://fathom.video,https://fathom.video/.well-known/oauth-protected-resource/mcp,mcp,False,majestic_apex
fccdb.com,fccdb.com,https://fccdb.com/mcp,fccdb,0.1.0,2025-06-18,open,none,open,200,False,,,,,,,False,registry_serp_curated
fellow.app,fellow.app,https://fellow.app/mcp,,,,auth_required,oauth,oauth,401,True,https://fellow.app/mcp/authorize,https://fellow.app/mcp/token,https://fellow.app/mcp/register,https://fellow.app,https://fellow.app/.well-known/oauth-protected-resource,"read_calendar,read_meeting_content,read_action_items,read_channels,write_meeting_agenda",False,majestic_apex
fiatdock.com,fiatdock.com,https://fiatdock.com/mcp,fiatdock,1.6.0,2025-06-18,open,none,open,200,False,,,,,,,False,registry_serp_curated
datakoot.com,filings.datakoot.com,https://filings.datakoot.com/mcp,filings-intel,1.0.0,2024-11-05,open,none,open,200,False,,,,,,,False,registry_serp_curated
film-documentaire.fr,film-documentaire.fr,https://film-documentaire.fr/mcp,,,,auth_required,auth_unknown,auth,401,False,,,,,,,False,majestic_apex
find.codes,find.codes,https://find.codes/api/mcp,find-codes,1.0.0,2025-06-18,open,none,open,200,False,,,,,,,False,registry_serp_curated
findstack.com,findstack.com,https://findstack.com/mcp,findstack,1.0.0,2025-06-18,open,none,open,200,False,,,,,,,False,majestic_apex
fintalio.com,fintalio.com,https://fintalio.com/mcp,,,,auth_required,bearer,bearer,401,False,,,,,,,False,registry_serp_curated
firmeromanesti.com,firmeromanesti.com,https://firmeromanesti.com/mcp,firme-romanesti,0.1.0,2025-06-18,open,none,open,200,False,,,,,,,False,registry_serp_curated
tinyapis.dev,fiscal.tinyapis.dev,https://fiscal.tinyapis.dev/mcp,mx-fiscal,1.0.0,2025-06-18,open,none,open,200,False,,,,,,,False,registry_serp_curated
flevy.com,flevy.com,https://flevy.com/mcp,flevy,1.0.0,2025-06-18,open,none,open,200,False,,,,,,,False,registry_serp_curated
flingflyers.com,flingflyers.com,https://flingflyers.com/mcp,flingflyers,1.0.0,2025-06-18,open,none,open,200,False,,,,,,,False,registry_serp_curated
foliofact.com,foliofact.com,https://foliofact.com/mcp,foliofact,1.1.0,2025-06-18,open,oauth,open,200,True,https://foliofact.com/oauth/authorize,https://foliofact.com/oauth/token,https://foliofact.com/oauth/register,https://foliofact.com,https://foliofact.com/.well-known/oauth-protected-resource/mcp,foliofact:research:read,False,registry_serp_curated
elliat.nl,fonto-docs.elliat.nl,https://fonto-docs.elliat.nl/mcp,fonto-docs,0.1.0,2025-03-26,open,none,open,200,False,,,,,,,True,registry_serp_curated
rootz.global,food.rootz.global,https://food.rootz.global/mcp,food-intel,2.0.0,2025-06-18,open,none,open,200,False,,,,,,,False,registry_serp_curated
footdigest.com,footdigest.com,https://footdigest.com/mcp,footdigest,0.1.0,2025-06-18,open,none,open,200,False,,,,,,,False,registry_serp_curated
framebench.app,framebench.app,https://framebench.app/mcp,framebench,0.1.0,2025-06-18,open,none,open,200,False,,,,,,,False,registry_serp_curated
frankponcelet.com,frankponcelet.com,https://frankponcelet.com/api/mcp,frank-poncelet,1.0.0,2025-06-18,open,none,open,200,False,,,,,,,False,registry_serp_curated
freebatteryfactory.com,freebatteryfactory.com,https://freebatteryfactory.com/mcp,freebatteryfactory-docs,1.0.0,2025-06-18,open,none,open,200,False,,,,,,,True,registry_serp_curated
freelancertax.ca,freelancertax.ca,https://freelancertax.ca/mcp,freelancertax,1.0.0,2025-06-18,open,none,open,200,False,,,,,,,False,registry_serp_curated
dropwatchhq.com,freight.dropwatchhq.com,https://freight.dropwatchhq.com/mcp,freight-intel,1.0.0,2024-11-05,open,none,open,200,False,,,,,,,False,registry_serp_curated
tech.eu,funding.tech.eu,https://funding.tech.eu/api/mcp,techeu-funding-explorer,1.0.0,2025-06-18,open,none,open,200,False,,,,,,,False,registry_serp_curated
fysio.care,fysio.care,https://fysio.care/api/mcp,fysio-care,0.1.0,2025-06-18,open,none,open,200,False,,,,,,,False,registry_serp_curated
gallandigital.com,gallandigital.com,https://gallandigital.com/api/mcp,GallanDigital,1.0.0,2025-06-18,open,none,open,200,False,,,,,,,False,registry_serp_curated
geezerkeeper.com,geezerkeeper.com,https://geezerkeeper.com/mcp,geezerkeeper-referral-exit-routes,1.2.0,2025-06-18,open,none,open,200,False,,,,,,,False,registry_serp_curated
gemot.dev,gemot.dev,https://gemot.dev/mcp,gemot,0.13.1,2025-06-18,open,oauth,open,200,False,,,,,https://gemot.dev/.well-known/oauth-protected-resource,"deliberation:create,participate:submit_position,participate:vote,analyze:run,analyze:expert_panel,analyze:follow_up,decide:commit,coordinate:join",False,registry_serp_curated
getagentictools.com,getagentictools.com,https://getagentictools.com/api/mcp,getagentictools,1.1.0,2025-06-18,open,none,open,200,False,,,,,,,False,registry_serp_curated
getbeachfinder.com,getbeachfinder.com,https://getbeachfinder.com/mcp,BeachFinder,1.1.0,2025-06-18,open,none,open,200,False,,,,,,,False,registry_serp_curated
getcallable.dev,getcallable.dev,https://getcallable.dev/api/mcp,callable,1.0.0,2024-11-05,open,none,open,200,False,,,,,,,False,registry_serp_curated
getgrav.org,getgrav.org,https://getgrav.org/api/mcp,,,,auth_required,bearer,bearer,401,False,,,,,,,False,majestic_apex
getstencil.com,getstencil.com,https://getstencil.com/mcp,,,,auth_required,auth_unknown,auth,401,False,,,,,,,False,majestic_apex
globalsurfari.com,globalsurfari.com,https://globalsurfari.com/mcp,globalsurfari,1.0.0,2025-06-18,open,none,open,200,False,,,,,,,False,registry_serp_curated
gluten-free.fr,gluten-free.fr,https://gluten-free.fr/api/mcp,gluten-free-fr,1.1.0,2024-11-05,open,none,open,200,False,,,,,,,False,registry_serp_curated
gnosem.dev,gnosem.dev,https://gnosem.dev/mcp,gnosem,0.1.0,2025-06-18,open,none,open,200,False,,,,,,,False,registry_serp_curated
godbolt.org,godbolt.org,https://godbolt.org/mcp,compiler-explorer,gh-18772,2025-06-18,open,none,open,200,False,,,,,,,False,majestic_apex
gofastmcp.com,gofastmcp.com,https://gofastmcp.com/mcp,FastMCP,1.0.0,2025-06-18,open,none,open,200,False,,,,,,,False,registry_serp_curated
mino-yakking.com,good-honker.mino-yakking.com,https://good-honker.mino-yakking.com/mcp,good_honker,0.1.0,2025-06-18,open,none,open,200,False,,,,,,,False,registry_serp_curated
seoapi.com,googlebot.seoapi.com,https://googlebot.seoapi.com/mcp,googlebot,1.0.0,2025-06-18,open,none,open,200,False,,,,,,,False,registry_serp_curated
goshipyard.app,goshipyard.app,https://goshipyard.app/mcp,shipyard,1.0.0,2025-06-18,open,none,open,200,False,,,,,,,False,registry_serp_curated
dropwatchhq.com,govcon.dropwatchhq.com,https://govcon.dropwatchhq.com/mcp,govcon-feed,1.0.0,2024-11-05,open,none,open,200,False,,,,,,,False,registry_serp_curated
pages.dev,gph-mcp-server.pages.dev,https://gph-mcp-server.pages.dev/mcp,gph-intelligence,1.1.1,2024-11-05,open,none,open,200,False,,,,,,,False,registry_serp_curated
growthengineer.ai,growthengineer.ai,https://growthengineer.ai/api/mcp,,,,auth_required,auth_unknown,auth,401,False,,,,,,,False,registry_serp_curated
gtfi.ai,gtfi.ai,https://gtfi.ai/mcp,groundtruth,1.0.0,2025-06-18,open,none,open,200,False,,,,,,,False,registry_serp_curated
pages.dev,gth-mcp-server.pages.dev,https://gth-mcp-server.pages.dev/mcp,gettreatmenthelp,1.1.1,2024-11-05,open,none,open,200,False,,,,,,,False,registry_serp_curated
guitar-pro.com,guitar-pro.com,https://guitar-pro.com/mcp,,,,auth_required,bearer,bearer,401,False,,,,,,,False,majestic_apex
xr-utilities.ai,h-index.xr-utilities.ai,https://h-index.xr-utilities.ai/mcp,h-index,0.2.0,2025-03-26,open,none,open,200,False,,,,,,,False,registry_serp_curated
han.nl,han.nl,https://han.nl/api/mcp,,,,auth_required,auth_unknown,auth,401,False,,,,,,,False,majestic_apex
dropwatchhq.com,health.dropwatchhq.com,https://health.dropwatchhq.com/mcp,health-intel,1.0.0,2024-11-05,open,none,open,200,False,,,,,,,False,registry_serp_curated
sourcemill.ai,heatpump.sourcemill.ai,https://heatpump.sourcemill.ai/mcp,au-hot-water-payback,0.1.0,2024-11-05,open,none,open,200,False,,,,,,,False,registry_serp_curated
helveticresearch.com,helveticresearch.com,https://helveticresearch.com/mcp,,,,auth_required,oauth,oauth,401,True,https://helveticresearch.com/oauth/authorize,https://helveticresearch.com/oauth/token,https://helveticresearch.com/oauth/register,https://helveticresearch.com,https://helveticresearch.com/.well-known/oauth-protected-resource/mcp,mcp:tools,False,registry_serp_curated
southlondonscientific.com,hermes.southlondonscientific.com,https://hermes.southlondonscientific.com/mcp,hermes,1.27.1,2025-06-18,open,none,open,200,False,,,,,,,False,registry_serp_curated
hermitsh.ai,hermitsh.ai,https://hermitsh.ai/mcp,hermitsh-texts,0.4.0,2025-06-18,open,none,open,200,False,,,,,,,False,registry_serp_curated
hittheroad.rentals,hittheroad.rentals,https://hittheroad.rentals/mcp,Hit The Road Rentals,3.0.0,2025-06-18,open,none,open,200,False,,,,,,,False,registry_serp_curated
hlido.eu,hlido.eu,https://hlido.eu/mcp,hlido-agent-reviews,3.3.0-workers,2024-11-05,open,none,open,200,False,,,,,,,False,registry_serp_curated
howtoreadthefuture.com,howtoreadthefuture.com,https://howtoreadthefuture.com/mcp,How to Read the Future,0.2.0,2025-06-18,open,none,open,200,False,,,,,,,False,registry_serp_curated
x402supply.com,hts-classify.x402supply.com,https://hts-classify.x402supply.com/sse,hts-classify,0.1.0,2025-06-18,open,none,open,200,False,,,,,,,False,registry_serp_curated
hypathesis.com,hypathesis.com,https://hypathesis.com/mcp,hypathesis,1.28.1,2025-06-18,open,none,open,200,False,,,,,,,False,registry_serp_curated
hypernatt.com,hypernatt.com,https://hypernatt.com/mcp/protocol,hypernatt-terminal,2.6.0,2025-06-18,open,none,open,200,False,,,,,,,False,registry_serp_curated
iau.org,iau.org,https://iau.org/api/mcp,,,,auth_required,bearer,bearer,401,False,,,,,,,False,majestic_apex
icpc.global,icpc.global,https://icpc.global/api/mcp,,,,auth_required,bearer,bearer,401,False,,,,,,,False,majestic_apex
idiolect.app,idiolect.app,https://idiolect.app/api/mcp,,,,auth_required,oauth,oauth,401,True,https://idiolect.scalekit.com/resources/res_128346102637266216/oauth/authorize,https://idiolect.scalekit.com/resources/res_128346102637266216/oauth/token,https://idiolect.scalekit.com/api/v1/resources/res_128346102637266216/clients:register,https://idiolect.scalekit.com,https://idiolect.app/.well-known/oauth-protected-resource/api/mcp,,False,registry_serp_curated
iknow.dev,iknow.dev,https://iknow.dev/mcp,,,,auth_required,oauth,oauth,401,True,https://iknow.dev/oauth/authorize,https://iknow.dev/oauth/token,https://iknow.dev/oauth/register,https://iknow.dev,https://iknow.dev/.well-known/oauth-protected-resource/mcp,mcp:use,False,registry_serp_curated
iknowthepilot.com.au,iknowthepilot.com.au,https://iknowthepilot.com.au/mcp,I Know The Pilot,1.0.0,2025-03-26,open,none,open,200,False,,,,,,,False,registry_serp_curated
imperioutils.com,imperioutils.com,https://imperioutils.com/api/mcp,imperio-mcp,1.1.0,2025-06-18,open,none,open,200,False,,,,,,,False,registry_serp_curated
dropwatchhq.com,index.dropwatchhq.com,https://index.dropwatchhq.com/mcp,drop-index,1.0.0,2024-11-05,open,none,open,200,False,,,,,,,False,registry_serp_curated
indicadores.ar,indicadores.ar,https://indicadores.ar/mcp,indicadores-ar,1.0.0,2025-06-18,open,none,open,200,False,,,,,,,False,registry_serp_curated
intencheck.com,intencheck.com,https://intencheck.com/mcp,,,,auth_required,bearer,bearer,401,False,,,,,,,False,registry_serp_curated
nanocorp.app,invoke.nanocorp.app,https://invoke.nanocorp.app/mcp,invoke-human-tasks,0.1.0,2025-06-18,open,none,open,200,False,,,,,,,False,registry_serp_curated
ip.app,ip.app,https://ip.app/mcp,ip.app,1.0.0,2025-06-18,open,none,open,200,False,,,,,,,False,registry_serp_curated
sovereigntyempire.com,ironcity.sovereigntyempire.com,https://ironcity.sovereigntyempire.com/mcp,Iron City,1.0.0,2024-11-05,open,none,open,200,False,,,,,,,False,registry_serp_curated
ironcladverified.com,ironcladverified.com,https://ironcladverified.com/mcp,ironclad-verified,1.0.0,2025-06-18,open,none,open,200,False,,,,,,,False,registry_serp_curated
itutoronline.com,itutoronline.com,https://itutoronline.com/api/mcp,itutoronline-tutoring,1.0.0,2025-06-18,open,none,open,200,False,,,,,,,False,registry_serp_curated
iwant.fyi,iwant.fyi,https://iwant.fyi/api/mcp,iwant-marketplace,0.66.0,2024-11-05,open,none,open,200,False,,,,,,,False,registry_serp_curated
jasswiki.ch,jasswiki.ch,https://jasswiki.ch/mcp/http,jasswiki-mcp-server,1.0.0,2025-06-18,open,none,open,200,False,,,,,,,False,registry_serp_curated
jobkeepr.com,jobkeepr.com,https://jobkeepr.com/mcp,,,,auth_required,oauth,oauth,401,True,https://jobkeepr.com/oauth/authorize,https://jobkeepr.com/oauth/token,https://jobkeepr.com/oauth/register,https://jobkeepr.com,https://jobkeepr.com/.well-known/oauth-protected-resource,"jobkeepr:read,jobkeepr:write",False,registry_serp_curated
joinmultiplayer.ai,joinmultiplayer.ai,https://joinmultiplayer.ai/mcp,multiplayer-remote,2026.06.10,2025-06-18,open,none,open,200,False,,,,,,,False,registry_serp_curated
journalize.dev,journalize.dev,https://journalize.dev/mcp,agent-native-ledger,1.28.1,2025-06-18,open,none,open,200,False,,,,,,,False,registry_serp_curated
plugrail.dev,jp-calendar.plugrail.dev,https://jp-calendar.plugrail.dev/mcp,jp-calendar,0.2.0,2025-06-18,open,none,open,200,False,,,,,,,False,registry_serp_curated
justicelibre.org,justicelibre.org,https://justicelibre.org/mcp,justicelibre,,2025-06-18,open,none,open,200,False,,,,,,,False,registry_serp_curated
bda.ai,jyotish-api.bda.ai,https://jyotish-api.bda.ai/mcp,BDA Public MCP,0.1.0,2024-11-05,open,none,open,200,False,,,,,,,False,registry_serp_curated
jyotishintelligence.com,jyotishintelligence.com,https://jyotishintelligence.com/mcp,jyotint-sealed-forecasts,1.1.0,2025-06-18,open,none,open,200,False,,,,,,,False,registry_serp_curated
kaalshodh.com,kaalshodh.com,https://kaalshodh.com/mcp,Kaalshodh,,2025-06-18,open,none,open,200,False,,,,,,,False,registry_serp_curated
obolpay.xyz,kagami.obolpay.xyz,https://kagami.obolpay.xyz/mcp,Kagami,0.1.0,2024-11-05,open,none,open,200,False,,,,,,,False,registry_serp_curated
kairossignal.com,kairossignal.com,https://kairossignal.com/mcp,,,,mcp_error,,mcp_error,429,False,,,,,,,False,registry_serp_curated
kettlelogic.com,kettlelogic.com,https://kettlelogic.com/mcp,kettlelogic-content,1.27.2,2025-06-18,open,none,open,200,False,,,,,,,False,registry_serp_curated
kimchi-sushi.com,kimchi-sushi.com,https://kimchi-sushi.com/mcp,kimchisushi-agent-mcp,1.2.0,2025-06-18,open,none,open,200,False,,,,,,,False,registry_serp_curated
soracom.com,knowledge-mcp.soracom.com,https://knowledge-mcp.soracom.com/,soracom-knowledge,1.1.4,2025-06-18,open,none,open,200,False,,,,,,,False,registry_serp_curated
kundlit.com,kundlit.com,https://kundlit.com/api/mcp,kundlit-astro,1.5.0,2025-06-18,open,none,open,200,False,,,,,,,False,registry_serp_curated
kythene.com,kythene.com,https://kythene.com/mcp/kythene,,,,auth_required,oauth,oauth,401,True,https://kythene.com/oauth/authorize,https://kythene.com/oauth/token,https://kythene.com/oauth/register,https://kythene.com,https://kythene.com/.well-known/oauth-protected-resource,"openid,profile,email,offline_access,kythene:read,kythene:write",False,registry_serp_curated
landscapeprofessionals.org,landscapeprofessionals.org,https://landscapeprofessionals.org/api/mcp,,,,auth_required,bearer,bearer,401,False,,,,,,,False,majestic_apex
larabench.com,larabench.com,https://larabench.com/mcp,larabench-public,2026-08-03,2025-06-18,open,none,open,200,False,,,,,,,False,registry_serp_curated
laravel-news.com,laravel-news.com,https://laravel-news.com/mcp,,,,auth_required,bearer,bearer,401,False,,,,,,,False,majestic_apex
latamref.dev,latamref.dev,https://latamref.dev/mcp,latamref,1.0.0,2025-06-18,open,none,open,200,False,,,,,,,False,registry_serp_curated
lavozdealmeria.com,lavozdealmeria.com,https://lavozdealmeria.com/api/mcp,,,,auth_required,bearer,bearer,401,False,,,,,,,False,majestic_apex
leagueofspin.com,leagueofspin.com,https://leagueofspin.com/api/mcp,league-of-spin,1.0.0,2025-06-18,open,none,open,200,False,,,,,,,False,registry_serp_curated
learnthedao.com,learnthedao.com,https://learnthedao.com/api/mcp,learn-the-dao,1.0.0,2025-06-18,open,none,open,200,False,,,,,,,False,registry_serp_curated
dropwatchhq.com,legit.dropwatchhq.com,https://legit.dropwatchhq.com/mcp,legit-check,1.0.0,2024-11-05,open,none,open,200,False,,,,,,,False,registry_serp_curated
aioniq.ai,liangsearch.aioniq.ai,https://liangsearch.aioniq.ai/mcp,ls-search,1.0.1,2025-06-18,open,none,open,200,False,,,,,,,False,registry_serp_curated
liedetectortest.com,liedetectortest.com,https://liedetectortest.com/wp-json/ldt-mcp/v1/mcp,liedetectortest,1.4.0,2025-06-18,open,none,open,200,False,,,,,,,False,registry_serp_curated
lifelongedge.com,lifelongedge.com,https://lifelongedge.com/mcp,edge-lab,0.1.0,2025-06-18,open,none,open,200,False,,,,,,,False,registry_serp_curated
limzo.com,limzo.com,https://limzo.com/api/public/mcp,limzo-mcp,1.3.0,2025-06-18,open,none,open,200,False,,,,,,,False,registry_serp_curated
lingq.com,lingq.com,https://lingq.com/mcp,,,,auth_required,oauth,oauth,401,True,https://www.lingq.com/oauth/authorize/,https://www.lingq.com/oauth/token/,https://www.lingq.com/oauth/register/,https://www.lingq.com,https://www.lingq.com/.well-known/oauth-protected-resource/mcp,"mcp:read,mcp:write",False,majestic_apex
lionx402.com,lionx402.com,https://lionx402.com/api/mcp,lion-x402,bible-cdp-1,2024-11-05,open,none,open,200,False,,,,,,,False,registry_serp_curated
listafirme.ro,listafirme.ro,https://listafirme.ro/mcp,listafirme,1.0.0,2025-06-18,open,none,open,200,False,,,,,,,False,majestic_apex
run402.com,llm-router.run402.com,https://llm-router.run402.com/mcp,zhiji-signal,5.3.3,2025-03-26,open,none,open,200,False,,,,,,,False,registry_serp_curated
llmhosting.ai,llmhosting.ai,https://llmhosting.ai/mcp,llmhosting,1.0.0,2025-06-18,open,none,open,200,False,,,,,,,False,registry_serp_curated
llmintel.ai,llmintel.ai,https://llmintel.ai/v1/mcp,llmintel,0.2.0,2025-06-18,open,none,open,200,False,,,,,,,False,registry_serp_curated
llmse.ai,llmse.ai,https://llmse.ai/mcp,LLMSE Public API,1.25.0,2025-06-18,open,none,open,200,False,,,,,,,False,registry_serp_curated
lodekeep.com,lodekeep.com,https://lodekeep.com/mcp,,,,auth_required,oauth,oauth,403,True,https://lodekeep.com/oauth/authorize,https://lodekeep.com/oauth/token,https://lodekeep.com/oauth/register,https://lodekeep.com,https://lodekeep.com/.well-known/oauth-protected-resource/mcp,memory,False,registry_serp_curated
studiocorsair.com,lodestone.studiocorsair.com,https://lodestone.studiocorsair.com/mcp,,,,auth_required,oauth,oauth,401,True,https://lodestone.studiocorsair.com/oauth/authorize,https://lodestone.studiocorsair.com/oauth/token,https://lodestone.studiocorsair.com/oauth/register,https://lodestone.studiocorsair.com,https://lodestone.studiocorsair.com/.well-known/oauth-protected-resource,mcp,False,registry_serp_curated
longwatch.dev,longwatch.dev,https://longwatch.dev/mcp,longwatch,1.0.0,2025-06-18,open,none,open,200,False,,,,,,,False,registry_serp_curated
loppee.com,loppee.com,https://loppee.com/mcp,loppee-agent-api,0.1.0,2025-06-18,open,none,open,200,False,,,,,,,False,registry_serp_curated
dropwatchhq.com,ma.dropwatchhq.com,https://ma.dropwatchhq.com/mcp,govcon-contractor-signals,1.0.0,2024-11-05,open,none,open,200,False,,,,,,,False,registry_serp_curated
macfax.com,macfax.com,https://macfax.com/mcp,com.macfax/macfax,1.0.0,2025-06-18,open,none,open,200,False,,,,,,,False,registry_serp_curated
mailchi.mp,mailchi.mp,https://mailchi.mp/api/mcp,,,,auth_required,bearer,bearer,401,False,,,,,,,False,majestic_apex
mailchimpsites.com,mailchimpsites.com,https://mailchimpsites.com/mcp,,,,auth_required,bearer,bearer,401,False,,,,,,,False,majestic_apex
maldita.es,maldita.es,https://maldita.es/api/mcp,,,,auth_required,bearer,bearer,401,False,,,,,,,False,majestic_apex
mandrillapp.com,mandrillapp.com,https://mandrillapp.com/mcp,,,,mcp_error,,mcp_error,200,False,,,,,,,False,majestic_apex
mantiss.store,mantiss.store,https://mantiss.store/mcp,mantis,1.1.4,2025-06-18,open,none,open,200,False,,,,,,,False,registry_serp_curated
datakoot.com,market.datakoot.com,https://market.datakoot.com/mcp,market-intel,2.0.0,2024-11-05,open,none,open,200,False,,,,,,,False,registry_serp_curated
marketgenius.app,marketgenius.app,https://marketgenius.app/mcp,marketgenius,2026-08-05,2025-06-18,open,none,open,200,False,,,,,,,False,registry_serp_curated
markustenghamn.com,markustenghamn.com,https://markustenghamn.com/mcp,markustenghamn.com,1.0.0,2025-06-18,open,none,open,200,False,,,,,,,False,registry_serp_curated
masnavi.ai,masnavi.ai,https://masnavi.ai/mcp,masnavi,1.27.1,2025-06-18,open,none,open,200,False,,,,,,,False,registry_serp_curated
matrixgames.com,matrixgames.com,https://matrixgames.com/api/mcp,,,,auth_required,bearer,bearer,401,False,,,,,,,False,majestic_apex
mavenclinic.com,mavenclinic.com,https://mavenclinic.com/api/mcp,,,,auth_required,bearer,bearer,401,False,,,,,,,False,majestic_apex
maxcv.ai,maxcv.ai,https://maxcv.ai/mcp,maxcv,0.1.0,2025-06-18,open,none,open,200,False,,,,,,,False,registry_serp_curated
mclaren.org,mclaren.org,https://mclaren.org/api/mcp,,,,auth_required,bearer,bearer,401,False,,,,,,,False,majestic_apex
tunnelmind.ai,mcp-data.tunnelmind.ai,https://mcp-data.tunnelmind.ai/mcp,tunnelmind-data-api,1.0.0,2025-03-26,open,none,open,200,False,,,,,,,False,registry_serp_curated
lowtoxgear.com,mcp-scan.lowtoxgear.com,https://mcp-scan.lowtoxgear.com/mcp,com.lowtoxgear/scanner,1.0.0,2025-06-18,open,none,open,200,False,,,,,,,False,registry_serp_curated
kimoun.com,mcp-spip.kimoun.com,https://mcp-spip.kimoun.com/mcp,,,,auth_required,oauth,oauth,401,True,https://mcp-spip.kimoun.com/authorize,https://mcp-spip.kimoun.com/token,https://mcp-spip.kimoun.com/register,https://mcp-spip.kimoun.com,https://mcp-spip.kimoun.com/.well-known/oauth-protected-resource,spip,False,registry_serp_curated
1social.dev,mcp.1social.dev,https://mcp.1social.dev/mcp,,,,auth_required,oauth,oauth,401,True,https://1social.dev/api/auth/mcp/authorize,https://1social.dev/api/auth/mcp/token,https://1social.dev/api/auth/mcp/register,https://1social.dev,https://mcp.1social.dev/.well-known/oauth-protected-resource,"openid,profile,email,offline_access",False,registry_serp_curated
2022.cat,mcp.2022.cat,https://mcp.2022.cat/,catalunya-2022,1.0.0,2025-06-18,open,none,open,200,False,,,,,,,False,registry_serp_curated
3tg.dev,mcp.3tg.dev,https://mcp.3tg.dev/mcp,3tg-mcp,1.1.0,2025-06-18,open,none,open,200,False,,,,,,,False,registry_serp_curated
52choujiang.com,mcp.52choujiang.com,https://mcp.52choujiang.com/douyin/mcp,douyin_mcp,3.0.0,2025-06-18,open,none,open,200,False,,,,,,,False,registry_serp_curated
52choujiang.com,mcp.52choujiang.com,https://mcp.52choujiang.com/kuaishou/mcp,kuaishou_mcp,3.0.0,2025-06-18,open,none,open,200,False,,,,,,,False,registry_serp_curated
52choujiang.com,mcp.52choujiang.com,https://mcp.52choujiang.com/wechat/mcp,wechat_mcp,3.0.0,2025-06-18,open,none,open,200,False,,,,,,,False,registry_serp_curated
52choujiang.com,mcp.52choujiang.com,https://mcp.52choujiang.com/weibo/mcp,weibo_mcp,3.0.0,2025-06-18,open,none,open,200,False,,,,,,,False,registry_serp_curated
52choujiang.com,mcp.52choujiang.com,https://mcp.52choujiang.com/xhs/mcp,xhs_mcp,3.0.0,2025-06-18,open,none,open,200,False,,,,,,,False,registry_serp_curated
across.to,mcp.across.to,https://mcp.across.to/mcp,mcp-server-across,2.0.0,2025-06-18,open,none,open,200,False,,,,,,,False,registry_serp_curated
aevia.cloud,mcp.aevia.cloud,https://mcp.aevia.cloud/mcp,warmnight-fishing,1.28.1,2025-06-18,open,none,open,200,False,,,,,,,False,registry_serp_curated
agentgauge.ai,mcp.agentgauge.ai,https://mcp.agentgauge.ai/mcp,agentgauge,1.0.0,2025-06-18,open,none,open,200,False,,,,,,,False,registry_serp_curated
agenticbooks.ai,mcp.agenticbooks.ai,https://mcp.agenticbooks.ai/mcp,,,,auth_required,oauth,oauth,401,True,https://clerk.agenticbooks.ai/oauth/authorize,https://clerk.agenticbooks.ai/oauth/token,https://clerk.agenticbooks.ai/oauth/register,https://clerk.agenticbooks.ai,https://mcp.agenticbooks.ai/.well-known/oauth-protected-resource,"openid,profile,email,public_metadata,private_metadata,offline_access",False,registry_serp_curated
agentsim.dev,mcp.agentsim.dev,https://mcp.agentsim.dev/mcp,AgentSIM,0.9.0,2025-06-18,open,none,open,200,False,,,,,,,False,registry_serp_curated
aiactradar.com,mcp.aiactradar.com,https://mcp.aiactradar.com/mcp/v1,ai-act-radar,0.1.0,2024-11-05,open,none,open,200,False,,,,,,,False,registry_serp_curated
aiconduit.app,mcp.aiconduit.app,https://mcp.aiconduit.app/mcp,Conduit Agentic Commerce,v1,2025-06-18,open,none,open,200,False,,,,,,,False,registry_serp_curated
aidatanorge.no,mcp.aidatanorge.no,https://mcp.aidatanorge.no/mcp,nordic-public-data-mcp,3.2.0,2025-06-18,open,none,open,200,False,,,,,,,False,registry_serp_curated
aidemos.com,mcp.aidemos.com,https://mcp.aidemos.com/api/mcp,aidemos-mcp,2.0.0,2025-06-18,open,none,open,200,False,,,,,,,False,registry_serp_curated
aides.org,mcp.aides.org,https://mcp.aides.org/mcp,better-gitlab-mcp-server,2.1.28,2025-06-18,open,none,open,200,False,,,,,,,False,majestic_mcp_sub
aihomedesign.com,mcp.aihomedesign.com,https://mcp.aihomedesign.com/{connector_token}/mcp,AI HomeDesign — Image Optimization,1.28.0,2025-06-18,open,none,open,200,False,,,,,,,False,registry_serp_curated
ainumbers.co,mcp.ainumbers.co,https://mcp.ainumbers.co/mcp,ainumbers-apps,1.2.0,2025-06-18,open,none,open,200,False,,,,,,,False,registry_serp_curated
airport-pickups-london.com,mcp.airport-pickups-london.com,https://mcp.airport-pickups-london.com/mcp,,,,auth_required,oauth,oauth,401,True,https://mcp.airport-pickups-london.com/authorize,https://mcp.airport-pickups-london.com/token,https://mcp.airport-pickups-london.com/register,https://mcp.airport-pickups-london.com/,https://mcp.airport-pickups-london.com/.well-known/oauth-protected-resource/mcp,,False,registry_serp_curated
airtreks.com,mcp.airtreks.com,https://mcp.airtreks.com/mcp,airtreks,1.0.0,2025-06-18,open,none,open,200,False,,,,,,,False,registry_serp_curated
aivonic.ai,mcp.aivonic.ai,https://mcp.aivonic.ai/,Aivonic,1.29.0,2025-06-18,open,none,open,200,False,,,,,,,False,registry_serp_curated
alleskralle.com,mcp.alleskralle.com,https://mcp.alleskralle.com/mcp,alleskralle-jobs,1.0.0,2025-11-25,open,none,open,200,False,,,,,,,False,registry_serp_curated
allsides.com,mcp.allsides.com,https://mcp.allsides.com/mcp,bias-rating-mcp,1.0.0,2025-06-18,open,none,open,200,False,,,,,,,False,majestic_mcp_sub
anchorregistry.ai,mcp.anchorregistry.ai,https://mcp.anchorregistry.ai/mcp,AnchorRegistry,0.1.0,2025-06-18,open,none,open,200,False,,,,,,,False,registry_serp_curated
andre.vote,mcp.andre.vote,https://mcp.andre.vote/mcp,andré,1.28.1,2025-06-18,open,none,open,200,False,,,,,,,False,registry_serp_curated
pulseem.com,mcp.api.pulseem.com,https://mcp.api.pulseem.com/mcp_{token}/mcp,Pulseem.MCP,1.0.0.0,2025-06-18,open,none,open,200,False,,,,,,,False,registry_serp_curated
apievangelist.com,mcp.apievangelist.com,https://mcp.apievangelist.com/mcp,api-evangelist,1.1.0,2025-06-18,open,none,open,200,False,,,,,,,False,registry_serp_curated
appendix.com,mcp.appendix.com,https://mcp.appendix.com/mcp,Appendix,1.0.0,2025-06-18,open,none,open,200,False,,,,,,,False,registry_serp_curated
apple-rag.com,mcp.apple-rag.com,https://mcp.apple-rag.com/,apple-rag-mcp,4.22.0,2025-06-18,open,none,open,200,False,,,,,,,False,registry_serp_curated
arcandledger.com,mcp.arcandledger.com,https://mcp.arcandledger.com/directory/mcp,arc-ledger-mcp,0.15.4,2025-06-18,open,none,open,200,False,,,,,,,False,registry_serp_curated
arcandledger.com,mcp.arcandledger.com,https://mcp.arcandledger.com/mcp,arc-ledger-mcp,0.15.4,2025-06-18,open,none,open,200,False,,,,,,,False,registry_serp_curated
arcaneforecasting.com,mcp.arcaneforecasting.com,https://mcp.arcaneforecasting.com/mcp,ARCANE World-Sense,0.1.0,2025-06-18,open,none,open,200,False,,,,,,,False,registry_serp_curated
arcasos.com,mcp.arcasos.com,https://mcp.arcasos.com/api/mcp,arcasos-rentals,1.0.0,2025-06-18,open,none,open,200,False,,,,,,,False,registry_serp_curated
arcat.com,mcp.arcat.com,https://mcp.arcat.com/mcp,arcat,0.5.0,2025-06-18,open,none,open,200,False,,,,,,,False,registry_serp_curated
arvi.ch,mcp.arvi.ch,https://mcp.arvi.ch/,arvi-catalog-mcp,1.12.0,2025-06-18,open,none,open,200,False,,,,,,,False,registry_serp_curated
askcyborg.com,mcp.askcyborg.com,https://mcp.askcyborg.com/mcp,askcyborg-mcp,0.2.0,2025-03-26,open,none,open,200,False,,,,,,,False,registry_serp_curated
audiala.com,mcp.audiala.com,https://mcp.audiala.com/mcp,audiala-mcp,0.3.0,2025-03-26,open,none,open,200,False,,,,,,,False,registry_serp_curated
auseconmcp.com,mcp.auseconmcp.com,https://mcp.auseconmcp.com/mcp,ausecon-mcp-server,1.14.0,2025-06-18,open,none,open,200,False,,,,,,,False,registry_serp_curated
avatarfactory.io,mcp.avatarfactory.io,https://mcp.avatarfactory.io/mcp,,,,auth_required,oauth,oauth,401,True,https://api.avatarfactory.io/mcp/oauth/authorize,https://api.avatarfactory.io/mcp/oauth/token,https://api.avatarfactory.io/mcp/oauth/register,https://api.avatarfactory.io,https://mcp.avatarfactory.io/.well-known/oauth-protected-resource,,False,registry_serp_curated
bluepillow.com,mcp.b2a.bluepillow.com,https://mcp.b2a.bluepillow.com/,bluepillow-hotels,1.27.1,2025-06-18,open,none,open,200,False,,,,,,,False,registry_serp_curated
b2bware.com,mcp.b2bware.com,https://mcp.b2bware.com/mcp,b2bware-mcp,1.13.0,2025-06-18,open,none,open,200,False,,,,,,,False,registry_serp_curated
larabi.fr,mcp.bab-aljazair.larabi.fr,https://mcp.bab-aljazair.larabi.fr/mcp,bab-aljazair-chatgpt,0.1.0,2025-06-18,open,none,open,200,False,,,,,,,False,registry_serp_curated
backtest360.com,mcp.backtest360.com,https://mcp.backtest360.com/mcp,backtest360,0.2.4,2025-06-18,open,none,open,200,False,,,,,,,False,registry_serp_curated
bikefuchs.com,mcp.bikefuchs.com,https://mcp.bikefuchs.com/mcp,bikefuchs,2.5.0,2025-06-18,open,none,open,200,False,,,,,,,False,registry_serp_curated
biletyna.pl,mcp.biletyna.pl,https://mcp.biletyna.pl/mcp,,,,mcp_error,,mcp_error,405,False,,,,,,,False,majestic_mcp_sub
biocentury.com,mcp.biocentury.com,https://mcp.biocentury.com,,,,auth_required,oauth,oauth,401,True,https://identityapi.biocentury.com/oauth/authorize,https://identityapi.biocentury.com/oauth/token,https://identityapi.biocentury.com/oauth/register,https://identityapi.biocentury.com,https://mcp.biocentury.com/.well-known/oauth-protected-resource,mcp:bciq.read,False,majestic_prm
bitpanda.com,mcp.bitpanda.com,https://mcp.bitpanda.com/mcp,,,,auth_required,bearer,bearer,401,False,,,,,,,False,majestic_mcp_sub
blackwalltier.com,mcp.blackwalltier.com,https://mcp.blackwalltier.com/sse,blackwall-remote-mcp,0.1.0,2025-06-18,open,none,open,200,False,,,,,,,False,registry_serp_curated
bluecraneworks.ca,mcp.bluecraneworks.ca,https://mcp.bluecraneworks.ca/mcp,bluecrane-forms,1.1.0,2025-06-18,open,none,open,200,False,,,,,,,False,registry_serp_curated
bluraysuchmaschine.de,mcp.bluraysuchmaschine.de,https://mcp.bluraysuchmaschine.de/mcp,bluray-suchmaschine,1.1.0,2025-06-18,open,none,open,200,False,,,,,,,False,registry_serp_curated
bookingmaven.com,mcp.bookingmaven.com,https://mcp.bookingmaven.com/mcp,BookingMaven,1.0.0,2025-06-18,open,none,open,200,False,,,,,,,False,registry_serp_curated
boostermage.com,mcp.boostermage.com,https://mcp.boostermage.com/mcp,boostermage-mcp,1.0.4,2025-06-18,open,none,open,200,False,,,,,,,False,registry_serp_curated
borisinc.com,mcp.borisinc.com,https://mcp.borisinc.com/mcp,gamedatakit,1.28.1,2025-06-18,open,none,open,200,False,,,,,,,False,registry_serp_curated
botify.com,mcp.botify.com,https://mcp.botify.com/,,,,auth_required,oauth,oauth,401,True,https://app.botify.com/oauth/authorize,https://app.botify.com/oauth/token/,https://app.botify.com/oauth/register/,https://app.botify.com/,https://mcp.botify.com/.well-known/oauth-protected-resource,mcp_read_write,False,majestic_prm
browserbase.com,mcp.browserbase.com,https://mcp.browserbase.com/mcp,stagehand-api,d40ebbddcdf8d456fde02793bcd8542f7f03e84b,2025-06-18,open,none,open,200,False,,,,,,,False,registry_serp_curated
capmus.com,mcp.capmus.com,https://mcp.capmus.com/mcp,capmus,0.2.2,2025-06-18,open,none,open,200,False,,,,,,,False,registry_serp_curated
cardog.io,mcp.cardog.io,https://mcp.cardog.io/mcp?api_key={api_key},Cardog Public MCP,2.0.0,2025-06-18,open,none,open,200,False,,,,,,,False,registry_serp_curated
carousell.com,mcp.carousell.com,https://mcp.carousell.com/mcp,carousell-sg,0.6.0,2025-06-18,open,none,open,200,False,,,,,,,False,majestic_mcp_sub
chainhelix.io,mcp.chainhelix.io,https://mcp.chainhelix.io/mcp,chainhelix,1.0.0,2025-06-18,open,none,open,200,False,,,,,,,False,registry_serp_curated
chaiz.com,mcp.chaiz.com,https://mcp.chaiz.com/mcp,Chaiz,1.0.0,2025-06-18,open,none,open,200,False,,,,,,,False,registry_serp_curated
chalet-montagne.com,mcp.chalet-montagne.com,https://mcp.chalet-montagne.com/mcp,chalet-montagne-rentals,1.0.0,2025-11-25,open,none,open,200,False,,,,,,,False,registry_serp_curated
checkrecall.com,mcp.checkrecall.com,https://mcp.checkrecall.com/mcp,recallchecker,1.0.0,2025-06-18,open,none,open,200,False,,,,,,,False,registry_serp_curated
citestamp.com,mcp.citestamp.com,https://mcp.citestamp.com/mcp,citestamp,0.1.0,2025-06-18,open,none,open,200,False,,,,,,,False,registry_serp_curated
city24.ee,mcp.city24.ee,https://mcp.city24.ee/_mcp,city24_mcp,1.0.0,2025-06-18,open,none,open,200,False,,,,,,,False,registry_serp_curated
cityparity.com,mcp.cityparity.com,https://mcp.cityparity.com/mcp,cityparity,0.1.0,2025-06-18,open,none,open,200,False,,,,,,,False,registry_serp_curated
claimondo.de,mcp.claimondo.de,https://mcp.claimondo.de/mcp,claimondo-mcp-server,1.0.0,2025-06-18,open,none,open,200,False,,,,,,,False,registry_serp_curated
clawfetch.ai,mcp.clawfetch.ai,https://mcp.clawfetch.ai/mcp,clawfetch,0.2.0,2025-06-18,open,none,open,200,False,,,,,,,False,registry_serp_curated
cleanor.app,mcp.cleanor.app,https://mcp.cleanor.app/mcp,cleanor,0.6.0,2025-06-18,open,none,open,200,False,,,,,,,False,registry_serp_curated
cleanslice.org,mcp.cleanslice.org,https://mcp.cleanslice.org/mcp,cleanslice-mcp,1.0.0,2025-06-18,open,none,open,200,False,,,,,,,False,registry_serp_curated
close.city,mcp.close.city,https://mcp.close.city/mcp,close-api,1.0.0,2025-06-18,open,none,open,200,False,,,,,,,False,registry_serp_curated
queryomega.com,mcp.cloud.queryomega.com,https://mcp.cloud.queryomega.com/mcp,,,,auth_required,oauth,oauth,401,True,https://dev-a00fvs6crrle25gi.us.auth0.com/authorize,https://dev-a00fvs6crrle25gi.us.auth0.com/oauth/token,https://dev-a00fvs6crrle25gi.us.auth0.com/oidc/register,https://dev-a00fvs6crrle25gi.us.auth0.com/,https://mcp.cloud.queryomega.com/.well-known/oauth-protected-resource,"openid,profile,offline_access,name,given_name,family_name,nickname,email,email_verified,picture,created_at,identities,phone,address",False,registry_serp_curated
cloudways.com,mcp.cloudways.com,https://mcp.cloudways.com/mcp,,,,auth_required,bearer,bearer,401,False,,,,,,,False,majestic_mcp_sub
cnaps.ai,mcp.cnaps.ai,https://mcp.cnaps.ai/mcp,,,,auth_required,oauth,oauth,401,True,https://mcp.cnaps.ai/oauth/authorize,https://mcp.cnaps.ai/oauth/token,https://mcp.cnaps.ai/oauth/register,https://mcp.cnaps.ai,https://mcp.cnaps.ai/.well-known/oauth-protected-resource,"models:read,flows:read,flows:write,files:write,batches:read,batches:write,workspace:read,community:write",False,registry_serp_curated
coachsync.io,mcp.coachsync.io,https://mcp.coachsync.io/mcp,coachsync,1.1.1,2025-03-26,open,none,open,200,False,,,,,,,False,registry_serp_curated
coinrithm.com,mcp.coinrithm.com,https://mcp.coinrithm.com/mcp,coinrithm-trading,0.7.4,2025-06-18,open,none,open,200,False,,,,,,,False,registry_serp_curated
commonlands.com,mcp.commonlands.com,https://mcp.commonlands.com/mcp,commonlands-mcp,0.3.1,2025-06-18,open,none,open,200,False,,,,,,,False,registry_serp_curated
containermath.com,mcp.containermath.com,https://mcp.containermath.com/,containermath-public,1.0.0,2025-06-18,open,none,open,200,False,,,,,,,False,registry_serp_curated
contextstudios.ai,mcp.contextstudios.ai,https://mcp.contextstudios.ai/api/public/mcp,contextstudios-mcp,2.1.0,2025-06-18,open,oauth,open,200,True,https://mcp.contextstudios.ai/api/authorize,https://mcp.contextstudios.ai/api/token,https://mcp.contextstudios.ai/api/register,https://mcp.contextstudios.ai,https://mcp.contextstudios.ai/.well-known/oauth-protected-resource,"mcp:tools,mcp:resources,mcp:prompts",False,registry_serp_curated
coworkingview.com,mcp.coworkingview.com,https://mcp.coworkingview.com/mcp,coworkingview,0.2.0,2025-06-18,open,none,open,200,False,,,,,,,False,registry_serp_curated
craftedtrust.com,mcp.craftedtrust.com,https://mcp.craftedtrust.com/api/v1/mcp,CraftedTrust,1.0.0,2025-06-18,open,none,open,200,False,,,,,,,False,registry_serp_curated
crank.ing,mcp.crank.ing,https://mcp.crank.ing/mcp,crank,3.4.6,2025-06-18,open,none,open,200,False,,,,,,,False,registry_serp_curated
creditcards.best,mcp.creditcards.best,https://mcp.creditcards.best/,creditcards.best,1.0.0,2025-06-18,open,none,open,200,False,,,,,,,False,registry_serp_curated
csidia.com,mcp.csidia.com,https://mcp.csidia.com/mcp,com.csidia/notes,1.2.0,2025-06-18,open,none,open,200,False,,,,,,,False,registry_serp_curated
daedalusdevelopmentgroup.com,mcp.daedalusdevelopmentgroup.com,https://mcp.daedalusdevelopmentgroup.com/mcp,ddg-agent-services,1.28.0,2025-06-18,open,none,open,200,False,,,,,,,False,registry_serp_curated
datadoghq.eu,mcp.datadoghq.eu,https://mcp.datadoghq.eu/api/unstable/mcp-server/mcp,,,,auth_required,oauth,oauth,401,True,https://app.datadoghq.eu/oauth2/v1/authorize,https://app.datadoghq.eu/api/v2/oauth2/token,https://app.datadoghq.eu/api/v2/oauth2/register,https://mcp.datadoghq.eu/v1/mcp,https://mcp.datadoghq.eu/.well-known/oauth-protected-resource/api/unstable/mcp-server/mcp,,False,registry_serp_curated
datamerge.ai,mcp.datamerge.ai,https://mcp.datamerge.ai/,datamerge-mcp,1.0.0,2025-06-18,open,none,open,200,False,,,,,,,False,registry_serp_curated
datpaq.com,mcp.datpaq.com,https://mcp.datpaq.com/mcp,,,,auth_required,bearer,bearer,401,False,,,,,,,False,registry_serp_curated
dealermax.app,mcp.dealermax.app,https://mcp.dealermax.app/mcp,DealerMax,1.2.1,2025-06-18,open,none,open,200,False,,,,,,,False,registry_serp_curated
debitura.com,mcp.debitura.com,https://mcp.debitura.com/mcp,debitura,1.0.0,2025-06-18,open,none,open,200,False,,,,,,,False,registry_serp_curated
delora.build,mcp.delora.build,https://mcp.delora.build/mcp,delora-mcp,0.1.5,2025-06-18,open,none,open,200,False,,,,,,,False,registry_serp_curated
demanddiscovery.ai,mcp.demanddiscovery.ai,https://mcp.demanddiscovery.ai/api/mcp,demand-discovery-ai,1.3.25,2025-06-18,open,none,open,200,False,,,,,,,False,registry_serp_curated
departi.eu,mcp.departi.eu,https://mcp.departi.eu/v3,Departi,3.1.0,2025-11-25,open,none,open,200,False,,,,,,,False,registry_serp_curated
departi.eu,mcp.departi.eu,https://mcp.departi.eu/v3/oauth,,,,auth_required,oauth,oauth,401,True,https://departi.eu/oauth/authorize,https://departi.eu/oauth/token,https://departi.eu/oauth/register,https://departi.eu,https://departi.eu/.well-known/oauth-protected-resource/v3/oauth,departi:read,False,registry_serp_curated
depscope.dev,mcp.depscope.dev,https://mcp.depscope.dev/mcp,depscope,0.9.0,2025-06-18,open,none,open,200,False,,,,,,,False,registry_serp_curated
derod.org,mcp.derod.org,https://mcp.derod.org/mcp,dero-daemon-mcp,0.5.2,2025-06-18,open,none,open,200,False,,,,,,,False,registry_serp_curated
dintak.com,mcp.dintak.com,https://mcp.dintak.com/mcp,,,,auth_required,oauth,oauth,401,True,https://mcp.dintak.com/authorize,https://mcp.dintak.com/token,https://mcp.dintak.com/register,https://mcp.dintak.com/,https://mcp.dintak.com/.well-known/oauth-protected-resource/mcp,,False,registry_serp_curated
gameanalytics.com,mcp.docs.gameanalytics.com,https://mcp.docs.gameanalytics.com/,gameanalytics-docs,1.0.0,2025-06-18,open,none,open,200,False,,,,,,,True,registry_serp_curated
docwand.app,mcp.docwand.app,https://mcp.docwand.app/mcp,docwand-mcp,0.1.0,2025-06-18,open,none,open,200,False,,,,,,,False,registry_serp_curated
doomscrollr.com,mcp.doomscrollr.com,https://mcp.doomscrollr.com/mcp,,,,auth_required,oauth,oauth,401,True,https://mcp.doomscrollr.com/oauth/authorize,https://mcp.doomscrollr.com/oauth/token,https://mcp.doomscrollr.com/oauth/register,https://mcp.doomscrollr.com,https://mcp.doomscrollr.com/.well-known/oauth-protected-resource,mcp,False,registry_serp_curated
dorar.net,mcp.dorar.net,https://mcp.dorar.net/mcp,dorar_hadith,1.28.1,2025-06-18,open,none,open,200,False,,,,,,,False,majestic_mcp_sub
dottedsign.com,mcp.dottedsign.com,https://mcp.dottedsign.com/dottedsign-api/mcp,,,,auth_required,oauth,oauth,401,True,https://mcp.dottedsign.com/dottedsign-api/authorize,https://mcp.dottedsign.com/dottedsign-api/token,https://mcp.dottedsign.com/dottedsign-api/register,https://mcp.dottedsign.com/dottedsign-api,https://mcp.dottedsign.com/.well-known/oauth-protected-resource/dottedsign-api,api,False,registry_serp_curated
draw.io,mcp.draw.io,https://mcp.draw.io/mcp,drawio-mcp-app,1.0.0,2025-06-18,open,none,open,200,False,,,,,,,False,registry_serp_curated
drillable.com,mcp.drillable.com,https://mcp.drillable.com/,drillable,0.1.2,2025-06-18,open,none,open,200,False,,,,,,,False,registry_serp_curated
drillable.com,mcp.drillable.com,https://mcp.drillable.com/mcp,drillable,0.1.2,2025-06-18,open,none,open,200,False,,,,,,,False,registry_serp_curated
dripmetrics.ai,mcp.dripmetrics.ai,https://mcp.dripmetrics.ai/mcp,dripmetrics,1.0.0,2025-06-18,open,none,open,200,False,,,,,,,False,registry_serp_curated
drivings.com,mcp.drivings.com,https://mcp.drivings.com/mcp,com.drivings/driving-test-study,1.2.0,2025-06-18,open,oauth,open,200,True,https://xqvjkpkownkftsdofpbb.supabase.co/auth/v1/oauth/authorize,https://xqvjkpkownkftsdofpbb.supabase.co/auth/v1/oauth/token,https://xqvjkpkownkftsdofpbb.supabase.co/auth/v1/oauth/clients/register,https://xqvjkpkownkftsdofpbb.supabase.co/auth/v1,https://mcp.drivings.com/.well-known/oauth-protected-resource/mcp,"openid,email,profile",False,registry_serp_curated
easyonward.com,mcp.easyonward.com,https://mcp.easyonward.com/mcp,easyonward,0.2.0,2025-06-18,open,none,open,200,False,,,,,,,False,registry_serp_curated
ecoexperten.com,mcp.ecoexperten.com,https://mcp.ecoexperten.com/mcp,ecoexperten-energieausweis,1.28.1,2025-06-18,open,none,open,200,False,,,,,,,False,registry_serp_curated
ediscoverydecoder.com,mcp.ediscoverydecoder.com,https://mcp.ediscoverydecoder.com/mcp,ediscovery-decoder-news-calc,0.1.0,2025-06-18,open,none,open,200,False,,,,,,,False,registry_serp_curated
elitedomains.de,mcp.elitedomains.de,https://mcp.elitedomains.de/,,,,auth_required,bearer,bearer,401,False,,,,,,,False,majestic_mcp_sub
entroute.com,mcp.entroute.com,https://mcp.entroute.com/mcp,entroute,0.1.0,2025-06-18,open,none,open,200,False,,,,,,,False,registry_serp_curated
enuygun.com,mcp.enuygun.com,https://mcp.enuygun.com/mcp,enuygun-mcp-server,1.0.0,2025-06-18,open,none,open,200,False,,,,,,,False,registry_serp_curated
eventescapes.com,mcp.eventescapes.com,https://mcp.eventescapes.com/,event-escapes,1.5.2,2025-11-25,open,none,open,200,False,,,,,,,False,registry_serp_curated
example4.ai,mcp.example4.ai,https://mcp.example4.ai/mcp,xmp4,1.2.7,2025-03-26,open,none,open,200,False,,,,,,,False,registry_serp_curated
faireplace.com,mcp.faireplace.com,https://mcp.faireplace.com/sse,,,,mcp_error,,mcp_error,405,False,,,,,,,False,registry_serp_curated
famousbirthdays.com,mcp.famousbirthdays.com,https://mcp.famousbirthdays.com/mcp,famousbirthdays,1.17.0,2025-06-18,open,none,open,200,False,,,,,,,False,majestic_mcp_sub
ferryhopper.com,mcp.ferryhopper.com,https://mcp.ferryhopper.com/mcp,FerryhopperMCP,1.0.0,2025-06-18,open,none,open,200,False,,,,,,,False,majestic_mcp_sub
fftcompanion.app,mcp.fftcompanion.app,https://mcp.fftcompanion.app/mcp,fft-companion,0.1.0,2025-06-18,open,none,open,200,False,,,,,,,False,registry_serp_curated
fikst.cloud,mcp.fikst.cloud,https://mcp.fikst.cloud/mcp,,,,auth_required,oauth,oauth,401,True,https://lwvtrjtnblqmnjbiizsu.supabase.co/auth/v1/oauth/authorize,https://lwvtrjtnblqmnjbiizsu.supabase.co/auth/v1/oauth/token,https://lwvtrjtnblqmnjbiizsu.supabase.co/auth/v1/oauth/clients/register,https://lwvtrjtnblqmnjbiizsu.supabase.co/auth/v1,https://mcp.fikst.cloud/.well-known/oauth-protected-resource/mcp,"openid,profile,email,phone,offline_access",False,
findyourfivepm.com,mcp.findyourfivepm.com,https://mcp.findyourfivepm.com/,findyourfivepm,1.0.0,2025-06-18,open,none,open,200,False,,,,,,,False,
firestorage.jp,mcp.firestorage.jp,https://mcp.firestorage.jp/mcp,firestorage,1.28.1,2025-06-18,open,none,open,200,False,,,,,,,False,majestic_mcp_sub
fluentive.app,mcp.fluentive.app,https://mcp.fluentive.app/,FluentBlue.Mcp,1.0.0.0,2025-06-18,open,none,open,200,False,,,,,,,False,registry_serp_curated
fodda.ai,mcp.fodda.ai,https://mcp.fodda.ai/brand-intelligence,fodda_mcp,1.36.1,2025-06-18,open,oauth,open,200,True,https://clerk.fodda.ai/oauth/authorize,https://clerk.fodda.ai/oauth/token,https://clerk.fodda.ai/oauth/register,https://clerk.fodda.ai,https://mcp.fodda.ai/.well-known/oauth-protected-resource,"openid,profile,email,public_metadata,private_metadata,offline_access,user:org:read",False,registry_serp_curated
fodda.ai,mcp.fodda.ai,https://mcp.fodda.ai/deep-research,fodda_mcp,1.36.1,2025-06-18,open,oauth,open,200,True,https://clerk.fodda.ai/oauth/authorize,https://clerk.fodda.ai/oauth/token,https://clerk.fodda.ai/oauth/register,https://clerk.fodda.ai,https://mcp.fodda.ai/.well-known/oauth-protected-resource,"openid,profile,email,public_metadata,private_metadata,offline_access,user:org:read",False,registry_serp_curated
fodda.ai,mcp.fodda.ai,https://mcp.fodda.ai/earnings-intelligence,fodda_mcp,1.36.1,2025-06-18,open,oauth,open,200,True,https://clerk.fodda.ai/oauth/authorize,https://clerk.fodda.ai/oauth/token,https://clerk.fodda.ai/oauth/register,https://clerk.fodda.ai,https://mcp.fodda.ai/.well-known/oauth-protected-resource,"openid,profile,email,public_metadata,private_metadata,offline_access,user:org:read",False,registry_serp_curated
fodda.ai,mcp.fodda.ai,https://mcp.fodda.ai/expert-consult,fodda_mcp,1.36.1,2025-06-18,open,oauth,open,200,True,https://clerk.fodda.ai/oauth/authorize,https://clerk.fodda.ai/oauth/token,https://clerk.fodda.ai/oauth/register,https://clerk.fodda.ai,https://mcp.fodda.ai/.well-known/oauth-protected-resource,"openid,profile,email,public_metadata,private_metadata,offline_access,user:org:read",False,registry_serp_curated
fodda.ai,mcp.fodda.ai,https://mcp.fodda.ai/mcp,,,,auth_required,oauth,oauth,401,True,https://clerk.fodda.ai/oauth/authorize,https://clerk.fodda.ai/oauth/token,https://clerk.fodda.ai/oauth/register,https://clerk.fodda.ai,https://mcp.fodda.ai/.well-known/oauth-protected-resource/mcp,"openid,profile,email,public_metadata,private_metadata,offline_access,user:org:read",False,registry_serp_curated
fodda.ai,mcp.fodda.ai,https://mcp.fodda.ai/topic-research,fodda_mcp,1.36.1,2025-06-18,open,oauth,open,200,True,https://clerk.fodda.ai/oauth/authorize,https://clerk.fodda.ai/oauth/token,https://clerk.fodda.ai/oauth/register,https://clerk.fodda.ai,https://mcp.fodda.ai/.well-known/oauth-protected-resource,"openid,profile,email,public_metadata,private_metadata,offline_access,user:org:read",False,registry_serp_curated
forgetreasury.com,mcp.forgetreasury.com,https://mcp.forgetreasury.com/mcp,forge-treasury,0.1.0,2025-06-18,open,none,open,200,False,,,,,,,False,registry_serp_curated
forkast.gg,mcp.forkast.gg,https://mcp.forkast.gg/mcp,Forkast Docs MCP,1.0.0,2025-06-18,open,none,open,200,False,,,,,,,True,registry_serp_curated
freqblog.com,mcp.freqblog.com,https://mcp.freqblog.com/mcp,freqblog-music,1.27.2,2025-06-18,open,none,open,200,False,,,,,,,False,registry_serp_curated
fronesislabs.com,mcp.fronesislabs.com,https://mcp.fronesislabs.com/mcp,DCL Trust Oracle,2.3.0,2025-06-18,open,none,open,200,False,,,,,,,False,registry_serp_curated
frontdeskreview.com,mcp.frontdeskreview.com,https://mcp.frontdeskreview.com/mcp,The Front Desk Review,1.2.0,2025-06-18,open,none,open,200,False,,,,,,,False,registry_serp_curated
fryd.app,mcp.fryd.app,https://mcp.fryd.app/mcp,fryd,1.0.0,2025-06-18,open,none,open,200,False,,,,,,,False,registry_serp_curated
fulcradynamics.com,mcp.fulcradynamics.com,https://mcp.fulcradynamics.com/mcp,,,,auth_required,oauth,oauth,401,True,https://mcp.fulcradynamics.com/authorize,https://mcp.fulcradynamics.com/token,https://mcp.fulcradynamics.com/register,https://mcp.fulcradynamics.com/,https://mcp.fulcradynamics.com/.well-known/oauth-protected-resource,"openid,profile,name,email",False,registry_serp_curated
fyers.in,mcp.fyers.in,https://mcp.fyers.in/mcp,Fyers Trading MCP Server,1.0.0,2025-03-26,open,none,open,200,False,,,,,,,False,majestic_mcp_sub
gammarips.com,mcp.gammarips.com,https://mcp.gammarips.com/mcp,gammarips,1.29.0,2025-06-18,open,none,open,200,False,,,,,,,False,registry_serp_curated
geekflare.com,mcp.geekflare.com,https://mcp.geekflare.com/{API_KEY}/mcp,@geekflare/mcp,0.3.9,2025-06-18,open,none,open,200,False,,,,,,,False,registry_serp_curated
getfrenchie.dev,mcp.getfrenchie.dev,https://mcp.getfrenchie.dev/mcp,frenchie-mcp,0.5.0,2025-06-18,open,none,open,200,False,,,,,,,False,registry_serp_curated
gocushy.com,mcp.gocushy.com,https://mcp.gocushy.com/sse,,,,auth_required,oauth,oauth,401,True,https://mcp.gocushy.com/oauth/authorize,https://mcp.gocushy.com/oauth/token,https://mcp.gocushy.com/oauth/register,https://mcp.gocushy.com,https://mcp.gocushy.com/.well-known/oauth-protected-resource,mcp,False,registry_serp_curated
goji.agency,mcp.goji.agency,https://mcp.goji.agency/mcp,goji,0.1.0,2025-06-18,open,none,open,200,False,,,,,,,False,registry_serp_curated
gojinko.com,mcp.gojinko.com,https://mcp.gojinko.com/mcp,jinko-unified,1.0.0,2025-06-18,open,none,open,200,False,,,,,,,False,registry_serp_curated
grapecity.com.cn,mcp.grapecity.com.cn,https://mcp.grapecity.com.cn/mcp/gcexcel,,,,mcp_error,,mcp_error,200,False,,,,,,,False,registry_serp_curated
grapecity.com.cn,mcp.grapecity.com.cn,https://mcp.grapecity.com.cn/mcp/spreadjs,,,,mcp_error,,mcp_error,200,False,,,,,,,False,registry_serp_curated
greengooding.com,mcp.greengooding.com,https://mcp.greengooding.com/mcp,greengooding,0.1.0,2025-06-18,open,none,open,200,False,,,,,,,False,registry_serp_curated
gtmtools.dev,mcp.gtmtools.dev,https://mcp.gtmtools.dev/mcp,dev.gtmtools/gtm-tools,0.1.0,2025-06-18,open,none,open,200,False,,,,,,,False,registry_serp_curated
sonatype.com,mcp.guide.sonatype.com,https://mcp.guide.sonatype.com/mcp,mcp-server,1.0.0,2025-06-18,open,none,open,200,False,,,,,,,False,registry_serp_curated
healthgrades.com,mcp.healthgrades.com,https://mcp.healthgrades.com/mcp,provider-search-mcp,1.0.0,2025-06-18,open,none,open,200,False,,,,,,,False,majestic_mcp_sub
hellobasestation.com,mcp.hellobasestation.com,https://mcp.hellobasestation.com/mcp,pdfkit-mcp,1.0.7,2025-06-18,open,none,open,200,False,,,,,,,False,registry_serp_curated
hergertsynthora.com,mcp.hergertsynthora.com,https://mcp.hergertsynthora.com/,synthora-x402,1.0.0,2024-11-05,open,none,open,200,False,,,,,,,False,registry_serp_curated
heyspark.co,mcp.heyspark.co,https://mcp.heyspark.co/mcp,heyspark-mcp-server,1.0.0,2025-06-18,open,none,open,200,False,,,,,,,False,registry_serp_curated
hireahelper.com,mcp.hireahelper.com,https://mcp.hireahelper.com/,MovingPlace Moving Services,1.1.1,2025-11-25,open,none,open,200,False,,,,,,,False,majestic_mcp_sub
holdingsintel.com,mcp.holdingsintel.com,https://mcp.holdingsintel.com/api/mcp,holdingsintel,1.0.0,2025-06-18,open,none,open,200,False,,,,,,,False,registry_serp_curated
humanified.dk,mcp.humanified.dk,https://mcp.humanified.dk/mcp,consistency-gate,3.4.5,2025-06-18,open,none,open,200,False,,,,,,,False,registry_serp_curated
icecat.biz,mcp.icecat.biz,https://mcp.icecat.biz/sse,Icecat Product Content,1.0.2,2025-06-18,open,none,open,200,False,,,,,,,False,registry_serp_curated
imagcon.app,mcp.imagcon.app,https://mcp.imagcon.app/,,,,auth_required,bearer,bearer,401,False,,,,,,,False,registry_serp_curated
infobip.com,mcp.infobip.com,https://mcp.infobip.com/2fa,,,,auth_required,oauth,oauth,401,True,https://auth.infobip.com/realms/infobip/protocol/openid-connect/auth,https://auth.infobip.com/realms/infobip/protocol/openid-connect/token,https://auth.infobip.com/realms/infobip/clients-registrations/openid-connect,https://auth.infobip.com/realms/infobip,https://mcp.infobip.com/2fa/.well-known/oauth-protected-resource,"profile,offline_access,2fa:pin:manage,2fa:manage",False,registry_serp_curated
infobip.com,mcp.infobip.com,https://mcp.infobip.com/2fa/sse,,,,auth_required,oauth,oauth,401,True,https://auth.infobip.com/realms/infobip/protocol/openid-connect/auth,https://auth.infobip.com/realms/infobip/protocol/openid-connect/token,https://auth.infobip.com/realms/infobip/clients-registrations/openid-connect,https://auth.infobip.com/realms/infobip,https://mcp.infobip.com/.well-known/oauth-protected-resource/2fa/sse,"2fa:manage,profile,offline_access,2fa:pin:manage",False,registry_serp_curated
infobip.com,mcp.infobip.com,https://mcp.infobip.com/account-management,,,,auth_required,oauth,oauth,401,True,https://auth.infobip.com/realms/infobip/protocol/openid-connect/auth,https://auth.infobip.com/realms/infobip/protocol/openid-connect/token,https://auth.infobip.com/realms/infobip/clients-registrations/openid-connect,https://auth.infobip.com/realms/infobip,https://mcp.infobip.com/account-management/.well-known/oauth-protected-resource,"profile,offline_access,account-management:manage",False,registry_serp_curated
infobip.com,mcp.infobip.com,https://mcp.infobip.com/account-management/sse,,,,auth_required,oauth,oauth,401,True,https://auth.infobip.com/realms/infobip/protocol/openid-connect/auth,https://auth.infobip.com/realms/infobip/protocol/openid-connect/token,https://auth.infobip.com/realms/infobip/clients-registrations/openid-connect,https://auth.infobip.com/realms/infobip,https://mcp.infobip.com/.well-known/oauth-protected-resource/account-management/sse,"profile,offline_access,account-management:manage",False,registry_serp_curated
infobip.com,mcp.infobip.com,https://mcp.infobip.com/application-entity,,,,auth_required,oauth,oauth,401,True,https://auth.infobip.com/realms/infobip/protocol/openid-connect/auth,https://auth.infobip.com/realms/infobip/protocol/openid-connect/token,https://auth.infobip.com/realms/infobip/clients-registrations/openid-connect,https://auth.infobip.com/realms/infobip,https://mcp.infobip.com/application-entity/.well-known/oauth-protected-resource,"profile,offline_access,application-entity:manage",False,registry_serp_curated
infobip.com,mcp.infobip.com,https://mcp.infobip.com/application-entity/sse,,,,auth_required,oauth,oauth,401,True,https://auth.infobip.com/realms/infobip/protocol/openid-connect/auth,https://auth.infobip.com/realms/infobip/protocol/openid-connect/token,https://auth.infobip.com/realms/infobip/clients-registrations/openid-connect,https://auth.infobip.com/realms/infobip,https://mcp.infobip.com/.well-known/oauth-protected-resource/application-entity/sse,"profile,offline_access,application-entity:manage",False,registry_serp_curated
infobip.com,mcp.infobip.com,https://mcp.infobip.com/people,,,,auth_required,oauth,oauth,401,True,https://auth.infobip.com/realms/infobip/protocol/openid-connect/auth,https://auth.infobip.com/realms/infobip/protocol/openid-connect/token,https://auth.infobip.com/realms/infobip/clients-registrations/openid-connect,https://auth.infobip.com/realms/infobip,https://mcp.infobip.com/people/.well-known/oauth-protected-resource,"people:manage,profile,offline_access",False,registry_serp_curated
infobip.com,mcp.infobip.com,https://mcp.infobip.com/people/sse,,,,auth_required,oauth,oauth,401,True,https://auth.infobip.com/realms/infobip/protocol/openid-connect/auth,https://auth.infobip.com/realms/infobip/protocol/openid-connect/token,https://auth.infobip.com/realms/infobip/clients-registrations/openid-connect,https://auth.infobip.com/realms/infobip,https://mcp.infobip.com/.well-known/oauth-protected-resource/people/sse,"offline_access,profile,people:manage",False,registry_serp_curated
infobip.com,mcp.infobip.com,https://mcp.infobip.com/rcs,,,,auth_required,oauth,oauth,401,True,https://auth.infobip.com/realms/infobip/protocol/openid-connect/auth,https://auth.infobip.com/realms/infobip/protocol/openid-connect/token,https://auth.infobip.com/realms/infobip/clients-registrations/openid-connect,https://auth.infobip.com/realms/infobip,https://mcp.infobip.com/rcs/.well-known/oauth-protected-resource,"profile,offline_access,rcs:manage",False,registry_serp_curated
infobip.com,mcp.infobip.com,https://mcp.infobip.com/rcs/sse,,,,auth_required,oauth,oauth,401,True,https://auth.infobip.com/realms/infobip/protocol/openid-connect/auth,https://auth.infobip.com/realms/infobip/protocol/openid-connect/token,https://auth.infobip.com/realms/infobip/clients-registrations/openid-connect,https://auth.infobip.com/realms/infobip,https://mcp.infobip.com/.well-known/oauth-protected-resource/rcs/sse,"profile,offline_access,rcs:manage",False,registry_serp_curated
infobip.com,mcp.infobip.com,https://mcp.infobip.com/search,Infobip Search MCP server,1.8.1,2025-06-18,open,none,open,200,False,,,,,,,False,registry_serp_curated
infobip.com,mcp.infobip.com,https://mcp.infobip.com/sms,,,,auth_required,oauth,oauth,401,True,https://auth.infobip.com/realms/infobip/protocol/openid-connect/auth,https://auth.infobip.com/realms/infobip/protocol/openid-connect/token,https://auth.infobip.com/realms/infobip/clients-registrations/openid-connect,https://auth.infobip.com/realms/infobip,https://mcp.infobip.com/sms/.well-known/oauth-protected-resource,"offline_access,profile,sms:manage",False,registry_serp_curated
infobip.com,mcp.infobip.com,https://mcp.infobip.com/sms/sse,,,,auth_required,oauth,oauth,401,True,https://auth.infobip.com/realms/infobip/protocol/openid-connect/auth,https://auth.infobip.com/realms/infobip/protocol/openid-connect/token,https://auth.infobip.com/realms/infobip/clients-registrations/openid-connect,https://auth.infobip.com/realms/infobip,https://mcp.infobip.com/.well-known/oauth-protected-resource/sms/sse,"offline_access,profile,sms:manage",False,registry_serp_curated
infobip.com,mcp.infobip.com,https://mcp.infobip.com/viber,,,,auth_required,oauth,oauth,401,True,https://auth.infobip.com/realms/infobip/protocol/openid-connect/auth,https://auth.infobip.com/realms/infobip/protocol/openid-connect/token,https://auth.infobip.com/realms/infobip/clients-registrations/openid-connect,https://auth.infobip.com/realms/infobip,https://mcp.infobip.com/viber/.well-known/oauth-protected-resource,"profile,viber-bm:manage,offline_access",False,registry_serp_curated
infobip.com,mcp.infobip.com,https://mcp.infobip.com/viber/sse,,,,auth_required,oauth,oauth,401,True,https://auth.infobip.com/realms/infobip/protocol/openid-connect/auth,https://auth.infobip.com/realms/infobip/protocol/openid-connect/token,https://auth.infobip.com/realms/infobip/clients-registrations/openid-connect,https://auth.infobip.com/realms/infobip,https://mcp.infobip.com/.well-known/oauth-protected-resource/viber/sse,"viber-bm:manage,offline_access,profile",False,registry_serp_curated
infobip.com,mcp.infobip.com,https://mcp.infobip.com/whatsapp,,,,auth_required,oauth,oauth,401,True,https://auth.infobip.com/realms/infobip/protocol/openid-connect/auth,https://auth.infobip.com/realms/infobip/protocol/openid-connect/token,https://auth.infobip.com/realms/infobip/clients-registrations/openid-connect,https://auth.infobip.com/realms/infobip,https://mcp.infobip.com/whatsapp/.well-known/oauth-protected-resource,"whatsapp:manage,offline_access,profile",False,registry_serp_curated
infobip.com,mcp.infobip.com,https://mcp.infobip.com/whatsapp/sse,,,,auth_required,oauth,oauth,401,True,https://auth.infobip.com/realms/infobip/protocol/openid-connect/auth,https://auth.infobip.com/realms/infobip/protocol/openid-connect/token,https://auth.infobip.com/realms/infobip/clients-registrations/openid-connect,https://auth.infobip.com/realms/infobip,https://mcp.infobip.com/.well-known/oauth-protected-resource/whatsapp/sse,"whatsapp:manage,offline_access,profile",False,registry_serp_curated
interzoid.com,mcp.interzoid.com,https://mcp.interzoid.com/mcp,Interzoid Data Quality APIs,1.1.0,2025-06-18,open,none,open,200,False,,,,,,,False,registry_serp_curated
ironscout.ai,mcp.ironscout.ai,https://mcp.ironscout.ai/mcp,ironscout,1.0.0,2025-06-18,open,none,open,200,False,,,,,,,False,registry_serp_curated
izhost.com,mcp.izhost.com,https://mcp.izhost.com/,izhost-mcp,1.0.0,2025-06-18,open,none,open,200,False,,,,,,,False,registry_serp_curated
jeda.ai,mcp.jeda.ai,https://mcp.jeda.ai/mcp,jeda-ai,1.100.191,2025-06-18,open,none,open,200,False,,,,,,,False,registry_serp_curated
jeeva-jyotish.com,mcp.jeeva-jyotish.com,https://mcp.jeeva-jyotish.com/mcp,jeeva-jyotish,0.1.0,2025-06-18,open,none,open,200,False,,,,,,,False,registry_serp_curated
jenniferrebholz.com,mcp.jenniferrebholz.com,https://mcp.jenniferrebholz.com/mcp,jennifer-rebholz,2.0.0,2025-06-18,open,none,open,200,False,,,,,,,False,registry_serp_curated
jobyap.com,mcp.jobyap.com,https://mcp.jobyap.com/mcp,jobyap,1.0.0,2025-06-18,open,none,open,200,False,,,,,,,False,registry_serp_curated
justdomain.ai,mcp.justdomain.ai,https://mcp.justdomain.ai/,just-domain-mcp,0.3.5,2025-06-18,open,none,open,200,False,,,,,,,False,registry_serp_curated
justpublish.ai,mcp.justpublish.ai,https://mcp.justpublish.ai/,Just Publish,0.1.5,2025-06-18,open,none,open,200,False,,,,,,,False,registry_serp_curated
kamy.dev,mcp.kamy.dev,https://mcp.kamy.dev/mcp,kamy,1.2.0,2025-06-18,open,none,open,200,False,,,,,,,False,registry_serp_curated
kapruka.com,mcp.kapruka.com,https://mcp.kapruka.com/mcp,kapruka_mcp,1.27.0,2025-06-18,open,none,open,200,False,,,,,,,False,registry_serp_curated
kdandoc.com,mcp.kdandoc.com,https://mcp.kdandoc.com/mcp,pdf-mcp-server,3.2.4,2025-06-18,open,none,open,200,False,,,,,,,False,registry_serp_curated
kenwea.com,mcp.kenwea.com,https://mcp.kenwea.com/mcp/v1,kenwea-public-mcp,1.0.0,2025-11-25,open,none,open,200,False,,,,,,,False,registry_serp_curated
keyhalve.com,mcp.keyhalve.com,https://mcp.keyhalve.com/mcp,keyhalve-verify,1.0.0,2025-06-18,open,none,open,200,False,,,,,,,False,registry_serp_curated
kgninja.dev,mcp.kgninja.dev,https://mcp.kgninja.dev/mcp,hyperxosist-mcp-server,2.5.0,2025-06-18,open,none,open,200,False,,,,,,,False,registry_serp_curated
kitsdeals.com,mcp.kitsdeals.com,https://mcp.kitsdeals.com/,kitsdeals,1.0.0,2025-06-18,open,none,open,200,False,,,,,,,False,registry_serp_curated
la-palma24.net,mcp.la-palma24.net,https://mcp.la-palma24.net/,lapalma24-propiedades,1.0.0,2024-11-05,open,none,open,200,False,,,,,,,False,registry_serp_curated
lakpura.com,mcp.lakpura.com,https://mcp.lakpura.com/,com.lakpura/mcp,1.0.1,2025-06-18,open,none,open,200,False,,,,,,,False,registry_serp_curated
landed.jobs,mcp.landed.jobs,https://mcp.landed.jobs/mcp,landed-jobs,0.1.1,2025-06-18,open,none,open,200,False,,,,,,,False,registry_serp_curated
launchtrust.co,mcp.launchtrust.co,https://mcp.launchtrust.co/mcp,launchtrust,0.1.0,2025-06-18,open,none,open,200,False,,,,,,,False,registry_serp_curated
law.ai,mcp.law.ai,https://mcp.law.ai/,law-ai,0.2.0,2025-06-18,open,none,open,200,False,,,,,,,False,registry_serp_curated
layupsport.com,mcp.layupsport.com,https://mcp.layupsport.com/,layup-sports-booking,0.1.0,2025-06-18,open,none,open,200,False,,,,,,,False,registry_serp_curated
licensy.ai,mcp.licensy.ai,https://mcp.licensy.ai/mcp,,,,auth_required,oauth,oauth,401,True,https://honest-node-77.authkit.app/oauth2/authorize,https://honest-node-77.authkit.app/oauth2/token,https://honest-node-77.authkit.app/oauth2/register,https://honest-node-77.authkit.app,https://mcp.licensy.ai/.well-known/oauth-protected-resource,"licensy.read.basic,licensy.read.bulk,licensy.read.disciplinary,licensy.read.full,licensy.read.history,licensy.read.screenshot,licensy.write.subscriptions",False,registry_serp_curated
localpro.dev,mcp.localpro.dev,https://mcp.localpro.dev/api/mcp,LocalPro,2.1.0,2025-06-18,open,none,open,200,False,,,,,,,False,registry_serp_curated
ludo.ai,mcp.ludo.ai,https://mcp.ludo.ai/mcp,ludoai,0.9.2,2025-06-18,open,none,open,200,False,,,,,,,False,registry_serp_curated
machfive.io,mcp.machfive.io,https://mcp.machfive.io/mcp,machfive,2.14.7,2025-06-18,open,none,open,200,False,,,,,,,False,registry_serp_curated
machfive.io,mcp.machfive.io,https://mcp.machfive.io/mcp/{api_key},machfive,2.14.7,2025-06-18,open,none,open,200,False,,,,,,,False,registry_serp_curated
mansamarkets.com,mcp.mansamarkets.com,https://mcp.mansamarkets.com/mcp,mansa-african-markets-mcp,1.1.0,2025-06-18,open,none,open,200,False,,,,,,,False,registry_serp_curated
marriott.com,mcp.marriott.com,https://mcp.marriott.com/mcp,marriott-hotel-search,2.0.0,2025-06-18,open,none,open,200,False,,,,,,,False,majestic_mcp_sub
mathieuberthet.com,mcp.mathieuberthet.com,https://mcp.mathieuberthet.com/,mb-mastering,1.2.1,2025-06-18,open,none,open,200,False,,,,,,,False,registry_serp_curated
mcp-revenue-empire.com,mcp.mcp-revenue-empire.com,https://mcp.mcp-revenue-empire.com/mcp,mcp-rs-phase1-mcp,0.1.0,2025-03-26,open,none,open,200,False,,,,,,,False,registry_serp_curated
medrates.fyi,mcp.medrates.fyi,https://mcp.medrates.fyi/mcp,medrates.fyi,1.28.1,2025-06-18,open,none,open,200,False,,,,,,,False,registry_serp_curated
mellowmountainradio.com,mcp.mellowmountainradio.com,https://mcp.mellowmountainradio.com/mcp,mellowmountainradio,1.0.0,2025-06-18,open,none,open,200,False,,,,,,,False,registry_serp_curated
melvea.com,mcp.melvea.com,https://mcp.melvea.com/mcp,melvea-local-discovery,0.1.0,2024-11-05,open,none,open,200,False,,,,,,,False,registry_serp_curated
memestack.ai,mcp.memestack.ai,https://mcp.memestack.ai/mcp,memestack,1.3.0,2025-06-18,open,none,open,200,False,,,,,,,False,registry_serp_curated
memsprout.com,mcp.memsprout.com,https://mcp.memsprout.com/mcp,,,,auth_required,oauth,oauth,401,True,https://mcp.memsprout.com/mcp/oauth/authorize,https://mcp.memsprout.com/mcp/oauth/token,https://mcp.memsprout.com/mcp/oauth/register,https://mcp.memsprout.com/mcp,https://mcp.memsprout.com/mcp/.well-known/oauth-protected-resource,mcp:tools,False,registry_serp_curated
merchantwords.com,mcp.merchantwords.com,https://mcp.merchantwords.com/mcp,merchantwords,1.0.0,2024-11-05,open,none,open,200,False,,,,,,,False,registry_serp_curated
mermaidchart.com,mcp.mermaidchart.com,https://mcp.mermaidchart.com/,Mermaid Server,1.0.0,2025-06-18,open,none,open,200,False,,,,,,,False,registry_serp_curated
mermaidchart.com,mcp.mermaidchart.com,https://mcp.mermaidchart.com/mcp,Mermaid Server,1.0.0,2025-06-18,open,none,open,200,False,,,,,,,False,registry_serp_curated
midax402.com,mcp.midax402.com,https://mcp.midax402.com/mcp,midax402-mcp,1.1.0,2025-06-18,open,none,open,200,False,,,,,,,False,registry_serp_curated
mixer4ai.com,mcp.mixer4ai.com,https://mcp.mixer4ai.com/,Mixer4Ai.Mcp,1.0.0.0,2025-06-18,open,oauth,open,200,False,https://login.microsoftonline.com/3283ffbc-6a9c-474a-8b2b-8fec24600f63/oauth2/v2.0/authorize,https://login.microsoftonline.com/3283ffbc-6a9c-474a-8b2b-8fec24600f63/oauth2/v2.0/token,,https://login.microsoftonline.com/3283ffbc-6a9c-474a-8b2b-8fec24600f63/v2.0,https://mcp.mixer4ai.com/.well-known/oauth-protected-resource,"openid,profile,email,offline_access",False,registry_serp_curated
mographr.com,mcp.mographr.com,https://mcp.mographr.com/mcp,mographr-tools,1.0.0,2025-06-18,open,none,open,200,False,,,,,,,False,registry_serp_curated
monopol-magazin.de,mcp.monopol-magazin.de,https://mcp.monopol-magazin.de/mcp,monopol-search,1.0.0,2025-06-18,open,none,open,200,False,,,,,,,False,majestic_mcp_sub
mouseflow.com,mcp.mouseflow.com,https://mcp.mouseflow.com/mcp,,,,auth_required,oauth,oauth,401,False,https://mcp.mouseflow.com/authorize,https://mcp.mouseflow.com/token,,https://mcp.mouseflow.com,https://mcp.mouseflow.com/.well-known/oauth-protected-resource,mcp,False,majestic_mcp_sub
nansen.ai,mcp.nansen.ai,https://mcp.nansen.ai/mcp,nansen-mcp,3.2.4,2025-06-18,open,none,open,200,False,,,,,,,False,majestic_mcp_sub
nausika.app,mcp.nausika.app,https://mcp.nausika.app/,nausika-mcp-server,1.0.0,2025-06-18,open,oauth,open,200,True,https://mcp.nausika.app/api/auth/mcp/authorize,https://mcp.nausika.app/api/auth/mcp/token,https://mcp.nausika.app/api/auth/mcp/register,https://mcp.nausika.app,https://mcp.nausika.app/.well-known/oauth-protected-resource,"openid,profile,email,offline_access",False,registry_serp_curated
nausika.app,mcp.nausika.app,https://mcp.nausika.app/mcp,nausika-mcp-server,1.0.0,2025-06-18,open,oauth,open,200,True,https://mcp.nausika.app/api/auth/mcp/authorize,https://mcp.nausika.app/api/auth/mcp/token,https://mcp.nausika.app/api/auth/mcp/register,https://mcp.nausika.app,https://mcp.nausika.app/.well-known/oauth-protected-resource,"openid,profile,email,offline_access",False,registry_serp_curated
nefesh.ai,mcp.nefesh.ai,https://mcp.nefesh.ai/mcp,nefesh,1.26.0,2025-06-18,open,none,open,200,False,,,,,,,False,registry_serp_curated
netgrant.ca,mcp.netgrant.ca,https://mcp.netgrant.ca/mcp,netgrant,1.0.0,2025-03-26,open,none,open,200,False,,,,,,,False,registry_serp_curated
nexbid.dev,mcp.nexbid.dev,https://mcp.nexbid.dev/api/mcp,nexbid,1.0.0,2025-06-18,open,none,open,200,False,,,,,,,False,registry_serp_curated
nordax.ai,mcp.nordax.ai,https://mcp.nordax.ai/sse,,,,mcp_error,,mcp_error,405,False,,,,,,,False,registry_serp_curated
normhyra.ai,mcp.normhyra.ai,https://mcp.normhyra.ai/,normhyra-ai-mcp,0.1.0,2025-06-18,open,none,open,200,False,,,,,,,False,registry_serp_curated
nudg3.ai,mcp.nudg3.ai,https://mcp.nudg3.ai/mcp,,,,auth_required,bearer,bearer,401,False,,,,,,,False,registry_serp_curated
nullary.ai,mcp.nullary.ai,https://mcp.nullary.ai/mcp,Nullary,1.0.1,2025-06-18,open,none,open,200,False,,,,,,,False,registry_serp_curated
nursinghomedatabase.com,mcp.nursinghomedatabase.com,https://mcp.nursinghomedatabase.com/mcp,nhd-mcp,1.0.0,2025-03-26,open,none,open,200,False,,,,,,,False,registry_serp_curated
objectify.cloud,mcp.objectify.cloud,https://mcp.objectify.cloud/server,objectify,1.0.0,2025-06-18,open,none,open,200,False,,,,,,,False,registry_serp_curated
octotrip.app,mcp.octotrip.app,https://mcp.octotrip.app/flights/mcp,OctoTrip Flights,1.28.0,2025-06-18,open,none,open,200,False,,,,,,,False,registry_serp_curated
octotrip.app,mcp.octotrip.app,https://mcp.octotrip.app/rental-cars/mcp,OctoTrip Rental Cars,1.28.0,2025-06-18,open,none,open,200,False,,,,,,,False,registry_serp_curated
offerhopper.ai,mcp.offerhopper.ai,https://mcp.offerhopper.ai/mcp,ShoppingOptimizer,1.0.2,2025-06-18,open,none,open,200,False,,,,,,,False,registry_serp_curated
ohmywind.fr,mcp.ohmywind.fr,https://mcp.ohmywind.fr/mcp,ohmywind,1.27.2,2025-06-18,open,none,open,200,False,,,,,,,False,registry_serp_curated
olyport.com,mcp.olyport.com,https://mcp.olyport.com/bea/mcp,bea,1.27.0,2025-06-18,open,none,open,200,False,,,,,,,False,registry_serp_curated
olyport.com,mcp.olyport.com,https://mcp.olyport.com/bls/mcp,bls-employment,1.26.0,2025-06-18,open,none,open,200,False,,,,,,,False,registry_serp_curated
olyport.com,mcp.olyport.com,https://mcp.olyport.com/cdc-mmwr/mcp,cdc-mmwr,1.26.0,2025-06-18,open,none,open,200,False,,,,,,,False,registry_serp_curated
olyport.com,mcp.olyport.com,https://mcp.olyport.com/cdc-places/mcp,cdc-places,1.27.0,2025-06-18,open,none,open,200,False,,,,,,,False,registry_serp_curated
olyport.com,mcp.olyport.com,https://mcp.olyport.com/cdc-svi/mcp,cdc-svi,1.26.0,2025-06-18,open,none,open,200,False,,,,,,,False,registry_serp_curated
olyport.com,mcp.olyport.com,https://mcp.olyport.com/cdc-wonder/mcp,cdc-wonder,1.26.0,2025-06-18,open,none,open,200,False,,,,,,,False,registry_serp_curated
olyport.com,mcp.olyport.com,https://mcp.olyport.com/census-cbp/mcp,census-cbp,1.27.0,2025-06-18,open,none,open,200,False,,,,,,,False,registry_serp_curated
olyport.com,mcp.olyport.com,https://mcp.olyport.com/census/mcp,census-acs,1.26.0,2025-06-18,open,none,open,200,False,,,,,,,False,registry_serp_curated
olyport.com,mcp.olyport.com,https://mcp.olyport.com/cms-medicare/mcp,cms-medicare,1.26.0,2025-06-18,open,none,open,200,False,,,,,,,False,registry_serp_curated
olyport.com,mcp.olyport.com,https://mcp.olyport.com/cochrane/mcp,cochrane,1.26.0,2025-06-18,open,none,open,200,False,,,,,,,False,registry_serp_curated
olyport.com,mcp.olyport.com,https://mcp.olyport.com/college-scorecard/mcp,college-scorecard,1.26.0,2025-06-18,open,none,open,200,False,,,,,,,False,registry_serp_curated
olyport.com,mcp.olyport.com,https://mcp.olyport.com/drought/mcp,drought-monitor,1.26.0,2025-06-18,open,none,open,200,False,,,,,,,False,registry_serp_curated
olyport.com,mcp.olyport.com,https://mcp.olyport.com/earthquake/mcp,usgs-earthquake,1.26.0,2025-06-18,open,none,open,200,False,,,,,,,False,registry_serp_curated
olyport.com,mcp.olyport.com,https://mcp.olyport.com/eia/mcp,doe-eia,1.26.0,2025-06-18,open,none,open,200,False,,,,,,,False,registry_serp_curated
olyport.com,mcp.olyport.com,https://mcp.olyport.com/ejscreen/mcp,epa-ejscreen,1.26.0,2025-06-18,open,none,open,200,False,,,,,,,False,registry_serp_curated
olyport.com,mcp.olyport.com,https://mcp.olyport.com/epa/mcp,epa-airquality,1.26.0,2025-06-18,open,none,open,200,False,,,,,,,False,registry_serp_curated
olyport.com,mcp.olyport.com,https://mcp.olyport.com/fbi-crime/mcp,fbi-crime,1.26.0,2025-06-18,open,none,open,200,False,,,,,,,False,registry_serp_curated
olyport.com,mcp.olyport.com,https://mcp.olyport.com/fbi-nibrs/mcp,fbi-nibrs,1.27.0,2025-06-18,open,none,open,200,False,,,,,,,False,registry_serp_curated
olyport.com,mcp.olyport.com,https://mcp.olyport.com/fcc-broadband/mcp,fcc-broadband,1.27.0,2025-06-18,open,none,open,200,False,,,,,,,False,registry_serp_curated
olyport.com,mcp.olyport.com,https://mcp.olyport.com/fdic-bankfind/mcp,fdic-bankfind,1.27.0,2025-06-18,open,none,open,200,False,,,,,,,False,registry_serp_curated
olyport.com,mcp.olyport.com,https://mcp.olyport.com/fema/mcp,fema-disasters,1.26.0,2025-06-18,open,none,open,200,False,,,,,,,False,registry_serp_curated
olyport.com,mcp.olyport.com,https://mcp.olyport.com/fred/mcp,fred,1.27.0,2025-06-18,open,none,open,200,False,,,,,,,False,registry_serp_curated
olyport.com,mcp.olyport.com,https://mcp.olyport.com/hmda/mcp,hmda,1.26.0,2025-06-18,open,none,open,200,False,,,,,,,False,registry_serp_curated
olyport.com,mcp.olyport.com,https://mcp.olyport.com/hud-housing/mcp,hud-housing,1.26.0,2025-06-18,open,none,open,200,False,,,,,,,False,registry_serp_curated
olyport.com,mcp.olyport.com,https://mcp.olyport.com/irs-990/mcp,irs-990,1.27.0,2025-06-18,open,none,open,200,False,,,,,,,False,registry_serp_curated
olyport.com,mcp.olyport.com,https://mcp.olyport.com/nces-education/mcp,nces-education,1.26.0,2025-06-18,open,none,open,200,False,,,,,,,False,registry_serp_curated
olyport.com,mcp.olyport.com,https://mcp.olyport.com/nhtsa/mcp,nhtsa,1.26.0,2025-06-18,open,none,open,200,False,,,,,,,False,registry_serp_curated
olyport.com,mcp.olyport.com,https://mcp.olyport.com/noaa-climate/mcp,noaa-climate,1.26.0,2025-06-18,open,none,open,200,False,,,,,,,False,registry_serp_curated
olyport.com,mcp.olyport.com,https://mcp.olyport.com/nws-alerts/mcp,nws-alerts,1.26.0,2025-06-18,open,none,open,200,False,,,,,,,False,registry_serp_curated
olyport.com,mcp.olyport.com,https://mcp.olyport.com/onet/mcp,onet,1.26.0,2025-06-18,open,none,open,200,False,,,,,,,False,registry_serp_curated
olyport.com,mcp.olyport.com,https://mcp.olyport.com/pubmed/mcp,pubmed,1.27.0,2025-06-18,open,none,open,200,False,,,,,,,False,registry_serp_curated
olyport.com,mcp.olyport.com,https://mcp.olyport.com/usda-food/mcp,usda-food,1.26.0,2025-06-18,open,none,open,200,False,,,,,,,False,registry_serp_curated
olyport.com,mcp.olyport.com,https://mcp.olyport.com/va-healthcare/mcp,va-healthcare,1.26.0,2025-06-18,open,none,open,200,False,,,,,,,False,registry_serp_curated
olyport.com,mcp.olyport.com,https://mcp.olyport.com/water/mcp,usgs-water,1.26.0,2025-06-18,open,none,open,200,False,,,,,,,False,registry_serp_curated
olyport.com,mcp.olyport.com,https://mcp.olyport.com/wildfire/mcp,nifc-wildfire,1.26.0,2025-06-18,open,none,open,200,False,,,,,,,False,registry_serp_curated
onchaindiligence.com,mcp.onchaindiligence.com,https://mcp.onchaindiligence.com/mcp,mcp-typescript server on vercel,0.1.0,2025-06-18,open,none,open,200,False,,,,,,,False,registry_serp_curated
oneheartesim.com,mcp.oneheartesim.com,https://mcp.oneheartesim.com/,OneHeart-eSIM.Mcp,1.0.0.0,2025-06-18,open,none,open,200,False,,,,,,,False,registry_serp_curated
opedd.com,mcp.opedd.com,https://mcp.opedd.com/mcp,opedd,0.6.9,2025-06-18,open,none,open,200,False,,,,,,,False,registry_serp_curated
openaso.ai,mcp.openaso.ai,https://mcp.openaso.ai/mcp,,,,auth_required,bearer,bearer,401,False,,,,,,,False,
opencaselaw.ch,mcp.opencaselaw.ch,https://mcp.opencaselaw.ch/mcp,swiss-caselaw,1.27.0,2025-06-18,open,none,open,200,False,,,,,,,False,registry_serp_curated
opencaselaw.ch,mcp.opencaselaw.ch,https://mcp.opencaselaw.ch/sse,swiss-caselaw,1.27.0,2025-06-18,open,none,open,200,False,,,,,,,False,registry_serp_curated
opendealer.app,mcp.opendealer.app,https://mcp.opendealer.app/rpc,OpenDealer MCP Server,2.2.2,2025-06-18,open,none,open,200,False,,,,,,,False,registry_serp_curated
openmandate.ai,mcp.openmandate.ai,https://mcp.openmandate.ai/mcp,openmandate,0.6.0,2025-03-26,open,none,open,200,False,,,,,,,False,registry_serp_curated
ophis.fi,mcp.ophis.fi,https://mcp.ophis.fi/mcp,ophis,0.1.0,2025-06-18,open,none,open,200,False,,,,,,,False,registry_serp_curated
origami-entreprises.fr,mcp.origami-entreprises.fr,https://mcp.origami-entreprises.fr/sse,,,,auth_required,oauth,oauth,401,True,https://origami-entreprises.fr/mcp/oauth/authorize,https://origami-entreprises.fr/mcp/oauth/token,https://origami-entreprises.fr/mcp/oauth/register,https://origami-entreprises.fr,https://mcp.origami-entreprises.fr/.well-known/oauth-protected-resource,mcp,False,registry_serp_curated
origineparis.com,mcp.origineparis.com,https://mcp.origineparis.com/mcp,origineparis,0.3.0,2025-06-18,open,none,open,200,False,,,,,,,False,registry_serp_curated
paddle.com,mcp.paddle.com,https://mcp.paddle.com/mcp,,,,auth_required,oauth,oauth,401,True,https://id.paddle.com/oauth2/authorize,https://id.paddle.com/oauth2/token,https://id.paddle.com/oauth2/register,https://id.paddle.com,https://mcp.paddle.com/.well-known/oauth-protected-resource,"email,offline_access,openid,profile",False,registry_serp_curated
pangolinfo.com,mcp.pangolinfo.com,https://mcp.pangolinfo.com/mcp?api_key={api_key},pangolinfo-mcp,0.7.8,2025-06-18,open,none,open,200,False,,,,,,,False,registry_serp_curated
parisjetaime.com,mcp.parisjetaime.com,https://mcp.parisjetaime.com/mcp,paris_events_mcp,1.28.1,2025-06-18,open,none,open,200,False,,,,,,,False,majestic_mcp_sub
parse.gl,mcp.parse.gl,https://mcp.parse.gl/mcp,parse,1.0.0,2025-06-18,open,none,open,200,False,,,,,,,False,registry_serp_curated
partstable.com,mcp.partstable.com,https://mcp.partstable.com/mcp,PartsTable,0.1.0,2025-06-18,open,none,open,200,False,,,,,,,False,registry_serp_curated
peek.com,mcp.peek.com,https://mcp.peek.com/,Experiences MCP,1.0.0,2025-03-26,open,none,open,200,False,,,,,,,False,registry_serp_curated
pentonym.com,mcp.pentonym.com,https://mcp.pentonym.com/mcp,Pentonym,1.0.0,2025-06-18,open,none,open,200,False,,,,,,,False,registry_serp_curated
pepita.dev,mcp.pepita.dev,https://mcp.pepita.dev/mcp,,,,auth_required,oauth,oauth,403,True,https://mcp.pepita.dev/authorize,https://mcp.pepita.dev/token,https://mcp.pepita.dev/register,https://mcp.pepita.dev,https://mcp.pepita.dev/.well-known/oauth-protected-resource/mcp,"sites:read,sites:write",False,registry_serp_curated
persimmonhq.com,mcp.persimmonhq.com,https://mcp.persimmonhq.com/hospitality/mcp,hospitality,0.2.1,2025-06-18,open,none,open,200,False,,,,,,,False,registry_serp_curated
persimmonhq.com,mcp.persimmonhq.com,https://mcp.persimmonhq.com/mcp,persimmon,0.1.1,2025-06-18,open,none,open,200,False,,,,,,,False,registry_serp_curated
phishunt.io,mcp.phishunt.io,https://mcp.phishunt.io/mcp,phishunt-mcp,0.1.0,2025-06-18,open,none,open,200,False,,,,,,,False,registry_serp_curated
playfrog.games,mcp.playfrog.games,https://mcp.playfrog.games/mcp,playfrog,0.1.0,2025-06-18,open,none,open,200,False,,,,,,,False,registry_serp_curated
politikdata.dk,mcp.politikdata.dk,https://mcp.politikdata.dk/mcp,Politikdata.dk MCP,0.1.0,2025-06-18,open,none,open,200,False,,,,,,,False,registry_serp_curated
pops4.com,mcp.pops4.com,https://mcp.pops4.com/sse,pops4-catalog,2.0.0,2025-03-26,open,none,open,200,False,,,,,,,False,registry_serp_curated
powerstationplatform.com,mcp.powerstationplatform.com,https://mcp.powerstationplatform.com/mcp,,,,auth_required,oauth,oauth,401,True,https://crystalball2.azurewebsites.net/api/mcpauth/authorize,https://crystalball2.azurewebsites.net/api/mcpauth/token,https://crystalball2.azurewebsites.net/api/mcpauth/register,https://crystalball2.azurewebsites.net/api/mcpauth,https://mcp.powerstationplatform.com/.well-known/oauth-protected-resource,transmission:read,False,registry_serp_curated
ppn-hub.com,mcp.ppn-hub.com,https://mcp.ppn-hub.com/mcp,ppn-mcp-gateway,1.2.0,2025-06-18,open,oauth,open,200,True,https://ppn-hub.com/oauth/authorize,https://ppn-hub.com/oauth/token,https://ppn-hub.com/oauth/register,https://ppn-hub.com,https://mcp.ppn-hub.com/.well-known/oauth-protected-resource,"openid,profile,email",False,registry_serp_curated
preuve.ai,mcp.preuve.ai,https://mcp.preuve.ai/mcp,,,,auth_required,oauth,oauth,401,True,https://mcp.preuve.ai/authorize,https://mcp.preuve.ai/token,https://mcp.preuve.ai/register,https://mcp.preuve.ai,https://mcp.preuve.ai/.well-known/oauth-protected-resource,"analysis:write,analysis:read,batch:write,batch:read,export:read",False,registry_serp_curated
probitylabs.ai,mcp.probitylabs.ai,https://mcp.probitylabs.ai/mcp,probity-labs,1.0.0,2025-06-18,open,oauth,open,200,True,https://mcp.probitylabs.ai/oauth/authorize,https://api.stytch.com/v1/public/project-live-6ed0630a-82a5-47b5-8916-4f906ab44cbc/oauth2/token,https://mcp.probitylabs.ai/register,https://api.stytch.com,https://mcp.probitylabs.ai/.well-known/oauth-protected-resource/mcp,"openid,email",False,registry_serp_curated
inventoryhero.ai,mcp.prod.inventoryhero.ai,https://mcp.prod.inventoryhero.ai/mcp,,,,auth_required,oauth,oauth,401,True,https://clerk.inventoryhero.ai/oauth/authorize,https://clerk.inventoryhero.ai/oauth/token,https://clerk.inventoryhero.ai/oauth/register,https://clerk.inventoryhero.ai,https://mcp.prod.inventoryhero.ai/.well-known/oauth-protected-resource,"openid,profile,email,user:org:read",False,registry_serp_curated
promptarch.ai,mcp.promptarch.ai,https://mcp.promptarch.ai/mcp,PromptArch,1.1.1,2025-06-18,open,none,open,200,False,,,,,,,False,registry_serp_curated
pulltrader.app,mcp.pulltrader.app,https://mcp.pulltrader.app/mcp,pulltrader-mcp,0.4.0,2025-06-18,open,none,open,200,False,,,,,,,False,registry_serp_curated
pyth.network,mcp.pyth.network,https://mcp.pyth.network/mcp,@pyth-network/mcp-server,0.2.0,2025-06-18,open,none,open,200,False,,,,,,,False,majestic_mcp_sub
quantifyme.ai,mcp.quantifyme.ai,https://mcp.quantifyme.ai/mcp,quantifyme,0.1.0,2025-06-18,open,none,open,200,False,,,,,,,False,registry_serp_curated
ranomics.com,mcp.ranomics.com,https://mcp.ranomics.com/mcp,ranomics-mcp,0.1.0,2025-06-18,open,none,open,200,False,,,,,,,False,registry_serp_curated
rate-my-agent.com,mcp.rate-my-agent.com,https://mcp.rate-my-agent.com/mcp,rate-my-agent,1.1.1,2025-06-18,open,none,open,200,False,,,,,,,False,registry_serp_curated
reka.ai,mcp.reka.ai,https://mcp.reka.ai/mcp,reka-vision,0.1.10,2025-06-18,open,none,open,200,False,,,,,,,False,registry_serp_curated
reletter.com,mcp.reletter.com,https://mcp.reletter.com/,,,,auth_required,oauth,oauth,401,True,https://mcp.reletter.com/authorize,https://mcp.reletter.com/token,https://mcp.reletter.com/register,https://mcp.reletter.com,https://mcp.reletter.com/.well-known/oauth-protected-resource,,False,registry_serp_curated
reqbeat.com,mcp.reqbeat.com,https://mcp.reqbeat.com/mcp,hiring-signals,1.0.0,2025-06-18,open,none,open,200,False,,,,,,,False,registry_serp_curated
retasc.com,mcp.retasc.com,https://mcp.retasc.com/mcp,retasc,latest,2025-06-18,open,none,open,200,False,,,,,,,False,registry_serp_curated
retirecrunch.com,mcp.retirecrunch.com,https://mcp.retirecrunch.com/mcp,retirecrunch-mcp,0.1.0,2025-06-18,open,none,open,200,False,,,,,,,False,registry_serp_curated
retrodiffusion.ai,mcp.retrodiffusion.ai,https://mcp.retrodiffusion.ai/mcp,retrodiffusion-api,2.14.7,2025-06-18,open,none,open,200,False,,,,,,,False,registry_serp_curated
rfix.ai,mcp.rfix.ai,https://mcp.rfix.ai/mcp,RFIX MCP,1.27.0,2025-06-18,open,none,open,200,False,,,,,,,False,registry_serp_curated
rippling.com,mcp.rippling.com,https://mcp.rippling.com/mcp,,,,auth_required,bearer,bearer,401,False,,,,,,,False,majestic_mcp_sub
robtex.com,mcp.robtex.com,https://mcp.robtex.com/mcp,Robtex,1.0.0,2025-06-18,open,none,open,200,False,,,,,,,False,registry_serp_curated
roc.ai,mcp.roc.ai,https://mcp.roc.ai/mcp,roc-vision-ai,0.1.0,2025-06-18,open,none,open,200,False,,,,,,,False,registry_serp_curated
rockmoon.ai,mcp.rockmoon.ai,https://mcp.rockmoon.ai/mcp,rockmoon,1.25.0,2025-06-18,open,none,open,200,False,,,,,,,False,registry_serp_curated
roopslaw.ai,mcp.roopslaw.ai,https://mcp.roopslaw.ai/mcp,roop-public-legal-mcp,0.1.0,2025-03-26,open,none,open,200,False,,,,,,,False,registry_serp_curated
rossdata.dev,mcp.rossdata.dev,https://mcp.rossdata.dev/mcp,rossdata.dev,1.0.0,2025-06-18,open,none,open,200,False,,,,,,,False,registry_serp_curated
router.ai,mcp.router.ai,https://mcp.router.ai/mcp,router,1.27.2,2025-06-18,open,none,open,200,False,,,,,,,False,registry_serp_curated
sarkoa.com,mcp.sarkoa.com,https://mcp.sarkoa.com/mcp,sarkoa,1.1.0,2025-03-26,open,none,open,200,False,,,,,,,False,registry_serp_curated
scanmalware.com,mcp.scanmalware.com,https://mcp.scanmalware.com/mcp,ScanMalware MCP,1.25.0,2025-06-18,open,none,open,200,False,,,,,,,False,registry_serp_curated
scienceswarm.org,mcp.scienceswarm.org,https://mcp.scienceswarm.org/mcp,commerce-validators,1.28.1,2025-06-18,open,none,open,200,False,,,,,,,False,registry_serp_curated
scienceswarm.org,mcp.scienceswarm.org,https://mcp.scienceswarm.org/mcp?key=YOUR_KEY`,commerce-validators,1.28.1,2025-06-18,open,none,open,200,False,,,,,,,False,registry_serp_curated
scientificmicroservices.com,mcp.scientificmicroservices.com,https://mcp.scientificmicroservices.com/mcp,Scientific_Microservices,3.2.4,2025-06-18,open,none,open,200,False,,,,,,,False,registry_serp_curated
scraptik.com,mcp.scraptik.com,https://mcp.scraptik.com/mcp,scraptik,0.2.1,2025-06-18,open,none,open,200,False,,,,,,,False,registry_serp_curated
screenshotscout.com,mcp.screenshotscout.com,https://mcp.screenshotscout.com/mcp/api-key,,,,auth_required,bearer,bearer,401,False,,,,,,,False,registry_serp_curated
seaotter.ai,mcp.seaotter.ai,https://mcp.seaotter.ai/mcp,,,,auth_required,oauth,oauth,401,True,https://mcp.seaotter.ai/oauth/authorize,https://mcp.seaotter.ai/oauth/token,https://mcp.seaotter.ai/oauth/register,https://mcp.seaotter.ai,https://mcp.seaotter.ai/.well-known/oauth-protected-resource,otterscore,False,registry_serp_curated
seaworthy.io,mcp.seaworthy.io,https://mcp.seaworthy.io/mcp,Seaworthy Insurance MCP,0.4.0,2025-06-18,open,none,open,200,False,,,,,,,False,registry_serp_curated
secdim.com,mcp.secdim.com,https://mcp.secdim.com/mcp,SecDim MCP,1.28.1,2025-06-18,open,none,open,200,False,,,,,,,False,registry_serp_curated
seekrit.dev,mcp.seekrit.dev,https://mcp.seekrit.dev/mcp,seekrit,0.0.1,2025-06-18,open,none,open,200,False,,,,,,,False,registry_serp_curated
seespectral.com,mcp.seespectral.com,https://mcp.seespectral.com/mcp,spectral,1.29.0,2025-06-18,open,none,open,200,False,,,,,,,False,registry_serp_curated
selis.app,mcp.selis.app,https://mcp.selis.app/tmis/mcp,,,,auth_required,oauth,oauth,401,True,https://mcp.selis.app/authorize,https://mcp.selis.app/token,https://mcp.selis.app/register,https://mcp.selis.app,https://mcp.selis.app/.well-known/oauth-protected-resource,,False,registry_serp_curated
selis.app,mcp.selis.app,https://mcp.selis.app/tmis/sse,,,,auth_required,oauth,oauth,401,True,https://mcp.selis.app/authorize,https://mcp.selis.app/token,https://mcp.selis.app/register,https://mcp.selis.app,https://mcp.selis.app/.well-known/oauth-protected-resource,,False,registry_serp_curated
selis.dev,mcp.selis.dev,https://mcp.selis.dev/tmis/mcp,,,,auth_required,oauth,oauth,401,True,https://mcp.selis.dev/authorize,https://mcp.selis.dev/token,https://mcp.selis.dev/register,https://mcp.selis.dev,https://mcp.selis.dev/.well-known/oauth-protected-resource,,False,registry_serp_curated
selis.dev,mcp.selis.dev,https://mcp.selis.dev/tmis/sse,,,,auth_required,oauth,oauth,401,True,https://mcp.selis.dev/authorize,https://mcp.selis.dev/token,https://mcp.selis.dev/register,https://mcp.selis.dev,https://mcp.selis.dev/.well-known/oauth-protected-resource,,False,registry_serp_curated
sendchamp.com,mcp.sendchamp.com,https://mcp.sendchamp.com/docs,sendchamp-docs,0.1.0,2025-06-18,open,none,open,200,False,,,,,,,True,registry_serp_curated
syncromsp.com,mcp.services.syncromsp.com,https://mcp.services.syncromsp.com/mcp/stream,,,,auth_required,oauth,oauth,401,True,https://admin.syncromsp.com/oauth/authorize?scope=mcp-server,https://admin.syncromsp.com/oauth/token,https://admin.syncromsp.com/oauth/registration,https://mcp.services.syncromsp.com,https://mcp.services.syncromsp.com/.well-known/oauth-protected-resource,mcp-server,False,registry_serp_curated
setix.dev,mcp.setix.dev,https://mcp.setix.dev/mcp,setix-thread-bridge,setix-v0.4.268,2025-06-18,open,none,open,200,False,,,,,,,False,registry_serp_curated
shibui.finance,mcp.shibui.finance,https://mcp.shibui.finance/mcp,shibui-finance-stock-data,0.1.0,2025-06-18,open,none,open,200,False,,,,,,,False,registry_serp_curated
shipstatic.com,mcp.shipstatic.com,https://mcp.shipstatic.com/,shipstatic,0.6.0,2025-06-18,open,none,open,200,False,,,,,,,False,registry_serp_curated
tunnelmind.ai,mcp.sigil.tunnelmind.ai,https://mcp.sigil.tunnelmind.ai/mcp,sigil,0.2.0,2025-03-26,open,none,open,200,False,,,,,,,False,registry_serp_curated
sipflow.dev,mcp.sipflow.dev,https://mcp.sipflow.dev/mcp,sipflow,0.2.0,2025-06-18,open,none,open,200,False,,,,,,,False,registry_serp_curated
sitepulsar.ai,mcp.sitepulsar.ai,https://mcp.sitepulsar.ai/mcp,sitepulsar-mcp,0.0.1,2025-11-25,open,oauth,open,200,True,https://caring-joy-62.authkit.app/oauth2/authorize,https://caring-joy-62.authkit.app/oauth2/token,https://caring-joy-62.authkit.app/oauth2/register,https://caring-joy-62.authkit.app,https://mcp.sitepulsar.ai/.well-known/oauth-protected-resource,"openid,email,offline_access",False,registry_serp_curated
smartling.com,mcp.smartling.com,https://mcp.smartling.com/mcp,,,,auth_required,oauth,oauth,401,True,https://mcp.smartling.com/auth/authorize,https://mcp.smartling.com/auth/token,https://mcp.smartling.com/auth/register,https://mcp.smartling.com,https://mcp.smartling.com/.well-known/oauth-protected-resource/mcp,offline_access,False,registry_serp_curated
smplkit.com,mcp.smplkit.com,https://mcp.smplkit.com/api/mcp,,,,auth_required,oauth,oauth,401,True,https://satisfying-voyage-87-staging.authkit.app/oauth2/authorize,https://satisfying-voyage-87-staging.authkit.app/oauth2/token,https://satisfying-voyage-87-staging.authkit.app/oauth2/register,https://satisfying-voyage-87-staging.authkit.app,https://mcp.smplkit.com/.well-known/oauth-protected-resource/api/mcp,"email,offline_access,openid,profile",False,registry_serp_curated
snipget.ai,mcp.snipget.ai,https://mcp.snipget.ai/mcp,,,,auth_required,oauth,oauth,401,True,https://login.snipget.ai/authorize,https://login.snipget.ai/oauth/token,https://login.snipget.ai/oidc/register,https://login.snipget.ai/,https://mcp.snipget.ai/.well-known/oauth-protected-resource/mcp,mcp:invoke,False,registry_serp_curated
snowdata.ai,mcp.snowdata.ai,https://mcp.snowdata.ai/api/mcp,snowdata-content,1.0.0,2025-06-18,open,none,open,200,False,,,,,,,False,registry_serp_curated
socialcooks.com,mcp.socialcooks.com,https://mcp.socialcooks.com/mcp,com.socialcooks/mcp,1.0.0,2025-06-18,open,none,open,200,False,,,,,,,False,registry_serp_curated
sourcey.com,mcp.sourcey.com,https://mcp.sourcey.com/mcp,,,,mcp_error,,mcp_error,400,False,,,,,,,False,registry_serp_curated
sovgrid.org,mcp.sovgrid.org,https://mcp.sovgrid.org/self-hosted-ai?ref=awesome-mcp,sovereign-ai-blog,1.27.0,2025-06-18,open,none,open,200,False,,,,,,,False,registry_serp_curated
spannhq.com,mcp.spannhq.com,https://mcp.spannhq.com/mcp,hospitality,0.2.1,2025-06-18,open,none,open,200,False,,,,,,,False,registry_serp_curated
speedrun-talent-network.com,mcp.speedrun-talent-network.com,https://mcp.speedrun-talent-network.com/mcp,a16z speedrun talent network,1.0.0,2025-06-18,open,none,open,200,False,,,,,,,False,registry_serp_curated
splidia.com,mcp.splidia.com,https://mcp.splidia.com/mcp,com.splidia/notes,1.2.0,2025-06-18,open,none,open,200,False,,,,,,,False,registry_serp_curated
squarespace.com,mcp.squarespace.com,https://mcp.squarespace.com/mcp,Squarespace Domain Search,1.0.0,2025-06-18,open,none,open,200,False,,,,,,,False,majestic_mcp_sub
ssemble.com,mcp.ssemble.com,https://mcp.ssemble.com/mcp,ssemble-ai-clipping,1.0.0,2025-06-18,open,none,open,200,False,,,,,,,False,registry_serp_curated
standby.design,mcp.standby.design,https://mcp.standby.design/mcp,standby-design,0.1.5,2025-06-18,open,none,open,200,False,,,,,,,False,registry_serp_curated
stayingapi.com,mcp.stayingapi.com,https://mcp.stayingapi.com/mcp,,,,auth_required,oauth,oauth,401,True,https://mcp.stayingapi.com/mcp/oauth/authorize,https://mcp.stayingapi.com/mcp/oauth/token,https://mcp.stayingapi.com/mcp/oauth/register,https://mcp.stayingapi.com/mcp/oauth,https://mcp.stayingapi.com/mcp/.well-known/oauth-protected-resource,stays.read,False,registry_serp_curated
stopovercity.com,mcp.stopovercity.com,https://mcp.stopovercity.com/mcp,stopover-planner,4.0.0,2025-06-18,open,none,open,200,False,,,,,,,False,registry_serp_curated
hypergpt.ai,mcp.store.hypergpt.ai,https://mcp.store.hypergpt.ai/mcp,hyperstore,1.28.0,2025-06-18,open,none,open,200,False,,,,,,,False,registry_serp_curated
structurizr.com,mcp.structurizr.com,https://mcp.structurizr.com/mcp,mcp-server,1.0.0,2025-06-18,open,none,open,200,False,,,,,,,False,majestic_mcp_sub
stungevents.com,mcp.stungevents.com,https://mcp.stungevents.com/,stungevents,1.0.0,2025-06-18,open,none,open,200,False,,,,,,,False,registry_serp_curated
sukuk.fi,mcp.sukuk.fi,https://mcp.sukuk.fi/mcp,sukukfi,1.0.0,2025-06-18,open,none,open,200,False,,,,,,,False,registry_serp_curated
sunex-ai.com,mcp.sunex-ai.com,https://mcp.sunex-ai.com/mcp,sunex-optics,1.0.0,2025-06-18,open,none,open,200,False,,,,,,,False,registry_serp_curated
supost.com,mcp.supost.com,https://mcp.supost.com/mcp,supost,0.2.2,2025-06-18,open,none,open,200,False,,,,,,,False,registry_serp_curated
svelte.dev,mcp.svelte.dev,https://mcp.svelte.dev/mcp,Svelte MCP,0.0.1,2025-06-18,open,none,open,200,False,,,,,,,False,registry_serp_curated
swapwizard.xyz,mcp.swapwizard.xyz,https://mcp.swapwizard.xyz/mcp,swapwizard,1.8.9,2025-06-18,open,none,open,200,False,,,,,,,False,registry_serp_curated
swipify.fr,mcp.swipify.fr,https://mcp.swipify.fr/mcp,,,,auth_required,oauth,oauth,403,True,https://mcp.swipify.fr/authorize,https://mcp.swipify.fr/token,https://mcp.swipify.fr/register,https://mcp.swipify.fr,https://mcp.swipify.fr/.well-known/oauth-protected-resource/mcp,"invoices:read,catalog:read,catalog:write,invoices:draft,clients:read,clients:write,stats:read,stats:write,showcase:read,showcase:draft,quotes:read,quotes:draft,creditnotes:read,creditnotes:draft,inbox:read,compliance:read,brands:read",False,registry_serp_curated
swisstrip.app,mcp.swisstrip.app,https://mcp.swisstrip.app/mcp,swisstrip-mcp,0.6.4,2025-06-18,open,none,open,200,False,,,,,,,False,registry_serp_curated
swonkie.dev,mcp.swonkie.dev,https://mcp.swonkie.dev/mcp?apiId={api_id}&apiKey={api_key},swonkie-public-mcp,0.0.1,2025-06-18,open,none,open,200,False,,,,,,,False,registry_serp_curated
synapze.eu,mcp.synapze.eu,https://mcp.synapze.eu/v1/registry,eu.synapze/financial-intermediary-mcp,1.0.0,2025-06-18,open,none,open,200,False,,,,,,,False,registry_serp_curated
synapze.eu,mcp.synapze.eu,https://mcp.synapze.eu/v1/{tenant_id},eu.synapze/financial-intermediary-mcp,1.0.0,2025-06-18,open,none,open,200,False,,,,,,,False,registry_serp_curated
tableall.com,mcp.tableall.com,https://mcp.tableall.com/sse,TableAll MCP Server,2.0.0,2024-11-05,open,none,open,200,False,,,,,,,False,registry_serp_curated
taxact.com,mcp.taxact.com,https://mcp.taxact.com/mcp,taxact,1.0.0,2025-06-18,open,none,open,200,False,,,,,,,False,registry_serp_curated
tcgmcp.com,mcp.tcgmcp.com,https://mcp.tcgmcp.com/mcp,tcgmcp,0.2.0,2024-11-05,open,none,open,200,False,,,,,,,False,registry_serp_curated
tempguru.co,mcp.tempguru.co,https://mcp.tempguru.co/mcp,tempguru-mcp,1.7.0,2025-06-18,open,none,open,200,False,,,,,,,False,registry_serp_curated
textarttools.com,mcp.textarttools.com,https://mcp.textarttools.com/mcp,textarttools-mcp-server,1.1.0,2024-11-05,open,none,open,200,False,,,,,,,False,registry_serp_curated
textarttools.com,mcp.textarttools.com,https://mcp.textarttools.com/sse,textarttools-mcp-server,1.1.0,2024-11-05,open,none,open,200,False,,,,,,,False,registry_serp_curated
thechrisgrey.com,mcp.thechrisgrey.com,https://mcp.thechrisgrey.com/,alti-mcp,1.0.0,2025-06-18,open,none,open,200,False,,,,,,,False,registry_serp_curated
thehometeam.io,mcp.thehometeam.io,https://mcp.thehometeam.io/mcp,hometeam-directory,1.0.0,2025-06-18,open,none,open,200,False,,,,,,,False,registry_serp_curated
thinkneo.ai,mcp.thinkneo.ai,https://mcp.thinkneo.ai/mcp,ThinkNEO Control Plane,1.28.0,2025-06-18,open,oauth,open,200,True,https://mcp.thinkneo.ai/oauth/authorize,https://mcp.thinkneo.ai/oauth/token,https://mcp.thinkneo.ai/oauth/register,https://mcp.thinkneo.ai,https://mcp.thinkneo.ai/.well-known/oauth-protected-resource,mcp,False,registry_serp_curated
thousand-api.com,mcp.thousand-api.com,https://mcp.thousand-api.com/mcp,thousand-api,1.0.0,2025-06-18,open,none,open,200,False,,,,,,,False,registry_serp_curated
tickettailor.ai,mcp.tickettailor.ai,https://mcp.tickettailor.ai/mcp,,,,auth_required,oauth,oauth,401,True,https://mcp.tickettailor.ai/authorize,https://mcp.tickettailor.ai/token,https://mcp.tickettailor.ai/register,https://mcp.tickettailor.ai,,mcp.access,False,registry_serp_curated
tickettailor.ai,mcp.tickettailor.ai,https://mcp.tickettailor.ai/sse,,,,auth_required,oauth,oauth,401,True,https://mcp.tickettailor.ai/authorize,https://mcp.tickettailor.ai/token,https://mcp.tickettailor.ai/register,https://mcp.tickettailor.ai,,mcp.access,False,registry_serp_curated
tilwhen.com,mcp.tilwhen.com,https://mcp.tilwhen.com/mcp,tilwhen,1.0.0,2025-06-18,open,none,open,200,False,,,,,,,False,registry_serp_curated
tkawen.com,mcp.tkawen.com,https://mcp.tkawen.com/mcp,TKAWEN Intelligence Gateway,1.0.0,2024-11-05,open,none,open,200,False,,,,,,,False,registry_serp_curated
tokenbel.info,mcp.tokenbel.info,https://mcp.tokenbel.info/mcp,tb-ai-api,1.0.1,2025-06-18,open,none,open,200,False,,,,,,,False,registry_serp_curated
topdoctors.es,mcp.topdoctors.es,https://mcp.topdoctors.es/mcp,topdoctors-search,0.1.4,2025-06-18,open,none,open,200,False,,,,,,,False,majestic_mcp_sub
toursbylocals.com,mcp.toursbylocals.com,https://mcp.toursbylocals.com/mcp,toursbylocals,1.0.0,2025-06-18,open,none,open,200,False,,,,,,,False,majestic_mcp_sub
transparentedge.eu,mcp.transparentedge.eu,https://mcp.transparentedge.eu/mcp,Transparent Edge MCP,1.27.0,2025-06-18,open,none,open,200,False,,,,,,,False,majestic_mcp_sub
travel.art,mcp.travel.art,https://mcp.travel.art/,travel.art,1.5.0,2025-03-26,open,none,open,200,False,,,,,,,False,registry_serp_curated
trazimstan.hr,mcp.trazimstan.hr,https://mcp.trazimstan.hr/mcp,trazimstan,0.2.0,2025-06-18,open,none,open,200,False,,,,,,,False,registry_serp_curated
truemarkets.co,mcp.truemarkets.co,https://mcp.truemarkets.co/marketdata/mcp,marketdata,1.0.0,2025-06-18,open,none,open,200,False,,,,,,,False,registry_serp_curated
trychannel3.com,mcp.trychannel3.com,https://mcp.trychannel3.com/,Channel3,4.0.0,2025-06-18,open,none,open,200,False,,,,,,,False,registry_serp_curated
tunnelmind.ai,mcp.tunnelmind.ai,https://mcp.tunnelmind.ai/mcp,scry,0.5.0,2025-03-26,open,none,open,200,False,,,,,,,False,registry_serp_curated
turnale.app,mcp.turnale.app,https://mcp.turnale.app/,turnale,0.1.2,2025-06-18,open,none,open,200,False,,,,,,,False,registry_serp_curated
turva.dev,mcp.turva.dev,https://mcp.turva.dev/mcp,turva-mcp,1.3.4,2025-06-18,open,none,open,200,False,,,,,,,False,registry_serp_curated
tweetsmash.com,mcp.tweetsmash.com,https://mcp.tweetsmash.com/api/mcp,mcp-typescript server on vercel,0.1.0,2025-06-18,open,none,open,200,False,,,,,,,False,registry_serp_curated
pulseem.com,mcp.ui-api.pulseem.com,https://mcp.ui-api.pulseem.com/mcp_{token}/mcp,Pulseem.MCP.UI,1.0.0.0,2025-06-18,open,none,open,200,False,,,,,,,False,registry_serp_curated
uneed.best,mcp.uneed.best,https://mcp.uneed.best/mcp,uneed,1.0.0,2025-06-18,open,none,open,200,False,,,,,,,False,registry_serp_curated
unescap.org,mcp.unescap.org,https://mcp.unescap.org/api/mcp,escap-mcp-gateway,0.1.0,2025-06-18,open,none,open,200,False,,,,,,,False,majestic_mcp_sub
unorouter.com,mcp.unorouter.com,https://mcp.unorouter.com/mcp,unorouter,0.2.0,2025-06-18,open,none,open,200,False,,,,,,,False,registry_serp_curated
unulu.ai,mcp.unulu.ai,https://mcp.unulu.ai/,unulu,1.0.0,2025-03-26,open,none,open,200,False,,,,,,,False,registry_serp_curated
urbandictionary.com,mcp.urbandictionary.com,https://mcp.urbandictionary.com/mcp,urbandictionary,0.1.0,2025-06-18,open,none,open,200,False,,,,,,,False,majestic_mcp_sub
usecarscout.com,mcp.usecarscout.com,https://mcp.usecarscout.com/mcp,com.usecarscout/mcp,1.0.0,2025-06-18,open,none,open,200,False,,,,,,,False,registry_serp_curated
usestring.ai,mcp.usestring.ai,https://mcp.usestring.ai/v1/mcp,@usestring/mcp,0.1.0,2025-06-18,open,none,open,200,False,,,,,,,False,registry_serp_curated
v-safe.ai,mcp.v-safe.ai,https://mcp.v-safe.ai/mcp,vsafe-risk,1.27.2,2025-06-18,open,none,open,200,False,,,,,,,False,registry_serp_curated
vaadin.com,mcp.vaadin.com,https://mcp.vaadin.com/docs,vaadin-mcp,0.8.0,2025-06-18,open,none,open,200,False,,,,,,,True,registry_serp_curated
vendooly.com,mcp.vendooly.com,https://mcp.vendooly.com/,,,,auth_required,oauth,oauth,401,True,https://vendooly.com/oauth/authorize.php,https://vendooly.com/oauth/token.php,https://vendooly.com/oauth/register.php,https://vendooly.com,https://mcp.vendooly.com/.well-known/oauth-protected-resource,"amazon.read,amazon.write,amazon.ads",False,registry_serp_curated
verifox.ai,mcp.verifox.ai,https://mcp.verifox.ai/mcp,verifox,1.2.0,2025-06-18,open,none,open,200,False,,,,,,,False,registry_serp_curated
viddler.com,mcp.viddler.com,https://mcp.viddler.com/mcp,viddler-mcp,0.1.0,2025-06-18,open,none,open,200,False,,,,,,,False,registry_serp_curated
villiers.ai,mcp.villiers.ai,https://mcp.villiers.ai/mcp,Villiers Charter,1.0.0,2025-06-18,open,none,open,200,False,,,,,,,False,registry_serp_curated
vincario.com,mcp.vincario.com,https://mcp.vincario.com/mcp,Vincario VIN Tools,1.27.0,2025-06-18,open,none,open,200,False,,,,,,,False,registry_serp_curated
visibly-ai.com,mcp.visibly-ai.com,https://mcp.visibly-ai.com/mcp,visiblyai-mcp-server,0.7.0,2025-03-26,open,none,open,200,False,,,,,,,False,registry_serp_curated
vouchedpros.com,mcp.vouchedpros.com,https://mcp.vouchedpros.com/mcp,VouchedPros,3.4.5,2025-06-18,open,none,open,200,False,,,,,,,False,registry_serp_curated
voxplo.ai,mcp.voxplo.ai,https://mcp.voxplo.ai/mcp,,,,auth_required,oauth,oauth,401,True,https://mcp.voxplo.ai/authorize,https://mcp.voxplo.ai/token,https://mcp.voxplo.ai/register,https://mcp.voxplo.ai/,https://mcp.voxplo.ai/.well-known/oauth-protected-resource/mcp,voxplo.calls,False,registry_serp_curated
wearmu.com,mcp.wearmu.com,https://mcp.wearmu.com/mcp,mu-mcp,0.1.0,2025-06-18,open,none,open,200,False,,,,,,,False,registry_serp_curated
webforj.com,mcp.webforj.com,https://mcp.webforj.com/mcp,webforj-mcp,0.0.1,2025-06-18,open,none,open,200,False,,,,,,,False,registry_serp_curated
wedding-seat.com,mcp.wedding-seat.com,https://mcp.wedding-seat.com/mcp,wedding-seat,1.0.0,2025-06-18,open,none,open,200,False,,,,,,,False,registry_serp_curated
wejob.ch,mcp.wejob.ch,https://mcp.wejob.ch/mcp,wejob-mcp,0.1.0,2025-06-18,open,none,open,200,False,,,,,,,False,registry_serp_curated
whatjobs.com,mcp.whatjobs.com,https://mcp.whatjobs.com/mcp,WhatJobs MCP,1.27.2,2025-06-18,open,none,open,200,False,,,,,,,False,majestic_mcp_sub
wikiloc.com,mcp.wikiloc.com,https://mcp.wikiloc.com/mcp,wikilocmcp-server,1.13.3,2025-06-18,open,none,open,200,False,,,,,,,False,majestic_mcp_sub
withjoy.com,mcp.withjoy.com,https://mcp.withjoy.com/mcp,joy-mcp,0.0.0-g83d4e3b,2025-06-18,open,oauth,open,200,True,https://mcp.withjoy.com/authorize,https://mcp.withjoy.com/token,https://mcp.withjoy.com/register,https://mcp.withjoy.com/,https://mcp.withjoy.com/.well-known/oauth-protected-resource/mcp,,False,majestic_mcp_sub
workledge.ai,mcp.workledge.ai,https://mcp.workledge.ai/mcp,,,,auth_required,oauth,oauth,401,True,https://ksluonmtximmkwtxmgxw.supabase.co/auth/v1/oauth/authorize,https://ksluonmtximmkwtxmgxw.supabase.co/auth/v1/oauth/token,https://ksluonmtximmkwtxmgxw.supabase.co/auth/v1/oauth/clients/register,https://ksluonmtximmkwtxmgxw.supabase.co/auth/v1,https://mcp.workledge.ai/.well-known/oauth-protected-resource,"openid,profile,email,phone,offline_access",False,registry_serp_curated
worldairfares.com,mcp.worldairfares.com,https://mcp.worldairfares.com/,FlightApiV2.MCP.Server,1.0.0.0,2025-06-18,open,none,open,200,False,,,,,,,False,registry_serp_curated
x402-list.com,mcp.x402-list.com,https://mcp.x402-list.com/mcp,x402-list-mcp,0.4.2,2025-06-18,open,none,open,200,False,,,,,,,False,
xrpldashboard.com,mcp.xrpldashboard.com,https://mcp.xrpldashboard.com/mcp,xrpldashboard-mcp,1.29.0,2025-06-18,open,none,open,200,False,,,,,,,False,registry_serp_curated
xsolla.com,mcp.xsolla.com,https://mcp.xsolla.com/mcp,Xsolla Docs MCP Server,1.17.0,2025-06-18,open,none,open,200,False,,,,,,,True,majestic_mcp_sub
zipquote.ai,mcp.zipquote.ai,https://mcp.zipquote.ai/mcp,Property Hazard MCP,1.28.1,2025-06-18,open,none,open,200,False,,,,,,,False,registry_serp_curated
zumba.com,mcp.zumba.com,https://mcp.zumba.com/mcp,Zumba MCP Server,1.0.0,2025-06-18,open,none,open,200,False,,,,,,,False,majestic_mcp_sub
mcpcalc.com,mcpcalc.com,https://mcpcalc.com/api/v1/mcp,mcpcalc-mcp,1.0.0,2025-03-26,open,none,open,200,False,,,,,,,False,registry_serp_curated
mcpqueen.com,mcpqueen.com,https://mcpqueen.com/mcp,mcpqueen,0.3.0,2025-06-18,open,none,open,200,False,,,,,,,False,registry_serp_curated
mcpservers.org,mcpservers.org,https://mcpservers.org/mcp,,,,auth_required,bearer,bearer,401,False,,,,,,,False,registry_serp_curated
mcptoplist.com,mcptoplist.com,https://mcptoplist.com/mcp,mcptoplist,1.1.0,2025-06-18,open,none,open,200,False,,,,,,,False,registry_serp_curated
fastdb.in,md.fastdb.in,https://md.fastdb.in/mcp,mdapi,0.1.0,2025-06-18,open,none,open,200,False,,,,,,,False,registry_serp_curated
meetlark.ai,meetlark.ai,https://meetlark.ai/mcp,meetlark,1.0.0,2025-06-18,open,none,open,200,False,,,,,,,False,registry_serp_curated
borisinc.com,mem.borisinc.com,https://mem.borisinc.com/mcp,memory-mcp,1.28.1,2025-06-18,open,none,open,200,False,,,,,,,False,registry_serp_curated
memebo.at,memebo.at,https://memebo.at/mcp,memeboat,0.3.0,2025-06-18,open,none,open,200,False,,,,,,,False,registry_serp_curated
memesio.com,memesio.com,https://memesio.com/api/mcp,memesio-meme-generator,1.4.0,2025-06-18,open,none,open,200,False,,,,,,,False,registry_serp_curated
aic0rt3x.dev,memory.aic0rt3x.dev,https://memory.aic0rt3x.dev/mcp,ai-cortex-storage,1.0.0,2025-03-26,open,none,open,200,False,,,,,,,False,registry_serp_curated
keenethics-labs.com,mental-tests-mcp-app.keenethics-labs.com,https://mental-tests-mcp-app.keenethics-labs.com/mcp,Mental Health Tests,0.1.0,2025-06-18,open,none,open,200,False,,,,,,,False,registry_serp_curated
seoapi.com,meta.seoapi.com,https://meta.seoapi.com/mcp,meta,1.0.0,2025-06-18,open,none,open,200,False,,,,,,,False,registry_serp_curated
mindlify.co,mindlify.co,https://mindlify.co/api/mcp,,,,auth_required,oauth,oauth,401,True,https://klsfjlcgcictvrbdmtji.supabase.co/auth/v1/oauth/authorize,https://klsfjlcgcictvrbdmtji.supabase.co/auth/v1/oauth/token,https://klsfjlcgcictvrbdmtji.supabase.co/auth/v1/oauth/clients/register,https://klsfjlcgcictvrbdmtji.supabase.co/auth/v1,https://mindlify.co/.well-known/oauth-protected-resource/api/mcp,"openid,profile,email,phone,offline_access",False,registry_serp_curated
keenethics-labs.com,mindmap-mcp-directory.keenethics-labs.com,https://mindmap-mcp-directory.keenethics-labs.com/mcp,minmap-app,0.1.0,2025-06-18,open,none,open,200,False,,,,,,,False,registry_serp_curated
mintlify.app,mixpanel-edb78807.mintlify.app,https://mixpanel-edb78807.mintlify.app/mcp,Mixpanel,1.0.0,2025-06-18,open,none,open,200,False,,,,,,,False,registry_serp_curated
mlq.ai,mlq.ai,https://mlq.ai/mcp,MLQ,1.26.0,2025-06-18,open,none,open,200,False,,,,,,,False,majestic_apex
mmatinca.eu,mmatinca.eu,https://mmatinca.eu/mcp,portfolio-mcp,0.2.0,2025-06-18,open,none,open,200,False,,,,,,,False,registry_serp_curated
modelsagree.com,modelsagree.com,https://modelsagree.com/mcp,modelsagree,1.0.0,2025-06-18,open,none,open,200,False,,,,,,,False,registry_serp_curated
mojalab.com,mojalab.com,https://mojalab.com/mcp,mojalab-content,2.0.0,2025-06-18,open,none,open,200,False,,,,,,,False,registry_serp_curated
mozaika.design,mozaika.design,https://mozaika.design/mcp,mozaika,1.28.1,2025-06-18,open,none,open,200,False,,,,,,,False,registry_serp_curated
mru-oracle.com,mru-oracle.com,https://mru-oracle.com/mcp,sentinel-compliance,2.0.0,2025-03-26,open,none,open,200,False,,,,,,,False,registry_serp_curated
muzhp.pl,muzhp.pl,https://muzhp.pl/mcp,,,,auth_required,bearer,bearer,401,False,,,,,,,False,majestic_apex
myagi.bot,myagi.bot,https://myagi.bot/api/mcp,myagi,0.1.0,2024-11-05,open,oauth,open,200,True,https://myagi.bot/oauth/authorize,https://myagi.bot/oauth/token,https://myagi.bot/oauth/register,https://myagi.bot,,"read:platform,write:inquiry,read:registry",False,registry_serp_curated
mybiblecopilot.com,mybiblecopilot.com,https://mybiblecopilot.com/mcp,bible-copilot,2.0.0,2025-06-18,open,none,open,200,False,,,,,,,False,registry_serp_curated
mysticapi.com,mysticapi.com,https://mysticapi.com/mcp,mysticapi,0.1.0,2025-06-18,open,none,open,200,False,,,,,,,False,registry_serp_curated
mystoq.com,mystoq.com,https://mystoq.com/api/mcp,mystoq,1.0.0,2024-11-05,open,none,open,200,False,,,,,,,False,registry_serp_curated
mythsensus.com,mythsensus.com,https://mythsensus.com/mcp,mythsensus,0.3.0,2025-06-18,open,none,open,200,False,,,,,,,False,registry_serp_curated
kasahorow.com,nabanya.kasahorow.com,https://nabanya.kasahorow.com/mcp,kasahorow,0.1.0,2025-06-18,open,oauth,open,200,False,https://nabanya.kasahorow.com/oauth/authorize,https://nabanya.kasahorow.com/oauth/token,,https://nabanya.kasahorow.com,https://nabanya.kasahorow.com/.well-known/oauth-protected-resource/mcp,kasahorow,False,registry_serp_curated
naela.org,naela.org,https://naela.org/api/mcp,,,,auth_required,bearer,bearer,401,False,,,,,,,False,majestic_apex
seoapi.com,naverbot.seoapi.com,https://naverbot.seoapi.com/mcp,naverbot,1.0.0,2025-06-18,open,none,open,200,False,,,,,,,False,registry_serp_curated
needmoar.games,needmoar.games,https://needmoar.games/mcp,needmoar.games,1.0.0,2025-06-18,open,none,open,200,False,,,,,,,False,registry_serp_curated
negativeev.com,negativeev.com,https://negativeev.com/mcp,negativeev-bet-checker,1.4.2,2025-06-18,open,none,open,200,False,,,,,,,False,registry_serp_curated
a3eecosystem.com,neurotrade.a3eecosystem.com,https://neurotrade.a3eecosystem.com/mcp,neurotrade-signal-api,1.0.0,2024-11-05,open,none,open,200,False,,,,,,,False,registry_serp_curated
newmexicoliteracyproject.org,newmexicoliteracyproject.org,https://newmexicoliteracyproject.org/api/mcp,nmlp-mcp,0.6.0,2024-11-05,open,none,open,200,False,,,,,,,False,registry_serp_curated
trendsapi.ai,news-volume.api.trendsapi.ai,https://news-volume.api.trendsapi.ai/mcp,paradox-intelligence-trends-mcp,1.0.0,2025-03-26,open,none,open,200,False,,,,,,,False,registry_serp_curated
newtqnia.com,newtqnia.com,https://newtqnia.com/mcp,NewTqnia MCP,1.0.0,2025-11-25,open,oauth,open,200,False,https://newtqnia.com/oauth/authorize,https://newtqnia.com/oauth/token,,https://newtqnia.com,https://newtqnia.com/.well-known/oauth-protected-resource/mcp,"mcp:read,mcp:write",False,registry_serp_curated
nexez.app,nexez.app,https://nexez.app/mcp,nexez:platform,1.0.0,2024-11-05,open,none,open,200,False,,,,,,,False,registry_serp_curated
noemic.app,noemic.app,https://noemic.app/mcp,noemic,0.1.0,2025-06-18,open,none,open,200,False,,,,,,,False,registry_serp_curated
nothumansearch.ai,nothumansearch.ai,https://nothumansearch.ai/mcp,nothumansearch,1.1.0,2025-06-18,open,none,open,200,False,,,,,,,False,registry_serp_curated
occam.fit,occam.fit,https://occam.fit/mcp,sr-mcp,0.1.1,2025-06-18,open,none,open,200,False,,,,,,,False,registry_serp_curated
mattherbert.ca,offers.mattherbert.ca,https://offers.mattherbert.ca/mcp,offers,0.1.0,2025-06-18,open,none,open,200,False,,,,,,,False,registry_serp_curated
ohmyposh.dev,ohmyposh.dev,https://ohmyposh.dev/api/mcp,oh-my-posh-validator,1.0.0,2024-11-05,open,none,open,200,False,,,,,,,False,registry_serp_curated
basenull.com,okr.basenull.com,https://okr.basenull.com/mcp/{token},,,,mcp_error,,mcp_error,200,False,,,,,,,False,registry_serp_curated
okunkoneosa.fi,okunkoneosa.fi,https://okunkoneosa.fi/mcp,Okun Koneosa,2.14.7,2025-06-18,open,none,open,200,False,,,,,,,False,registry_serp_curated
onlineshippingcalculator.com,onlineshippingcalculator.com,https://onlineshippingcalculator.com/api/mcp,shipping-rates-calculator,1.0.0,2025-06-18,open,none,open,200,False,,,,,,,False,registry_serp_curated
ontarioprotocol.com,ontarioprotocol.com,https://ontarioprotocol.com/mcp,ontario-protocol,1.0.3,2025-06-18,open,none,open,200,False,,,,,,,False,registry_serp_curated
seoapi.com,openai.seoapi.com,https://openai.seoapi.com/mcp,openai,1.0.0,2025-06-18,open,none,open,200,False,,,,,,,False,registry_serp_curated
openchainbench.com,openchainbench.com,https://openchainbench.com/api/mcp/mcp,mcp-typescript server on vercel,0.1.0,2025-06-18,open,none,open,200,False,,,,,,,False,registry_serp_curated
openmedici.com,openmedici.com,https://openmedici.com/mcp,open-medici-public,0.1.0,2025-06-18,open,none,open,200,False,,,,,,,False,registry_serp_curated
opentable.co.uk,opentable.co.uk,https://opentable.co.uk/mcp,,,,mcp_error,,mcp_error,405,False,,,,,,,False,majestic_apex
opentable.com.au,opentable.com.au,https://opentable.com.au/mcp,,,,mcp_error,,mcp_error,405,False,,,,,,,False,majestic_apex
opentable.de,opentable.de,https://opentable.de/mcp,,,,mcp_error,,mcp_error,405,False,,,,,,,False,majestic_apex
optionsahoy.com,optionsahoy.com,https://optionsahoy.com/mcp,OptionsAhoy,1.10.1,2024-11-05,open,none,open,200,False,,,,,,,False,registry_serp_curated
dropwatchhq.com,oracle.dropwatchhq.com,https://oracle.dropwatchhq.com/mcp,hobby-market-oracle,1.0.0,2024-11-05,open,none,open,200,False,,,,,,,False,registry_serp_curated
inktree.ai,oral-heritage-index.inktree.ai,https://oral-heritage-index.inktree.ai/mcp,oral-heritage-index,1.0.0,2025-06-18,open,none,open,200,False,,,,,,,False,registry_serp_curated
organikpi.com,organikpi.com,https://organikpi.com/.well-known/mcp,organikpi-mcp,1.0.0,2025-06-18,open,none,open,200,False,,,,,,,False,registry_serp_curated
rootz.global,origin.rootz.global,https://origin.rootz.global/mcp,origin-sec-registry,0.1.0,2025-03-26,open,none,open,200,False,,,,,,,False,registry_serp_curated
ottasia.com,ottasia.com,https://ottasia.com/api/mcp/sse,ottasia,0.2.0,2025-06-18,open,none,open,200,False,,,,,,,False,registry_serp_curated
outagedeck.com,outagedeck.com,https://outagedeck.com/api/mcp,outagedeck,1.1.0,2025-06-18,open,oauth,open,200,True,https://outagedeck.com/oauth/authorize,https://outagedeck.com/api/internal/oauth/token,https://outagedeck.com/api/internal/oauth/register,https://outagedeck.com,https://outagedeck.com/.well-known/oauth-protected-resource/api/mcp,mcp,False,registry_serp_curated
agentlookups.ai,overassessed.agentlookups.ai,https://overassessed.agentlookups.ai/mcp,overassessed,0.1,2025-06-18,open,none,open,200,False,,,,,,,False,registry_serp_curated
dropwatchhq.com,overdue.dropwatchhq.com,https://overdue.dropwatchhq.com/mcp,trial-overdue,1.0.0,2024-11-05,open,none,open,200,False,,,,,,,False,registry_serp_curated
owlgrouptrading.com,owlgrouptrading.com,https://owlgrouptrading.com/mcp,owl-indicator-code,0.1.0,2025-06-18,open,none,open,200,False,,,,,,,False,registry_serp_curated
owlx.app,owlx.app,https://owlx.app/mcp,OwlX,1.0.0,2025-06-18,open,none,open,200,False,,,,,,,False,registry_serp_curated
datakoot.com,package.datakoot.com,https://package.datakoot.com/mcp,package-intel,1.0.0,2024-11-05,open,none,open,200,False,,,,,,,False,registry_serp_curated
padel.how,padel.how,https://padel.how/mcp,padel.how Racket Catalogue,1.28.1,2025-06-18,open,none,open,200,False,,,,,,,False,registry_serp_curated
x402supply.com,page-extract.x402supply.com,https://page-extract.x402supply.com/sse,page-extract,0.1.0,2025-06-18,open,none,open,200,False,,,,,,,False,registry_serp_curated
palmyr.ai,palmyr.ai,https://palmyr.ai/mcp,ai.palmyr/palmyr,1.0.0,2025-06-18,open,none,open,200,False,,,,,,,False,registry_serp_curated
paralelo.bo,paralelo.bo,https://paralelo.bo/mcp,paralelo-bo,1.0.0,2025-06-18,open,none,open,200,False,,,,,,,False,registry_serp_curated
parcellaunch.com,parcellaunch.com,https://parcellaunch.com/mcp,parcellaunch,1.0.0,2025-06-18,open,none,open,200,False,,,,,,,False,registry_serp_curated
parcelsapp.com,parcelsapp.com,https://parcelsapp.com/mcp,parcels-shipment-tracking,0.3.0,2025-06-18,open,none,open,200,False,,,,,,,False,majestic_apex
custom-digital-services.fr,parsedoc.custom-digital-services.fr,https://parsedoc.custom-digital-services.fr/api/mcp,,,,auth_required,bearer,bearer,401,False,,,,,,,False,registry_serp_curated
dropwatchhq.com,patentgap.dropwatchhq.com,https://patentgap.dropwatchhq.com/mcp,patent-gap,1.0.0,2024-11-05,open,none,open,200,False,,,,,,,False,registry_serp_curated
pawlisty.com,pawlisty.com,https://pawlisty.com/mcp,pawlisty-listings,0.1.0,2025-06-18,open,none,open,200,False,,,,,,,False,registry_serp_curated
obsmetrics.com,paygent.obsmetrics.com,https://paygent.obsmetrics.com/mcp,paygent,0.0.9,2025-06-18,open,none,open,200,False,,,,,,,False,registry_serp_curated
wiselyenterprisesllc.com,payments.wiselyenterprisesllc.com,https://payments.wiselyenterprisesllc.com/ai/mcp,x402-agent-payment-infrastructure,2.1.8,2025-06-18,open,none,open,200,False,,,,,,,False,registry_serp_curated
peerpush.com,peerpush.com,https://peerpush.com/api/mcp,PeerPush,1.0.1,2025-06-18,open,none,open,200,False,,,,,,,False,registry_serp_curated
seoapi.com,perplexitybot.seoapi.com,https://perplexitybot.seoapi.com/mcp,perplexitybot,1.0.0,2025-06-18,open,none,open,200,False,,,,,,,False,registry_serp_curated
persnickety.bot,persnickety.bot,https://persnickety.bot/mcp,persnickety-bridal,1.0.1,2025-06-18,open,none,open,200,False,,,,,,,False,registry_serp_curated
seoapi.com,petalbot.seoapi.com,https://petalbot.seoapi.com/mcp,petalbot,1.0.0,2025-06-18,open,none,open,200,False,,,,,,,False,registry_serp_curated
dropwatchhq.com,phoenix.dropwatchhq.com,https://phoenix.dropwatchhq.com/mcp,phoenix-screen,1.0.0,2024-11-05,open,none,open,200,False,,,,,,,False,registry_serp_curated
x402supply.com,pii-redact.x402supply.com,https://pii-redact.x402supply.com/mcp,pii-redact,0.1.0,2025-06-18,open,none,open,200,False,,,,,,,False,registry_serp_curated
pirchjobs.com,pirchjobs.com,https://pirchjobs.com/mcp,pirch,1.0.0,2025-06-18,open,none,open,200,False,,,,,,,False,registry_serp_curated
pixelgust.com,pixelgust.com,https://pixelgust.com/mcp,pixelgust,1.0.0,2025-06-18,open,none,open,200,False,,,,,,,False,registry_serp_curated
pixserp.com,pixserp.com,https://pixserp.com/api/v1/mcp,pixserp,1.0.0,2025-06-18,open,none,open,200,False,,,,,,,False,registry_serp_curated
digitalpublic.com,platform.digitalpublic.com,https://platform.digitalpublic.com/api/mcp,,,,auth_required,oauth,oauth,401,True,https://platform.digitalpublic.com/api/oauth/authorize,https://platform.digitalpublic.com/api/oauth/token,https://platform.digitalpublic.com/api/oauth/register,https://platform.digitalpublic.com,https://platform.digitalpublic.com/.well-known/oauth-protected-resource,"read,write",False,registry_serp_curated
play.pl,play.pl,https://play.pl/api/mcp,,,,auth_required,bearer,bearer,401,False,,,,,,,False,majestic_apex
playground.ru,playground.ru,https://playground.ru/mcp,,,,auth_required,bearer,bearer,401,False,,,,,,,False,majestic_apex
plsreadme.com,plsreadme.com,https://plsreadme.com/mcp,,,,auth_required,oauth,oauth,401,True,https://plsreadme.com/authorize,https://plsreadme.com/oauth/token,https://plsreadme.com/oauth/register,https://plsreadme.com,https://plsreadme.com/.well-known/oauth-protected-resource/mcp,mcp:tools,False,registry_serp_curated
pocketdrives.ai,pocketdrives.ai,https://pocketdrives.ai/mcp,pocket-drives-mcp,1.0.0,2025-06-18,open,none,open,200,False,,,,,,,False,registry_serp_curated
petabloom.com,podcasts.petabloom.com,https://podcasts.petabloom.com/mcp,PodcastTranscriptSearch,0.2.7,2025-06-18,open,oauth,open,200,False,http://podcasts.petabloom.com/authorize,http://podcasts.petabloom.com/token,,http://podcasts.petabloom.com,,,False,registry_serp_curated
aloudable.com,podlex.aloudable.com,https://podlex.aloudable.com/mcp,,,,auth_required,oauth,oauth,401,True,https://podlex.aloudable.com/authorize,https://podlex.aloudable.com/token,https://podlex.aloudable.com/register,https://podlex.aloudable.com,https://podlex.aloudable.com/.well-known/oauth-protected-resource/mcp,,False,registry_serp_curated
pody.io,pody.io,https://pody.io/api/mcp,pody-mcp,1.0.0,2025-03-26,open,none,open,200,False,,,,,,,False,registry_serp_curated
pokes.dev,pokes.dev,https://pokes.dev/mcp,,,,auth_required,bearer,bearer,401,False,,,,,,,False,registry_serp_curated
policyforge.co,policyforge.co,https://policyforge.co/api/mcp,,,,auth_required,oauth,oauth,401,True,https://policyforge.co/oauth/authorize,https://policyforge.co/api/oauth/token,https://policyforge.co/api/oauth/register,https://policyforge.co,https://policyforge.co/.well-known/oauth-protected-resource/api/mcp,"policies:read,policies:write",False,registry_serp_curated
rootz.global,politics.rootz.global,https://politics.rootz.global/mcp,politics-rootz,0.3.0,2025-06-18,open,none,open,200,False,,,,,,,False,registry_serp_curated
popdot.ai,popdot.ai,https://popdot.ai/api/mcp,popdot-mcp,1.1.0,2025-03-26,open,none,open,200,False,,,,,,,False,registry_serp_curated
portfolio.fit,portfolio.fit,https://portfolio.fit/mcp,PortfolioFit,0.1.3,2025-06-18,open,oauth,open,200,True,https://portfolio.fit/oauth/authorize/,https://portfolio.fit/oauth/token/,https://portfolio.fit/oauth/register/,https://portfolio.fit,https://portfolio.fit/.well-known/oauth-protected-resource/mcp,analysis:run,False,registry_serp_curated
postalform.com,postalform.com,https://postalform.com/mcp,postalform,0.1.0,2025-06-18,open,none,open,200,False,,,,,,,False,registry_serp_curated
postlia.com,postlia.com,https://postlia.com/api/mcp,postlia,1.0.0,2025-06-18,open,none,open,200,False,,,,,,,False,registry_serp_curated
potomacledger.com,potomacledger.com,https://potomacledger.com/mcp,potomac-ledger,1.0.0,2025-06-18,open,none,open,200,False,,,,,,,False,registry_serp_curated
preclick.ai,preclick.ai,https://preclick.ai/mcp,ai.preclick/preclick-mcp,0.3.6,2025-06-18,open,none,open,200,False,,,,,,,False,registry_serp_curated
predictionmarketspicks.com,predictionmarketspicks.com,https://predictionmarketspicks.com/api/mcp/mcp,predictionmarketspicks,1.0.0,2025-06-18,open,none,open,200,False,,,,,,,False,registry_serp_curated
lorensaisolutions.com,preflight.lorensaisolutions.com,https://preflight.lorensaisolutions.com/mcp,agent-preflight-edge-paywall,2.1.0,2025-06-18,open,none,open,200,False,,,,,,,False,registry_serp_curated
preply.com,preply.com,https://preply.com/mcp,preply-mcp,0.2.0,2025-06-18,open,none,open,200,False,,,,,,,False,majestic_apex
halinc.tech,primacoda.halinc.tech,https://primacoda.halinc.tech/mcp,primacoda,1.27.0,2025-06-18,open,none,open,200,False,,,,,,,False,registry_serp_curated
primicias.ec,primicias.ec,https://primicias.ec/api/mcp,,,,auth_required,bearer,bearer,401,False,,,,,,,False,majestic_apex
prince.cloud,prince.cloud,https://prince.cloud/mcp,prince,1.26.0,2025-06-18,open,none,open,200,False,,,,,,,False,registry_serp_curated
printyourduck.com,printyourduck.com,https://printyourduck.com/api/mcp,printyourduck,0.1.0,2025-06-18,open,none,open,200,False,,,,,,,False,registry_serp_curated
prismfact.com,prismfact.com,https://prismfact.com/mcp,,,,mcp_error,,mcp_error,200,False,,,,,,,False,registry_serp_curated
rootz.global,private.rootz.global,https://private.rootz.global/mcp,private-company-intel,0.1.0,2024-11-05,open,none,open,200,False,,,,,,,False,registry_serp_curated
proflightsearch.com,proflightsearch.com,https://proflightsearch.com/mcp,pro-flight-search-airport-delays,1.0.2,2025-06-18,open,none,open,200,False,,,,,,,False,registry_serp_curated
fate-craft.com,profound.fate-craft.com,https://profound.fate-craft.com/api/mcp,tword-divination,1.0.0,2025-06-18,open,none,open,200,False,,,,,,,False,registry_serp_curated
progenly.com,progenly.com,https://progenly.com/mcp,progenly,1.0.0,2025-06-18,open,none,open,200,False,,,,,,,False,registry_serp_curated
promptsharp.ai,promptsharp.ai,https://promptsharp.ai/mcp,promptsharp,1.0.0,2025-06-18,open,none,open,200,False,,,,,,,False,registry_serp_curated
tatastu.dev,proof.tatastu.dev,https://proof.tatastu.dev/mcp,tatastu-proof,1.0.0,2025-06-18,open,none,open,200,False,,,,,,,False,registry_serp_curated
prooflayered.com,prooflayered.com,https://prooflayered.com/mcp,prooflayered,1.0.0,2025-06-18,open,none,open,200,False,,,,,,,False,registry_serp_curated
provinglab.dev,provinglab.dev,https://provinglab.dev/mcp,provinglab,1.23.0,2025-06-18,open,oauth,open,200,True,https://provinglab.dev/oauth/authorize,https://provinglab.dev/oauth/token,https://provinglab.dev/oauth/register,https://provinglab.dev,https://provinglab.dev/.well-known/oauth-protected-resource,read,False,registry_serp_curated
theaslangroupllc.com,pulse.theaslangroupllc.com,https://pulse.theaslangroupllc.com/api/mcp,PulseNetwork,1.1.0,2025-06-18,open,none,open,200,False,,,,,,,False,registry_serp_curated
lightyear.build,punks.lightyear.build,https://punks.lightyear.build/api/mcp,lightyear-cryptopunks,0.1.0,2025-06-18,open,none,open,200,False,,,,,,,False,registry_serp_curated
pyrimid.ai,pyrimid.ai,https://pyrimid.ai/api/mcp,pyrimid-mcp,0.1.0,2024-11-05,open,none,open,200,False,,,,,,,False,registry_serp_curated
dropwatchhq.com,qualify.dropwatchhq.com,https://qualify.dropwatchhq.com/mcp,dreamqualify,1.0.0,2024-11-05,open,none,open,200,False,,,,,,,False,registry_serp_curated
surewhynot.app,quantum-artificer.surewhynot.app,https://quantum-artificer.surewhynot.app/mcp,quantum-artificer,1.0.0,2025-06-18,open,none,open,200,False,,,,,,,False,registry_serp_curated
surewhynot.app,quartermaster.surewhynot.app,https://quartermaster.surewhynot.app/mcp,quartermaster,1.6.0,2025-06-18,open,none,open,200,False,,,,,,,False,registry_serp_curated
qubitsok.com,qubitsok.com,https://qubitsok.com/mcp,qubitsok,1.0.0,2025-06-18,open,none,open,200,False,,,,,,,False,registry_serp_curated
queuesim.com,queuesim.com,https://queuesim.com/mcp/v1,queuesim-v1,1.0.1,2025-06-18,open,none,open,200,False,,,,,,,False,registry_serp_curated
qumge.com,qumge.com,https://qumge.com/mcp,qumge-skills,1.0.0,2025-03-26,open,none,open,200,False,,,,,,,False,registry_serp_curated
quriovai.com,quriovai.com,https://quriovai.com/mcp/v1,,,,auth_required,bearer,bearer,401,False,,,,,,,False,registry_serp_curated
racecalendar.app,racecalendar.app,https://racecalendar.app/mcp,racecalendar-f1,4.0.0,2025-06-18,open,none,open,200,False,,,,,,,False,registry_serp_curated
radmail.ai,radmail.ai,https://radmail.ai/api/mcp/sandbox,radmail-sandbox,0.1.0,2025-06-18,open,none,open,200,False,,,,,,,False,registry_serp_curated
radveo.com,radveo.com,https://radveo.com/api/mcp,radveo,1.1.0,2025-06-18,open,none,open,200,False,,,,,,,False,registry_serp_curated
rakentajaoutlet.fi,rakentajaoutlet.fi,https://rakentajaoutlet.fi/mcp,Rakentaja Outlet,2.14.7,2025-06-18,open,none,open,200,False,,,,,,,False,registry_serp_curated
realastat.ai,realastat.ai,https://realastat.ai/api/mcp,,,,auth_required,oauth,oauth,401,True,https://ifqtwhbxhaascsemqqzb.supabase.co/auth/v1/oauth/authorize,https://ifqtwhbxhaascsemqqzb.supabase.co/auth/v1/oauth/token,https://ifqtwhbxhaascsemqqzb.supabase.co/auth/v1/oauth/clients/register,https://ifqtwhbxhaascsemqqzb.supabase.co/auth/v1,https://realastat.ai/.well-known/oauth-protected-resource,"openid,profile,email,phone,offline_access",False,registry_serp_curated
realitygraph.dev,realitygraph.dev,https://realitygraph.dev/api/mcp,reality-graph-verification-tools,2.0.0,2025-06-18,open,none,open,200,False,,,,,,,False,registry_serp_curated
recao.app,recao.app,https://recao.app/api/mcp,recao,0.2.0,2025-06-18,open,none,open,200,False,,,,,,,False,registry_serp_curated
aidatanorge.no,recipes.aidatanorge.no,https://recipes.aidatanorge.no/mcp,recipe-mcp,3.2.0,2025-06-18,open,none,open,200,False,,,,,,,False,registry_serp_curated
trendsapi.ai,reddit.api.trendsapi.ai,https://reddit.api.trendsapi.ai/mcp,paradox-intelligence-trends-mcp,1.0.0,2025-03-26,open,none,open,200,False,,,,,,,False,registry_serp_curated
agentskit.io,registry.agentskit.io,https://registry.agentskit.io/api/mcp,agentskit-registry,1.0.0,2024-11-05,open,none,open,200,False,,,,,,,False,registry_serp_curated
desvela.dev,registry.desvela.dev,https://registry.desvela.dev/mcp,ai.desvela/registry,0.1.0,2025-06-18,open,none,open,200,False,,,,,,,False,registry_serp_curated
datakoot.com,regulatory.datakoot.com,https://regulatory.datakoot.com/mcp,regulatory-intel,1.0.0,2024-11-05,open,none,open,200,False,,,,,,,False,registry_serp_curated
reliasim.com,reliasim.com,https://reliasim.com/mcp,reliasim,0.1.0,2024-11-05,open,none,open,200,False,,,,,,,False,registry_serp_curated
reliastats.com,reliastats.com,https://reliastats.com/mcp/v1,reliastats-v1,1.0.0,2025-06-18,open,none,open,200,False,,,,,,,False,registry_serp_curated
remotejobscenter.com,remotejobscenter.com,https://remotejobscenter.com/mcp,Remote Jobs Center,1.0.0,2025-06-18,open,none,open,200,False,,,,,,,False,registry_serp_curated
rootz.global,rental.rootz.global,https://rental.rootz.global/mcp,rental-rootz,1.0.0,2025-06-18,open,none,open,200,False,,,,,,,False,registry_serp_curated
repopilot.app,repopilot.app,https://repopilot.app/api/mcp,repopilot,2.2.0,2025-06-18,open,none,open,200,False,,,,,,,False,registry_serp_curated
dropwatchhq.com,research.dropwatchhq.com,https://research.dropwatchhq.com/mcp,research-intel,1.0.0,2024-11-05,open,none,open,200,False,,,,,,,False,registry_serp_curated
resolvemesh.com,resolvemesh.com,https://resolvemesh.com/mcp/public,resolvemesh-public-compatibility,0.1.0,2025-06-18,open,none,open,200,False,,,,,,,False,registry_serp_curated
revettr.com,revettr.com,https://revettr.com/mcp,Revettr,3.4.4,2025-06-18,open,none,open,200,False,,,,,,,False,registry_serp_curated
ridotaxi.com,ridotaxi.com,https://ridotaxi.com/mcp,taxi-rido-public-knowledge,1.1.0,2025-06-18,open,none,open,200,False,,,,,,,False,registry_serp_curated
rigorloop.com,rigorloop.com,https://rigorloop.com/mcp,,,,mcp_error,,mcp_error,400,False,,,,,,,False,registry_serp_curated
hf.space,rnvizion-rnv-color-mcp.hf.space,https://rnvizion-rnv-color-mcp.hf.space/mcp,rnv-color,3.4.4,2025-06-18,open,none,open,200,False,,,,,,,False,registry_serp_curated
robohub.app,robohub.app,https://robohub.app/api/mcp,robohub,1.0.0,2025-06-18,open,none,open,200,False,,,,,,,False,registry_serp_curated
rocketsloth.ai,rocketsloth.ai,https://rocketsloth.ai/mcp,rocketsloth,2.0.0,2025-06-18,open,none,open,200,False,,,,,,,False,registry_serp_curated
rodin.fyi,rodin.fyi,https://rodin.fyi/mcp,rodin,0.1.0,2025-06-18,open,none,open,200,False,,,,,,,False,registry_serp_curated
roxyapi.com,roxyapi.com,https://roxyapi.com/mcp,,,,mcp_error,,mcp_error,404,False,,,,,,,False,registry_serp_curated
roxyapi.com,roxyapi.com,https://roxyapi.com/mcp/dreams,roxy-dreams,2.0.0,2025-06-18,open,none,open,200,False,,,,,,,False,registry_serp_curated
roxyapi.com,roxyapi.com,https://roxyapi.com/mcp/forecast,roxy-forecast,2.0.0,2025-06-18,open,none,open,200,False,,,,,,,False,registry_serp_curated
roxyapi.com,roxyapi.com,https://roxyapi.com/mcp/human-design,roxy-human-design,2.0.0,2025-06-18,open,none,open,200,False,,,,,,,False,registry_serp_curated
roxyapi.com,roxyapi.com,https://roxyapi.com/mcp/iching,roxy-iching,2.0.0,2025-06-18,open,none,open,200,False,,,,,,,False,registry_serp_curated
roxyapi.com,roxyapi.com,https://roxyapi.com/mcp/location,roxy-location,2.0.0,2025-06-18,open,none,open,200,False,,,,,,,False,registry_serp_curated
roxyapi.com,roxyapi.com,https://roxyapi.com/mcp/numerology,roxy-numerology,2.0.0,2025-06-18,open,none,open,200,False,,,,,,,False,registry_serp_curated
roxyapi.com,roxyapi.com,https://roxyapi.com/mcp/tarot,roxy-tarot,2.0.0,2025-06-18,open,none,open,200,False,,,,,,,False,registry_serp_curated
roxyapi.com,roxyapi.com,https://roxyapi.com/mcp/vedic-astrology,roxy-vedic-astrology,2.0.0,2025-06-18,open,none,open,200,False,,,,,,,False,registry_serp_curated
aex402.com,rpc.aex402.com,https://rpc.aex402.com/mcp,rpc-aex402,0.2.0,2025-06-18,open,none,open,200,False,,,,,,,False,
runoscript.com,runoscript.com,https://runoscript.com/mcp,runoscript,1.28.1,2025-06-18,open,none,open,200,False,,,,,,,False,registry_serp_curated
ruscrape.com,ruscrape.com,https://ruscrape.com/mcp,russia-access,1.27.2,2025-06-18,open,none,open,200,False,,,,,,,False,registry_serp_curated
agentlookups.ai,rx.agentlookups.ai,https://rx.agentlookups.ai/mcp,counterscript,0.1,2025-06-18,open,none,open,200,False,,,,,,,False,registry_serp_curated
rye.dev,rye.dev,https://rye.dev/mcp,rye.dev,1.3.0,2025-06-18,open,oauth,open,200,False,https://rye.dev/oauth/authorize,https://rye.dev/oauth/token,,https://rye.dev,https://rye.dev/.well-known/oauth-protected-resource,,False,registry_serp_curated
rzailabs.com,rzailabs.com,https://rzailabs.com/mcp,RZ AI Labs,1.0.0,2025-06-18,open,none,open,200,False,,,,,,,False,registry_serp_curated
saasbrowser.com,saasbrowser.com,https://saasbrowser.com/mcp,saas-browser,1.0.0,2025-06-18,open,none,open,200,False,,,,,,,False,registry_serp_curated
saasdossier.com,saasdossier.com,https://saasdossier.com/mcp,SaaSDossier,1.1.0,2025-06-18,open,none,open,200,False,,,,,,,False,registry_serp_curated
dropwatchhq.com,safecheck.dropwatchhq.com,https://safecheck.dropwatchhq.com/mcp,safe-check,1.0.0,2024-11-05,open,none,open,200,False,,,,,,,False,registry_serp_curated
salvagesignal.com,salvagesignal.com,https://salvagesignal.com/api/mcp,salvage-signal,1.3.0,2025-06-18,open,none,open,200,False,,,,,,,False,registry_serp_curated
samedaydesk.com,samedaydesk.com,https://samedaydesk.com/mcp,samedaydesk-ai-readiness,1.1.0,2025-06-18,open,none,open,200,False,,,,,,,False,registry_serp_curated
santismm.com,santismm.com,https://santismm.com/mcp,santismm-knowledge,0.2.1,2025-06-18,open,none,open,200,False,,,,,,,False,registry_serp_curated
schedulala.com,schedulala.com,https://schedulala.com/api/mcp,,,,auth_required,oauth,oauth,401,True,https://schedulala.com/oauth/authorize,https://schedulala.com/api/oauth/token,https://schedulala.com/api/oauth/register,https://schedulala.com,https://schedulala.com/.well-known/oauth-protected-resource,"schedulala,offline_access",False,registry_serp_curated
scmodeling.com,scmodeling.com,https://scmodeling.com/mcp,scmodeling,1.0,2024-11-05,open,none,open,200,False,,,,,,,False,registry_serp_curated
dropwatchhq.com,screen.dropwatchhq.com,https://screen.dropwatchhq.com/mcp,entity-screen,1.0.0,2024-11-05,open,none,open,200,False,,,,,,,False,registry_serp_curated
ainode.tech,search.api.ainode.tech,https://search.api.ainode.tech/mcp,search-router,0.1.0,2025-06-18,open,none,open,200,False,,,,,,,False,registry_serp_curated
nttzen.cloud,secdb.nttzen.cloud,https://secdb.nttzen.cloud/mcp,NTT DATA ZEN SecDB Portal - MCP Server,26.4.90,2025-11-25,open,none,open,200,False,,,,,,,False,registry_serp_curated
secondopinionx402.com,secondopinionx402.com,https://secondopinionx402.com/mcp,second-opinion,0.2.0,2025-06-18,open,none,open,200,False,,,,,,,False,registry_serp_curated
datakoot.com,security.datakoot.com,https://security.datakoot.com/mcp,security-intel,2.0.0,2024-11-05,open,none,open,200,False,,,,,,,False,registry_serp_curated
selloracle.com,selloracle.com,https://selloracle.com/mcp,selloracle,0.1.0,2025-06-18,open,none,open,200,False,,,,,,,False,registry_serp_curated
sendpageapp.com,sendpageapp.com,https://sendpageapp.com/mcp,sendpage,1.0.0,2025-06-18,open,none,open,200,False,,,,,,,False,registry_serp_curated
sendyouragent.com,sendyouragent.com,https://sendyouragent.com/mcp,com.sendyouragent/readiness,1.0.0,2025-06-18,open,none,open,200,False,,,,,,,False,registry_serp_curated
sense2.com.au,sense2.com.au,https://sense2.com.au/api/mcp,sense2-catalogue,1.0.0,2024-11-05,open,none,open,200,False,,,,,,,False,registry_serp_curated
sentedge.ai,sentedge.ai,https://sentedge.ai/mcp,sentedge-idea-machine,1.0.0,2025-06-18,open,none,open,200,False,,,,,,,False,registry_serp_curated
senzii.com,senzii.com,https://senzii.com/mcp,,,,auth_required,oauth,oauth,401,True,https://senzii.com/oauth/authorize,https://senzii.com/oauth/token,https://senzii.com/oauth/register,https://senzii.com,https://senzii.com/.well-known/oauth-protected-resource,mcp:tools,False,registry_serp_curated
seqbench.com,seqbench.com,https://seqbench.com/api/mcp,SeqBench MCP,1.1.0,2025-06-18,open,none,open,200,False,,,,,,,False,registry_serp_curated
honestdog.de,server.honestdog.de,https://server.honestdog.de/api/v1/mcp,honestdog,1.0.0,2025-06-18,open,none,open,200,False,,,,,,,False,registry_serp_curated
seoapi.com,seznambot.seoapi.com,https://seznambot.seoapi.com/mcp,seznambot,1.0.0,2025-06-18,open,none,open,200,False,,,,,,,False,registry_serp_curated
shieldz.cash,shieldz.cash,https://shieldz.cash/mcp,shieldz,0.3.0,2025-06-18,open,none,open,200,False,,,,,,,False,registry_serp_curated
rootz.global,ship.rootz.global,https://ship.rootz.global/mcp,shipping-intel,0.1.0,2024-11-05,open,none,open,200,False,,,,,,,False,registry_serp_curated
shirabe.dev,shirabe.dev,https://shirabe.dev/mcp,shirabe-hub,0.1.0,2025-06-18,open,none,open,200,False,,,,,,,False,registry_serp_curated
shonanfarm.com,shonanfarm.com,https://shonanfarm.com/wp-json/zama/v1/mcp,UsedBikeCenter ZAMA バイク買取,2.3.0,2025-06-18,open,none,open,200,False,,,,,,,False,registry_serp_curated
customblinds.co.za,shop.customblinds.co.za,https://shop.customblinds.co.za/mcp,custom-blinds-shop,1.0.0,2024-11-05,open,none,open,200,False,,,,,,,False,registry_serp_curated
shorttext.com,shorttext.com,https://shorttext.com/mcp,shorttext,1.0.0,2025-06-18,open,none,open,200,False,,,,,,,False,registry_serp_curated
showmeonmap.com,showmeonmap.com,https://showmeonmap.com/api/mcp,showmeonmap,0.1.0,2025-06-18,open,none,open,200,False,,,,,,,False,registry_serp_curated
siliconfriendly.com,siliconfriendly.com,https://siliconfriendly.com/mcp,Silicon Friendly,1.26.0,2025-06-18,open,none,open,200,False,,,,,,,False,registry_serp_curated
911fund.io,skills.911fund.io,https://skills.911fund.io/api/mcp,skill-of-skills,3.8.0,2025-06-18,open,none,open,200,False,,,,,,,False,registry_serp_curated
skim402.com,skim402.com,https://skim402.com/api/mcp,skim,0.1.0,2025-06-18,open,none,open,200,False,,,,,,,False,registry_serp_curated
skipodds.com,skipodds.com,https://skipodds.com/mcp,skipodds,1.0.0,2025-06-18,open,none,open,200,False,,,,,,,False,registry_serp_curated
skyalo.com,skyalo.com,https://skyalo.com/chatgpt/mcp,skyalo-travel-connectivity-guide,1.0.0,2025-06-18,open,none,open,200,False,,,,,,,False,registry_serp_curated
snaptoll.com,snaptoll.com,https://snaptoll.com/api/mcp,snaptoll,1.0.0,2025-06-18,open,none,open,200,False,,,,,,,False,registry_serp_curated
sneaker-hub.com,sneaker-hub.com,https://sneaker-hub.com/api/mcp,stride-sneaker-shop,1.0.0,2025-06-18,open,none,open,200,False,,,,,,,False,registry_serp_curated
trendsapi.ai,social-media.api.trendsapi.ai,https://social-media.api.trendsapi.ai/mcp,paradox-intelligence-trends-mcp,1.0.0,2025-03-26,open,none,open,200,False,,,,,,,False,registry_serp_curated
dropwatchhq.com,social.dropwatchhq.com,https://social.dropwatchhq.com/mcp,social-pulse,1.0.0,2024-11-05,open,none,open,200,False,,,,,,,False,registry_serp_curated
seoapi.com,sogouwebspider.seoapi.com,https://sogouwebspider.seoapi.com/mcp,sogouwebspider,1.0.0,2025-06-18,open,none,open,200,False,,,,,,,False,registry_serp_curated
sonlightwindow.com,sonlightwindow.com,https://sonlightwindow.com/mcp,sonlight-window-cleaning,2026-07-06,2025-06-18,open,none,open,200,False,,,,,,,False,registry_serp_curated
sorsa.app,sorsa.app,https://sorsa.app/mcp,sorsa,1.28.1,2025-06-18,open,none,open,200,False,,,,,,,False,registry_serp_curated
sourcelibrary.org,sourcelibrary.org,https://sourcelibrary.org/api/mcp,source-library,4.4.0,2025-06-18,open,none,open,200,False,,,,,,,False,registry_serp_curated
statisticsoftheworld.com,statisticsoftheworld.com,https://statisticsoftheworld.com/api/mcp,statistics-of-the-world,1.0.0,2024-11-05,open,none,open,200,False,,,,,,,False,registry_serp_curated
trendsapi.ai,steam.api.trendsapi.ai,https://steam.api.trendsapi.ai/mcp,paradox-intelligence-trends-mcp,1.0.0,2025-03-26,open,none,open,200,False,,,,,,,False,registry_serp_curated
stopful.com,stopful.com,https://stopful.com/api/mcp,stopful,2.35.0,2025-06-18,open,none,open,200,False,,,,,,,False,registry_serp_curated
streetproof.com,streetproof.com,https://streetproof.com/mcp,streetproof,1.9.0,2025-06-18,open,none,open,200,False,,,,,,,False,registry_serp_curated
askqa.app,structforge.askqa.app,https://structforge.askqa.app/mcp,structforge,1.1.0,2025-06-18,open,none,open,200,False,,,,,,,False,registry_serp_curated
gridgarden.eu,studio.gridgarden.eu,https://studio.gridgarden.eu/mcp,gridgarden-studio,1.0.0,2025-06-18,open,none,open,200,False,,,,,,,False,registry_serp_curated
sunshineatlas.com,sunshineatlas.com,https://sunshineatlas.com/api/mcp,Sunshine Map,1.1.0,2025-06-18,open,none,open,200,False,,,,,,,False,registry_serp_curated
suzuri.dev,suzuri.dev,https://suzuri.dev/mcp,suzuri-mcp,0.1.0,2025-06-18,open,none,open,200,False,,,,,,,False,registry_serp_curated
stanislav.garden,svelte-llm.stanislav.garden,https://svelte-llm.stanislav.garden/mcp/mcp,mcp-typescript server on vercel,0.1.0,2025-06-18,open,none,open,200,False,,,,,,,False,registry_serp_curated
swaptitan.net,swaptitan.net,https://swaptitan.net/mcp,SwapTitan MCP,1.0.0,2025-06-18,open,none,open,200,False,,,,,,,False,registry_serp_curated
ainode.tech,swiss.api.ainode.tech,https://swiss.api.ainode.tech/mcp,swiss-army,0.1.0,2025-06-18,open,none,open,200,False,,,,,,,False,registry_serp_curated
swisslivingindex.ch,swisslivingindex.ch,https://swisslivingindex.ch/mcp,swiss-living-index,1.1.0,2024-11-05,open,none,open,200,False,,,,,,,False,registry_serp_curated
maximem.ai,synap-mcp.maximem.ai,https://synap-mcp.maximem.ai/mcp,synap,0.1.0,2025-06-18,open,none,open,200,False,,,,,,,False,registry_serp_curated
synergieloc.fr,synergieloc.fr,https://synergieloc.fr/mcp,synergieloc-immobilier,1.0.0,2024-11-05,open,none,open,200,False,,,,,,,False,registry_serp_curated
tallymesh.com,tallymesh.com,https://tallymesh.com/mcp,tallymesh,1.0.0,2025-06-18,open,none,open,200,False,,,,,,,False,registry_serp_curated
tallymeter.com,tallymeter.com,https://tallymeter.com/mcp,,,,auth_required,bearer,bearer,401,False,,,,,,,False,registry_serp_curated
tango.dev,tango.dev,https://tango.dev/mcp,,,,auth_required,oauth,oauth,401,True,https://tango.makegov.com/o/authorize/,https://tango.makegov.com/o/token/,https://tango.makegov.com/o/register/,https://tango.makegov.com,https://tango.dev/.well-known/oauth-protected-resource,read,False,registry_serp_curated
alamavar.com,taskrail.alamavar.com,https://taskrail.alamavar.com/mcp,taskrail-practical-agent-utilities,1.3.1,2025-06-18,open,none,open,200,False,,,,,,,False,registry_serp_curated
talkarcllc.com,team.talkarcllc.com,https://team.talkarcllc.com/mcp,,,,auth_required,oauth,oauth,401,False,https://team.talkarcllc.com/oauth/authorize,https://team.talkarcllc.com/oauth/token,,https://team.talkarcllc.com,https://team.talkarcllc.com/.well-known/oauth-protected-resource/mcp,"workspace:read,workspace:write",False,registry_serp_curated
teenpsychiatry.ai,teenpsychiatry.ai,https://teenpsychiatry.ai/api/mcp/v1,Psychiatry for Teens,1.0.0,2025-06-18,open,oauth,open,200,False,,,,,https://teenpsychiatry.ai/.well-known/oauth-protected-resource,read,False,registry_serp_curated
tekboss.ai,tekboss.ai,https://tekboss.ai/mcp/assessment,TEK BOSS Small Business AI Strategy Assessment,1.0.2,2025-06-18,open,none,open,200,False,,,,,,,False,registry_serp_curated
tenderhunt.ai,tenderhunt.ai,https://tenderhunt.ai/mcp,,,,auth_required,bearer,bearer,401,False,,,,,,,False,registry_serp_curated
tendfeed.eu,tendfeed.eu,https://tendfeed.eu/api/mcp/tendfeed,tendfeed,1.0.0,2025-06-18,open,none,open,200,False,,,,,,,False,registry_serp_curated
tenjin.blog,tenjin.blog,https://tenjin.blog/api/mcp,tenjin,0.4.0,2025-06-18,open,none,open,200,False,,,,,,,False,registry_serp_curated
termal.in,termal.in,https://termal.in/api/v1/mcp,,,,auth_required,bearer,bearer,401,False,,,,,,,False,registry_serp_curated
themonexus.com,terminal.themonexus.com,https://terminal.themonexus.com/mcp,monexus-terminal,1.29.0,2025-06-18,open,none,open,200,False,,,,,,,False,registry_serp_curated
tesseralytics.dev,tesseralytics.dev,https://tesseralytics.dev/mcp,tessera-hyperliquid-data,0.1.0,2025-03-26,open,none,open,200,False,,,,,,,False,registry_serp_curated
thaiapp.com,thaiapp.com,https://thaiapp.com/bible-app/mcp,bible-app,1.0.0,2025-06-18,open,none,open,200,False,,,,,,,False,registry_serp_curated
hatchable.site,the-mine-works-mcp.hatchable.site,https://the-mine-works-mcp.hatchable.site/api/mcp,The Mine Works,1.0.0,2024-11-05,open,none,open,200,False,,,,,,,False,registry_serp_curated
intuitek.ai,the-stall.intuitek.ai,https://the-stall.intuitek.ai/mcp,The Stall,4.97.0,2025-06-18,open,none,open,200,False,,,,,,,False,registry_serp_curated
theagenttimes.com,theagenttimes.com,https://theagenttimes.com/mcp,the-agent-times,2.2.0,2024-11-05,open,none,open,200,False,,,,,,,False,registry_serp_curated
theaggregate.ai,theaggregate.ai,https://theaggregate.ai/mcp,the-aggregate,1.0.1,2025-06-18,open,none,open,200,False,,,,,,,False,registry_serp_curated
thecastlemap.com,thecastlemap.com,https://thecastlemap.com/mcp,castlemap,1.1.0,2025-06-18,open,none,open,200,False,,,,,,,False,registry_serp_curated
theoutdoorsapp.com,theoutdoorsapp.com,https://theoutdoorsapp.com/mcp,Outdoors MCP,1.0.0,2025-06-18,open,none,open,200,False,,,,,,,False,registry_serp_curated
thinkpattern.ai,thinkpattern.ai,https://thinkpattern.ai/mcp,thinkpattern,1.0.0,2025-06-18,open,none,open,200,False,,,,,,,False,registry_serp_curated
tickerfacts.com,tickerfacts.com,https://tickerfacts.com/mcp,tickerfacts,0.1.0,2025-06-18,open,none,open,200,False,,,,,,,False,registry_serp_curated
ticktape.cc,ticktape.cc,https://ticktape.cc/mcp,ticktape,1.0.0,2025-06-18,open,none,open,200,False,,,,,,,False,registry_serp_curated
trendsapi.ai,tiktok.api.trendsapi.ai,https://tiktok.api.trendsapi.ai/mcp,paradox-intelligence-trends-mcp,1.0.0,2025-03-26,open,none,open,200,False,,,,,,,False,registry_serp_curated
rootz.global,timeshare.rootz.global,https://timeshare.rootz.global/mcp,timeshare-rootz,0.1.0,2024-11-05,open,none,open,200,False,,,,,,,False,registry_serp_curated
timesrare.com,timesrare.com,https://timesrare.com/mcp/streamable-http,times-rare,1.5.1,2025-06-18,open,none,open,200,False,,,,,,,False,registry_serp_curated
timothe.ai,timothe.ai,https://timothe.ai/mcp/growth-calendar,,,,auth_required,oauth,oauth,401,True,https://api.timothe.ai/auth/v1/mcp/authorize,https://api.timothe.ai/auth/v1/mcp/token,https://api.timothe.ai/auth/v1/mcp/register,https://api.timothe.ai,https://timothe.ai/.well-known/oauth-protected-resource/mcp/growth-calendar,"openid,profile,email,offline_access",False,registry_serp_curated
dropwatchhq.com,titlecheck.dropwatchhq.com,https://titlecheck.dropwatchhq.com/mcp,title-check,1.0.0,2024-11-05,open,none,open,200,False,,,,,,,False,registry_serp_curated
tmpstate.dev,tmpstate.dev,https://tmpstate.dev/mcp,tmpstate,1.0.0,2025-06-18,open,none,open,200,False,,,,,,,False,registry_serp_curated
tofubofu.com,tofubofu.com,https://tofubofu.com/mcp,TofuBofu AI Visibility,1.28.1,2025-06-18,open,none,open,200,False,,,,,,,False,registry_serp_curated
toolcall.click,toolcall.click,https://toolcall.click/mcp,Toolsmith,1.0.0,2025-06-18,open,none,open,200,False,,,,,,,False,registry_serp_curated
tooldirectory.ai,tooldirectory.ai,https://tooldirectory.ai/api/mcp,tooldirectory-ai,1.0.0,2025-06-18,open,none,open,200,False,,,,,,,False,registry_serp_curated
borisinc.com,tools.borisinc.com,https://tools.borisinc.com/mcp,boris-tools,1.28.1,2025-06-18,open,none,open,200,False,,,,,,,False,registry_serp_curated
toolvend.dev,toolvend.dev,https://toolvend.dev/mcp,toolvend,1.0.0,2025-06-18,open,none,open,200,False,,,,,,,False,registry_serp_curated
toriigate.dev,toriigate.dev,https://toriigate.dev/mcp/food-db,toriigate/food-db,0.2.0,2025-06-18,open,none,open,200,False,,,,,,,False,registry_serp_curated
tosheroon.com,tosheroon.com,https://tosheroon.com/mcp,tosheroon,1.0.0,2025-03-26,open,none,open,200,False,,,,,,,False,registry_serp_curated
touchstone.cv,touchstone.cv,https://touchstone.cv/mcp,,,,auth_required,bearer,bearer,401,False,,,,,,,False,registry_serp_curated
sourcemill.ai,towing.sourcemill.ai,https://towing.sourcemill.ai/mcp,au-towing-legality,0.1.0,2024-11-05,open,none,open,200,False,,,,,,,False,registry_serp_curated
tradebasis.ca,tradebasis.ca,https://tradebasis.ca/mcp,tradebasis,1.0.0,2025-06-18,open,none,open,200,False,,,,,,,False,registry_serp_curated
trailweights.com,trailweights.com,https://trailweights.com/api/mcp,trailweights-mcp,0.1.0,2025-06-18,open,none,open,200,False,,,,,,,False,registry_serp_curated
trainrouter.com,trainrouter.com,https://trainrouter.com/mcp,trainrouter,1.0.3,2025-06-18,open,none,open,200,False,,,,,,,False,registry_serp_curated
foxfiver.com,transfer.foxfiver.com,https://transfer.foxfiver.com/mcp,foxfiver-state-transfer-tracker,1.0.0,2025-06-18,open,none,open,200,False,,,,,,,False,registry_serp_curated
transita.app,transita.app,https://transita.app/api/mcp,transita,0.1.0,2025-06-18,open,none,open,200,False,,,,,,,False,registry_serp_curated
trellistate.com,trellistate.com,https://trellistate.com/api/mcp,trellistate,0.1.0,2025-03-26,open,none,open,200,False,,,,,,,False,registry_serp_curated
trip1.com,trip1.com,https://trip1.com/api/mcp,trip1,1.0.0,2025-06-18,open,none,open,200,False,,,,,,,False,registry_serp_curated
tripitaka-mcp.com,tripitaka-mcp.com,https://tripitaka-mcp.com/mcp,,,,mcp_error,,mcp_error,400,False,,,,,,,False,registry_serp_curated
truevaluerankings.com,truevaluerankings.com,https://truevaluerankings.com/mcp,True Value Rankings,2.0.0,2025-06-18,open,none,open,200,False,,,,,,,False,registry_serp_curated
paladinfi.com,trust.paladinfi.com,https://trust.paladinfi.com/mcp,Paladin Trust Check,3.2.4,2025-06-18,open,none,open,200,False,,,,,,,False,registry_serp_curated
trustailaw.com,trustailaw.com,https://trustailaw.com/api/mcp,trustai-verify,1.0.0,2025-03-26,open,none,open,200,False,,,,,,,False,registry_serp_curated
truthscan.com,truthscan.com,https://truthscan.com/api/mcp,,,,auth_required,oauth,oauth,401,True,https://truthscan.com/api/mcp/oauth/authorize,https://truthscan.com/api/mcp/oauth/token,https://truthscan.com/api/mcp/oauth/register,https://truthscan.com,https://truthscan.com/.well-known/oauth-protected-resource,detect,False,registry_serp_curated
dinglebear.ai,ts.dinglebear.ai,https://ts.dinglebear.ai/mcp,,,,auth_required,oauth,oauth,403,True,https://ts.dinglebear.ai/authorize,https://ts.dinglebear.ai/token,https://ts.dinglebear.ai/register,https://ts.dinglebear.ai,https://ts.dinglebear.ai/.well-known/oauth-protected-resource/mcp,"tailscale:read,tailscale:write,tailscale:admin",False,registry_serp_curated
madeinro.eu,tv.madeinro.eu,https://tv.madeinro.eu/mcp,rotv-mcp,3.3.0,2025-06-18,open,none,open,200,False,,,,,,,False,registry_serp_curated
umesh-malik.com,umesh-malik.com,https://umesh-malik.com/mcp,umesh-malik-portfolio,1.0.0,2025-06-18,open,oauth,open,200,False,,,,https://umesh-malik.com,https://umesh-malik.com/.well-known/oauth-protected-resource,mcp:read,False,registry_serp_curated
unquant.ai,unquant.ai,https://unquant.ai/mcp,unquant,1.26.0,2025-06-18,open,oauth,open,200,True,https://unquant.ai/authorize,https://unquant.ai/token,https://unquant.ai/register,https://unquant.ai/,https://unquant.ai/.well-known/oauth-protected-resource/mcp,datasets.read,False,registry_serp_curated
usaref.dev,usaref.dev,https://usaref.dev/mcp,usaref,1.0.0,2025-06-18,open,none,open,200,False,,,,,,,False,registry_serp_curated
useaxis.dev,useaxis.dev,https://useaxis.dev/api/mcp,,,,auth_required,oauth,oauth,401,True,https://useaxis.dev/api/oauth/authorize,https://useaxis.dev/api/oauth/token,https://useaxis.dev/api/oauth/register,https://useaxis.dev,https://useaxis.dev/.well-known/oauth-protected-resource,mcp,False,registry_serp_curated
useclippy.cc,useclippy.cc,https://useclippy.cc/mcp,Clippy,1.0.0,2025-06-18,open,none,open,200,False,,,,,,,False,registry_serp_curated
usefreebox.com,usefreebox.com,https://usefreebox.com/api/mcp,,,,auth_required,oauth,oauth,401,True,https://usefreebox.com/oauth/authorize,https://usefreebox.com/api/oauth/token,https://usefreebox.com/api/oauth/register,https://usefreebox.com,https://usefreebox.com/.well-known/oauth-protected-resource/api/mcp,freebox,False,registry_serp_curated
usesideways.com,usesideways.com,https://usesideways.com/mcp,Sideways,1.2.3,2025-06-18,open,none,open,200,False,,,,,,,False,registry_serp_curated
uurl.at,uurl.at,https://uurl.at/mcp,uurl-bundler,0.2.0,2025-03-26,open,none,open,200,False,,,,,,,False,registry_serp_curated
value.us,value.us,https://value.us/mcp,value.us,1.0.0,2025-06-18,open,none,open,200,False,,,,,,,False,registry_serp_curated
veilpoint.ca,veilpoint.ca,https://veilpoint.ca/mcp,opportunity-exchange,1.0.0,2025-06-18,open,none,open,200,False,,,,,,,False,registry_serp_curated
verifi.cloud,verifi.cloud,https://verifi.cloud/mcp,verifi,2.0.0,2025-06-18,open,none,open,200,False,,,,,,,False,registry_serp_curated
edu.au,verificate-portal-verificate-granite-4-small.apps.gpu4.fusion.isys.hpc.dc.uq.edu.au,https://verificate-portal-verificate-granite-4-small.apps.gpu4.fusion.isys.hpc.dc.uq.edu.au/mcp,verificate-mcp-http,0.7.1,2024-11-05,open,none,open,200,False,,,,,,,False,registry_serp_curated
dropwatchhq.com,verified.dropwatchhq.com,https://verified.dropwatchhq.com/mcp,verified-feed,1.0.0,2024-11-05,open,none,open,200,False,,,,,,,False,registry_serp_curated
vetclinic.info,vetclinic.info,https://vetclinic.info/mcp,vetclinic.info MCP server,1.24.0,2024-11-05,open,none,open,200,False,,,,,,,False,registry_serp_curated
vetosql.com,vetosql.com,https://vetosql.com/mcp,veto,0.4.0,2025-06-18,open,none,open,200,False,,,,,,,False,registry_serp_curated
humanified.dk,vf.humanified.dk,https://vf.humanified.dk/mcp,values-firewall,3.4.5,2025-06-18,open,none,open,200,False,,,,,,,False,registry_serp_curated
viatsy.com,viatsy.com,https://viatsy.com/mcp,viatsy-mcp,1.0.0,2025-06-18,open,none,open,200,False,,,,,,,False,registry_serp_curated
virus-alert.com,virus-alert.com,https://virus-alert.com/api/mcp,agent-observatory-digital-twin,0.5.0,2025-03-26,open,none,open,200,False,,,,,,,False,registry_serp_curated
voxodds.com,voxodds.com,https://voxodds.com/mcp,voxodds,1.29.0,2025-06-18,open,none,open,200,False,,,,,,,False,registry_serp_curated
wallet-connectors.com,wallet-connectors.com,https://wallet-connectors.com/mcp,MCP server for data wallet,1.4.0,2025-06-18,open,none,open,200,False,,,,,,,False,registry_serp_curated
walnai.com,walnai.com,https://walnai.com/mcp,WalnaiWebsite,1.0.0.0,2025-06-18,open,none,open,200,False,,,,,,,False,registry_serp_curated
warmthengine.com,warmthengine.com,https://warmthengine.com/mcp,Warmth Engine Observatory,1.18.4,2025-06-18,open,none,open,200,False,,,,,,,False,registry_serp_curated
watchtower-api.com,watchtower-api.com,https://watchtower-api.com/mcp,watchtower-sanctions-screening,1.1.0,2025-06-18,open,none,open,200,False,,,,,,,False,registry_serp_curated
wattgap.com,wattgap.com,https://wattgap.com/api/mcp,,,,mcp_error,,mcp_error,400,False,,,,,,,False,registry_serp_curated
datakoot.com,weather.datakoot.com,https://weather.datakoot.com/mcp,weather-intel,1.0.0,2024-11-05,open,none,open,200,False,,,,,,,False,registry_serp_curated
webhook-studio.com,webhook-studio.com,https://webhook-studio.com/mcp,webhook-studio,0.1.0,2025-06-18,open,none,open,200,False,,,,,,,False,registry_serp_curated
webmatik.ai,webmatik.ai,https://webmatik.ai/mcp,Webmatik,1.0.0,2025-06-18,open,none,open,200,False,,,,,,,False,registry_serp_curated
zeltser.com,website-mcp.zeltser.com,https://website-mcp.zeltser.com/mcp,Lenny Zeltser's Website MCP Server,8.1.3,2025-06-18,open,none,open,200,False,,,,,,,False,registry_serp_curated
websitelaunches.com,websitelaunches.com,https://websitelaunches.com/mcp,Website Launches,1.0.0,2025-06-18,open,none,open,200,False,,,,,,,False,registry_serp_curated
weverlabs.com,weverlabs.com,https://weverlabs.com/api/mcp,wever-labs-service-resolver,3.0.0,2025-11-25,open,none,open,200,False,,,,,,,False,registry_serp_curated
whenna.com,whenna.com,https://whenna.com/mcp,whenna,2.0.0,2025-06-18,open,none,open,200,False,,,,,,,False,registry_serp_curated
ddnsip.cn,whois.ddnsip.cn,https://whois.ddnsip.cn/mcp,whois,v1.1.1-0.20260726034109-95ce878481e5+dirty,2025-06-18,open,none,open,200,False,,,,,,,False,registry_serp_curated
trendsapi.ai,wikipedia.api.trendsapi.ai,https://wikipedia.api.trendsapi.ai/mcp,paradox-intelligence-trends-mcp,1.0.0,2025-03-26,open,none,open,200,False,,,,,,,False,registry_serp_curated
withresumeai.com,withresumeai.com,https://withresumeai.com/api/mcp,resumeai-ats,1.2.0,2025-06-18,open,none,open,200,False,,,,,,,False,registry_serp_curated
wmcp.sh,wmcp.sh,https://wmcp.sh/mcp/trust,wmcp.sh MCP trust oracle,1.0.0,2025-06-18,open,none,open,200,False,,,,,,,False,registry_serp_curated
wokonsole.de,wokonsole.de,https://wokonsole.de/api/mcp,wokonsole.de-preisvergleich,2026-07-07,2025-06-18,open,none,open,200,False,,,,,,,False,registry_serp_curated
wolaptop.de,wolaptop.de,https://wolaptop.de/api/mcp,wolaptop.de-preisvergleich,2026-07-07,2025-06-18,open,none,open,200,False,,,,,,,False,registry_serp_curated
wopool.de,wopool.de,https://wopool.de/api/mcp,wopool.de-preisvergleich,2026-07-07,2025-06-18,open,none,open,200,False,,,,,,,False,registry_serp_curated
work-pick.com,work-pick.com,https://work-pick.com/api/mcp,workpick-press,0.2.0,2025-06-18,open,none,open,200,False,,,,,,,False,registry_serp_curated
rams.ai,worker.rams.ai,https://worker.rams.ai/mcp,rams,1.0.0,2025-06-18,open,none,open,200,False,,,,,,,False,registry_serp_curated
workprotocol.ai,workprotocol.ai,https://workprotocol.ai/api/mcp,workprotocol,2.0.0,2024-11-05,open,none,open,200,False,,,,,,,False,registry_serp_curated
workspace-developer.goog,workspace-developer.goog,https://workspace-developer.goog/mcp,Google Workspace Developers,unknown,2025-06-18,open,none,open,200,False,,,,,,,False,registry_serp_curated
worldhums.com,worldhums.com,https://worldhums.com/mcp,worldhums,1.0.0,2025-06-18,open,none,open,200,False,,,,,,,False,registry_serp_curated
woroller.de,woroller.de,https://woroller.de/api/mcp,woroller.de-preisvergleich,2026-07-07,2025-06-18,open,none,open,200,False,,,,,,,False,registry_serp_curated
wosneaker.de,wosneaker.de,https://wosneaker.de/api/mcp,wosneaker.de-preisvergleich,2026-07-07,2025-06-18,open,none,open,200,False,,,,,,,False,registry_serp_curated
wosolar.de,wosolar.de,https://wosolar.de/api/mcp,wosolar.de-preisvergleich,2026-07-07,2025-06-18,open,none,open,200,False,,,,,,,False,registry_serp_curated
wospeicher.de,wospeicher.de,https://wospeicher.de/api/mcp,wospeicher.de-preisvergleich,2026-07-07,2025-06-18,open,none,open,200,False,,,,,,,False,registry_serp_curated
wostrom.de,wostrom.de,https://wostrom.de/api/mcp,wostrom.de-preisvergleich,2026-07-07,2025-06-18,open,none,open,200,False,,,,,,,False,registry_serp_curated
wotablet.de,wotablet.de,https://wotablet.de/api/mcp,wotablet.de-preisvergleich,2026-07-07,2025-06-18,open,none,open,200,False,,,,,,,False,registry_serp_curated
wouhr.de,wouhr.de,https://wouhr.de/api/mcp,wouhr.de-preisvergleich,2026-07-07,2025-06-18,open,none,open,200,False,,,,,,,False,registry_serp_curated
wovitamine.de,wovitamine.de,https://wovitamine.de/api/mcp,wovitamine.de-preisvergleich,2026-07-07,2025-06-18,open,none,open,200,False,,,,,,,False,registry_serp_curated
writeflow.ink,writeflow.ink,https://writeflow.ink/mcp,ink.writeflow/writeflow,1.0.0,2025-06-18,open,none,open,200,False,,,,,,,False,registry_serp_curated
101soundboards.com,www.101soundboards.com,https://www.101soundboards.com/mcp/search,Search,0.0.1,2025-06-18,open,none,open,200,False,,,,,,,False,registry_serp_curated
aar.org,www.aar.org,https://www.aar.org/wp-json/mcp/mcp-oauth-server,,,,auth_required,oauth,oauth,401,False,https://www.aar.org/oauth/authorize,https://www.aar.org/oauth/token,,https://www.aar.org,https://www.aar.org/.well-known/oauth-protected-resource,mcp,False,majestic_prm
abbyseo.com,www.abbyseo.com,https://www.abbyseo.com/mcp,abbyseo,0.1.1,2024-11-05,open,none,open,200,False,,,,,,,False,registry_serp_curated
ablakunio.com,www.ablakunio.com,https://www.ablakunio.com/api/mcp,ablakunio-mcp,0.1.0,2025-06-18,open,none,open,200,False,,,,,,,False,registry_serp_curated
aboutlawsuits.com,www.aboutlawsuits.com,https://www.aboutlawsuits.com/wp-json/mcp/mcp-oauth-server,,,,auth_required,oauth,oauth,401,False,https://www.aboutlawsuits.com/oauth/authorize,https://www.aboutlawsuits.com/oauth/token,,https://www.aboutlawsuits.com,https://www.aboutlawsuits.com/.well-known/oauth-protected-resource,mcp,False,majestic_prm
abyssfallgame.com,www.abyssfallgame.com,https://www.abyssfallgame.com/mcp,abyssfall,3.4.2,2025-06-18,open,none,open,200,False,,,,,,,False,registry_serp_curated
actian.com,www.actian.com,https://www.actian.com/wp-json/mcp/mcp-oauth-server,,,,auth_required,oauth,oauth,401,False,https://www.actian.com/oauth/authorize,https://www.actian.com/oauth/token,,https://www.actian.com,https://www.actian.com/.well-known/oauth-protected-resource,mcp,False,majestic_prm
addictaide.fr,www.addictaide.fr,https://www.addictaide.fr/wp-json/mcp/mcp-oauth-server,,,,auth_required,oauth,oauth,401,False,https://www.addictaide.fr/oauth/authorize,https://www.addictaide.fr/oauth/token,,https://www.addictaide.fr,https://www.addictaide.fr/.well-known/oauth-protected-resource,mcp,False,majestic_prm
addictioncenter.com,www.addictioncenter.com,https://www.addictioncenter.com/wp-json/mcp/mcp-oauth-server,,,,auth_required,oauth,oauth,401,False,https://www.addictioncenter.com/oauth/authorize,https://www.addictioncenter.com/oauth/token,,https://www.addictioncenter.com,https://www.addictioncenter.com/.well-known/oauth-protected-resource,mcp,False,majestic_prm
advancedmd.com,www.advancedmd.com,https://www.advancedmd.com/wp-json/mcp/mcp-oauth-server,,,,auth_required,oauth,oauth,401,False,https://www.advancedmd.com/oauth/authorize,https://www.advancedmd.com/oauth/token,,https://www.advancedmd.com,https://www.advancedmd.com/.well-known/oauth-protected-resource,mcp,False,majestic_prm
adventurouskate.com,www.adventurouskate.com,https://www.adventurouskate.com/wp-json/mcp/mcp-oauth-server,,,,auth_required,oauth,oauth,401,False,https://www.adventurouskate.com/oauth/authorize,https://www.adventurouskate.com/oauth/token,,https://www.adventurouskate.com,https://www.adventurouskate.com/.well-known/oauth-protected-resource,mcp,False,majestic_prm
advocatesforyouth.org,www.advocatesforyouth.org,https://www.advocatesforyouth.org/wp-json/mcp/mcp-oauth-server,,,,auth_required,oauth,oauth,403,False,https://www.advocatesforyouth.org/oauth/authorize,https://www.advocatesforyouth.org/oauth/token,,https://www.advocatesforyouth.org,https://www.advocatesforyouth.org/.well-known/oauth-protected-resource,mcp,False,majestic_prm
afbudsrejser.dk,www.afbudsrejser.dk,https://www.afbudsrejser.dk/mcp,travel-search-afbudsrejser-dk,1.0.0,2025-06-18,open,none,open,200,False,,,,,,,False,registry_serp_curated
afd.de,www.afd.de,https://www.afd.de/wp-json/mcp/mcp-oauth-server,,,,auth_required,oauth,oauth,401,False,https://www.afd.de/oauth/authorize,https://www.afd.de/oauth/token,,https://www.afd.de,https://www.afd.de/.well-known/oauth-protected-resource,mcp,False,majestic_prm
africanbites.com,www.africanbites.com,https://www.africanbites.com/wp-json/mcp/mcp-oauth-server,,,,auth_required,oauth,oauth,401,False,https://www.africanbites.com/oauth/authorize,https://www.africanbites.com/oauth/token,,https://www.africanbites.com,https://www.africanbites.com/.well-known/oauth-protected-resource,mcp,False,majestic_prm
agentopskit.dev,www.agentopskit.dev,https://www.agentopskit.dev/mcp,constitution-lint,1.2.0,2025-06-18,open,none,open,200,False,,,,,,,False,registry_serp_curated
it.com,www.agentready.it.com,https://www.agentready.it.com/api/mcp,agentready,1.3.0,2025-06-18,open,none,open,200,False,,,,,,,False,registry_serp_curated
agentseo.dev,www.agentseo.dev,https://www.agentseo.dev/mcp,AgentSEO Hosted MCP,0.1.0,2025-06-18,open,none,open,200,False,,,,,,,False,registry_serp_curated
agfc.com,www.agfc.com,https://www.agfc.com/wp-json/mcp/mcp-oauth-server,,,,auth_required,oauth,oauth,401,False,https://www.agfc.com/oauth/authorize,https://www.agfc.com/oauth/token,,https://www.agfc.com,https://www.agfc.com/.well-known/oauth-protected-resource,mcp,False,majestic_prm
akkilahdot.fi,www.akkilahdot.fi,https://www.akkilahdot.fi/mcp,travel-search-akkilahdot-fi,1.0.0,2025-06-18,open,none,open,200,False,,,,,,,False,registry_serp_curated
alboompro.com,www.alboompro.com,https://www.alboompro.com/wp-json/mcp/mcp-oauth-server,,,,auth_required,oauth,oauth,401,False,https://www.alboompro.com/oauth/authorize,https://www.alboompro.com/oauth/token,,https://www.alboompro.com,https://www.alboompro.com/.well-known/oauth-protected-resource,mcp,False,majestic_prm
alcoholhelp.com,www.alcoholhelp.com,https://www.alcoholhelp.com/wp-json/mcp/mcp-oauth-server,,,,auth_required,oauth,oauth,401,False,https://www.alcoholhelp.com/oauth/authorize,https://www.alcoholhelp.com/oauth/token,,https://www.alcoholhelp.com,https://www.alcoholhelp.com/.well-known/oauth-protected-resource,mcp,False,majestic_prm
aleydasolis.com,www.aleydasolis.com,https://www.aleydasolis.com/wp-json/mcp/mcp-oauth-server,,,,auth_required,oauth,oauth,401,False,https://www.aleydasolis.com/oauth/authorize,https://www.aleydasolis.com/oauth/token,,https://www.aleydasolis.com,https://www.aleydasolis.com/.well-known/oauth-protected-resource,mcp,False,majestic_prm
alignmentforum.org,www.alignmentforum.org,https://www.alignmentforum.org/api/mcp,,,,auth_required,oauth,oauth,401,True,https://www.alignmentforum.org/oauth/authorize,https://www.alignmentforum.org/oauth/token,https://www.alignmentforum.org/oauth/register,https://www.alignmentforum.org,https://www.alignmentforum.org/.well-known/oauth-protected-resource,"lesswrong:access,lesswrong:home-design",False,majestic_prm
alpedhuez.com,www.alpedhuez.com,https://www.alpedhuez.com/wp-json/mcp/mcp-oauth-server,,,,auth_required,oauth,oauth,401,False,https://www.alpedhuez.com/oauth/authorize,https://www.alpedhuez.com/oauth/token,,https://www.alpedhuez.com,https://www.alpedhuez.com/.well-known/oauth-protected-resource,mcp,False,majestic_prm
anthesisgroup.com,www.anthesisgroup.com,https://www.anthesisgroup.com/wp-json/mcp/mcp-oauth-server,,,,auth_required,oauth,oauth,401,False,https://www.anthesisgroup.com/oauth/authorize,https://www.anthesisgroup.com/oauth/token,,https://www.anthesisgroup.com,https://www.anthesisgroup.com/.well-known/oauth-protected-resource,mcp,False,majestic_prm
anwalt.org,www.anwalt.org,https://www.anwalt.org/wp-json/mcp/mcp-oauth-server,,,,auth_required,oauth,oauth,401,False,https://www.anwalt.org/oauth/authorize,https://www.anwalt.org/oauth/token,,https://www.anwalt.org,https://www.anwalt.org/.well-known/oauth-protected-resource,mcp,False,majestic_prm
applause.com,www.applause.com,https://www.applause.com/wp-json/mcp/mcp-oauth-server,,,,auth_required,oauth,oauth,401,False,https://www.applause.com/oauth/authorize,https://www.applause.com/oauth/token,,https://www.applause.com,https://www.applause.com/.well-known/oauth-protected-resource,mcp,False,majestic_prm
arbeitsrechte.de,www.arbeitsrechte.de,https://www.arbeitsrechte.de/wp-json/mcp/mcp-oauth-server,,,,auth_required,oauth,oauth,401,False,https://www.arbeitsrechte.de/oauth/authorize,https://www.arbeitsrechte.de/oauth/token,,https://www.arbeitsrechte.de,https://www.arbeitsrechte.de/.well-known/oauth-protected-resource,mcp,False,majestic_prm
edu.in,www.ashoka.edu.in,https://www.ashoka.edu.in/wp-json/mcp/mcp-oauth-server,,,,auth_required,oauth,oauth,401,False,https://www.ashoka.edu.in/oauth/authorize,https://www.ashoka.edu.in/oauth/token,,https://www.ashoka.edu.in,https://www.ashoka.edu.in/.well-known/oauth-protected-resource,mcp,False,majestic_prm
atomos.com,www.atomos.com,https://www.atomos.com/wp-json/mcp/mcp-oauth-server,,,,auth_required,oauth,oauth,401,False,https://www.atomos.com/oauth/authorize,https://www.atomos.com/oauth/token,,https://www.atomos.com,https://www.atomos.com/.well-known/oauth-protected-resource,mcp,False,majestic_prm
audioalpha.io,www.audioalpha.io,https://www.audioalpha.io/api/mcp,AudioAlpha,1.0.0,2025-06-18,open,none,open,200,False,,,,,,,False,registry_serp_curated
aviation24.be,www.aviation24.be,https://www.aviation24.be/wp-json/mcp/mcp-oauth-server,,,,auth_required,oauth,oauth,403,False,https://www.aviation24.be/oauth/authorize,https://www.aviation24.be/oauth/token,,https://www.aviation24.be,https://www.aviation24.be/.well-known/oauth-protected-resource,mcp,False,majestic_prm
ayoa.com,www.ayoa.com,https://www.ayoa.com/wp-json/mcp/mcp-oauth-server,,,,auth_required,oauth,oauth,401,False,https://www.ayoa.com/oauth/authorize,https://www.ayoa.com/oauth/token,,https://www.ayoa.com,https://www.ayoa.com/.well-known/oauth-protected-resource,mcp,False,majestic_prm
basketballinsiders.com,www.basketballinsiders.com,https://www.basketballinsiders.com/wp-json/mcp/mcp-oauth-server,,,,auth_required,oauth,oauth,403,False,https://www.basketballinsiders.com/oauth/authorize,https://www.basketballinsiders.com/oauth/token,,https://www.basketballinsiders.com,https://www.basketballinsiders.com/.well-known/oauth-protected-resource,mcp,False,majestic_prm
bayreuth.de,www.bayreuth.de,https://www.bayreuth.de/wp-json/mcp/mcp-oauth-server,,,,auth_required,oauth,oauth,401,False,https://www.bayreuth.de/oauth/authorize,https://www.bayreuth.de/oauth/token,,https://www.bayreuth.de,https://www.bayreuth.de/.well-known/oauth-protected-resource,mcp,False,majestic_prm
besancon.fr,www.besancon.fr,https://www.besancon.fr/wp-json/mcp/mcp-oauth-server,,,,auth_required,oauth,oauth,401,False,https://www.besancon.fr/oauth/authorize,https://www.besancon.fr/oauth/token,,https://www.besancon.fr,https://www.besancon.fr/.well-known/oauth-protected-resource,mcp,False,majestic_prm
bestbuddies.org,www.bestbuddies.org,https://www.bestbuddies.org/wp-json/mcp/mcp-oauth-server,,,,auth_required,oauth,oauth,401,False,https://www.bestbuddies.org/oauth/authorize,https://www.bestbuddies.org/oauth/token,,https://www.bestbuddies.org,https://www.bestbuddies.org/.well-known/oauth-protected-resource,mcp,False,majestic_prm
com.ng,www.bet9japromotioncode.com.ng,https://www.bet9japromotioncode.com.ng/wp-json/mcp/mcp-oauth-server,,,,auth_required,oauth,oauth,401,False,https://www.bet9japromotioncode.com.ng/oauth/authorize,https://www.bet9japromotioncode.com.ng/oauth/token,,https://www.bet9japromotioncode.com.ng,https://www.bet9japromotioncode.com.ng/.well-known/oauth-protected-resource,mcp,False,majestic_prm
bettercloud.com,www.bettercloud.com,https://www.bettercloud.com/wp-json/mcp/mcp-oauth-server,,,,auth_required,oauth,oauth,401,False,https://www.bettercloud.com/oauth/authorize,https://www.bettercloud.com/oauth/token,,https://www.bettercloud.com,https://www.bettercloud.com/.well-known/oauth-protected-resource,mcp,False,majestic_prm
bettingusa.com,www.bettingusa.com,https://www.bettingusa.com/wp-json/mcp/mcp-oauth-server,,,,auth_required,oauth,oauth,401,False,https://www.bettingusa.com/oauth/authorize,https://www.bettingusa.com/oauth/token,,https://www.bettingusa.com,https://www.bettingusa.com/.well-known/oauth-protected-resource,mcp,False,majestic_prm
beyondceliac.org,www.beyondceliac.org,https://www.beyondceliac.org/wp-json/mcp/mcp-oauth-server,,,,auth_required,oauth,oauth,403,False,https://www.beyondceliac.org/oauth/authorize,https://www.beyondceliac.org/oauth/token,,https://www.beyondceliac.org,https://www.beyondceliac.org/.well-known/oauth-protected-resource,mcp,False,majestic_prm
billiger-mietwagen.de,www.billiger-mietwagen.de,https://www.billiger-mietwagen.de/v1/mcp,,,,auth_required,oauth,oauth,401,False,,https://www.billiger-mietwagen.de/token,,https://www.billiger-mietwagen.de,https://www.billiger-mietwagen.de/.well-known/oauth-protected-resource,mcp,False,majestic_prm
blessthismessplease.com,www.blessthismessplease.com,https://www.blessthismessplease.com/wp-json/mcp/mcp-oauth-server,,,,auth_required,oauth,oauth,401,False,https://www.blessthismessplease.com/oauth/authorize,https://www.blessthismessplease.com/oauth/token,,https://www.blessthismessplease.com,https://www.blessthismessplease.com/.well-known/oauth-protected-resource,mcp,False,majestic_prm
blitzreels.com,www.blitzreels.com,https://www.blitzreels.com/api/mcp,blitzreels,1.0.0,2025-06-18,open,oauth,open,200,True,https://hrkmsptefdhrnzzsphip.supabase.co/auth/v1/oauth/authorize,https://hrkmsptefdhrnzzsphip.supabase.co/auth/v1/oauth/token,https://hrkmsptefdhrnzzsphip.supabase.co/auth/v1/oauth/clients/register,https://hrkmsptefdhrnzzsphip.supabase.co/auth/v1,https://www.blitzreels.com/.well-known/oauth-protected-resource/api/mcp,"openid,email,profile,phone",False,registry_serp_curated
boldin.com,www.boldin.com,https://www.boldin.com/mcp,,,,auth_required,oauth,oauth,401,True,https://www.boldin.com/rails/oauth/authorize,https://www.boldin.com/rails/oauth/token,https://www.boldin.com/rails/oauth/register,https://www.boldin.com,https://www.boldin.com/.well-known/oauth-protected-resource,mcp,False,majestic_prm
bonobology.com,www.bonobology.com,https://www.bonobology.com/wp-json/mcp/mcp-oauth-server,,,,auth_required,oauth,oauth,401,False,https://www.bonobology.com/oauth/authorize,https://www.bonobology.com/oauth/token,,https://www.bonobology.com,https://www.bonobology.com/.well-known/oauth-protected-resource,mcp,False,majestic_prm
boosthis.com,www.boosthis.com,https://www.boosthis.com/mcp,,,,auth_required,oauth,oauth,401,True,https://www.boosthis.com/oauth/authorize,https://www.boosthis.com/oauth/token,https://www.boosthis.com/oauth/register,https://www.boosthis.com,https://www.boosthis.com/.well-known/oauth-protected-resource/mcp,boosthis:read,False,registry_serp_curated
boxinginsider.com,www.boxinginsider.com,https://www.boxinginsider.com/wp-json/mcp/mcp-oauth-server,,,,auth_required,oauth,oauth,401,False,https://www.boxinginsider.com/oauth/authorize,https://www.boxinginsider.com/oauth/token,,https://www.boxinginsider.com,https://www.boxinginsider.com/.well-known/oauth-protected-resource,mcp,False,majestic_prm
boxingnews24.com,www.boxingnews24.com,https://www.boxingnews24.com/wp-json/mcp/mcp-oauth-server,,,,auth_required,oauth,oauth,401,False,https://www.boxingnews24.com/oauth/authorize,https://www.boxingnews24.com/oauth/token,,https://www.boxingnews24.com,https://www.boxingnews24.com/.well-known/oauth-protected-resource,mcp,False,majestic_prm
bpi.co.uk,www.bpi.co.uk,https://www.bpi.co.uk/mcp/admin,,,,auth_required,oauth,oauth,401,True,https://auth.hivebrite.com/oauth2/auth,https://auth.hivebrite.com/oauth2/token,https://bpi.hivebrite.com/oauth2/register,https://auth.hivebrite.com,https://www.bpi.co.uk/.well-known/oauth-protected-resource/mcp/admin,"openid,offline_access",False,majestic_prm
brandweer.nl,www.brandweer.nl,https://www.brandweer.nl/wp-json/mcp/mcp-oauth-server,,,,auth_required,oauth,oauth,401,False,https://www.brandweer.nl/oauth/authorize,https://www.brandweer.nl/oauth/token,,https://www.brandweer.nl,https://www.brandweer.nl/.well-known/oauth-protected-resource,mcp,False,majestic_prm
breizh-info.com,www.breizh-info.com,https://www.breizh-info.com/wp-json/mcp/mcp-oauth-server,,,,auth_required,oauth,oauth,403,False,https://www.breizh-info.com/oauth/authorize,https://www.breizh-info.com/oauth/token,,https://www.breizh-info.com,https://www.breizh-info.com/.well-known/oauth-protected-resource,mcp,False,majestic_prm
bridgetoagent.com,www.bridgetoagent.com,https://www.bridgetoagent.com/api/mcp,mcp-typescript server on vercel,0.1.0,2025-06-18,open,none,open,200,False,,,,,,,False,registry_serp_curated
buy-my-agent.com,www.buy-my-agent.com,https://www.buy-my-agent.com/api/mcp,buy-my-agent,1.1.0,2025-06-18,open,none,open,200,False,,,,,,,False,registry_serp_curated
canaryusers.ai,www.canaryusers.ai,https://www.canaryusers.ai/api/mcp,canaryusers,1.2.2,2025-06-18,open,none,open,200,False,,,,,,,False,registry_serp_curated
choosehelp.com,www.choosehelp.com,https://www.choosehelp.com/mcp,choosehelp,1.2.1,2025-06-18,open,none,open,200,False,,,,,,,False,registry_serp_curated
cintrasupply.com,www.cintrasupply.com,https://www.cintrasupply.com/mcp,cintra-quote,1.0.0,2025-06-18,open,none,open,200,False,,,,,,,False,registry_serp_curated
clipkit.dev,www.clipkit.dev,https://www.clipkit.dev/mcp,clipkit,0.0.0,2025-06-18,open,none,open,200,False,,,,,,,False,registry_serp_curated
codestringers.com,www.codestringers.com,https://www.codestringers.com/_api/mcp,"Site Visitor Assistant for site ""CodeStringers - Zoho Services"" (https://www.codestringers.com/_api/mcp)",1.0.0,2025-06-18,open,none,open,200,False,,,,,,,False,registry_serp_curated
complianceautomator.com,www.complianceautomator.com,https://www.complianceautomator.com/api/mcp,,,,mcp_error,,mcp_error,400,False,,,,,,,False,registry_serp_curated
corewebvitals.io,www.corewebvitals.io,https://www.corewebvitals.io/api/state-of-cwv/mcp,state-of-cwv,1.0.0,2025-03-26,open,none,open,200,False,,,,,,,False,registry_serp_curated
ctrl.build,www.ctrl.build,https://www.ctrl.build/api/mcp,@daxaur/ctrl-mcp,0.2.0-hosted,2025-06-18,open,none,open,200,False,,,,,,,False,registry_serp_curated
deepskyai.com,www.deepskyai.com,https://www.deepskyai.com/api/mcp,deepsky-aviation,1.1.0,2025-06-18,open,none,open,200,False,,,,,,,False,registry_serp_curated
designesy.org,www.designesy.org,https://www.designesy.org/api/mcp,designesy,1.8.0,2025-06-18,open,none,open,200,False,,,,,,,False,registry_serp_curated
domainposture.com,www.domainposture.com,https://www.domainposture.com/mcp/mcp,domainposture.com,0.1.0,2025-06-18,open,none,open,200,False,,,,,,,False,registry_serp_curated
dsght.ai,www.dsght.ai,https://www.dsght.ai/mcp,,,,mcp_error,,mcp_error,200,False,,,,,,,False,registry_serp_curated
entyrax.com,www.entyrax.com,https://www.entyrax.com/mcp,entyrax,0.11.0,2025-06-18,open,none,open,200,False,,,,,,,False,registry_serp_curated
escoladeradio.com.br,www.escoladeradio.com.br,https://www.escoladeradio.com.br/api/mcp,escola-de-radio,1.0.0,2025-06-18,open,none,open,200,False,,,,,,,False,registry_serp_curated
everydaybudd.com,www.everydaybudd.com,https://www.everydaybudd.com/api/mcp,everydaybudd-decisions,1.0.0,2025-06-18,open,none,open,200,False,,,,,,,False,registry_serp_curated
feode.com,www.feode.com,https://www.feode.com/mcp,feode-mcp,1.0.0,2025-06-18,open,none,open,200,False,,,,,,,False,registry_serp_curated
feranor.com,www.feranor.com,https://www.feranor.com/mcp,Feranor.Net.Website.Host,1.0.0.0,2025-06-18,open,none,open,200,False,,,,,,,False,registry_serp_curated
ferryflighthub.com,www.ferryflighthub.com,https://www.ferryflighthub.com/mcp,ferryflight,v1.16.1,2025-06-18,open,none,open,200,False,,,,,,,False,registry_serp_curated
followontours.com,www.followontours.com,https://www.followontours.com/api/mcp,followontours,1.0.0,2025-06-18,open,none,open,200,False,,,,,,,False,registry_serp_curated
fractera.ai,www.fractera.ai,https://www.fractera.ai/api/mcp,fractera-installer,1.0.0,2024-11-05,open,none,open,200,False,,,,,,,False,registry_serp_curated
fylings.com,www.fylings.com,https://www.fylings.com/api/mcp,fylings,1.0.0,2025-06-18,open,none,open,200,False,,,,,,,False,registry_serp_curated
hemelion.com,www.hemelion.com,https://www.hemelion.com/mcp,com.hemelion/decision-reflection,1.11.0,2025-06-18,open,none,open,200,False,,,,,,,False,registry_serp_curated
iban-test.eu,www.iban-test.eu,https://www.iban-test.eu/mcp,,,,auth_required,oauth,oauth,401,True,https://www.iban-test.de/api/oauth/authorize,https://www.iban-test.de/api/oauth/token,https://www.iban-test.de/api/oauth/register,https://www.iban-test.de/api,https://www.iban-test.eu/.well-known/oauth-protected-resource/mcp,,False,registry_serp_curated
incrediblefi.com,www.incrediblefi.com,https://www.incrediblefi.com/mcp,IncredibleFi — Personal Loan Marketplace,1.0.0,2025-06-18,open,none,open,200,False,,,,,,,False,registry_serp_curated
infosecjobboard.com,www.infosecjobboard.com,https://www.infosecjobboard.com/api/mcp,infosec-job-board,1.0.0,2025-03-26,open,none,open,200,False,,,,,,,False,registry_serp_curated
kanbanthing.com,www.kanbanthing.com,https://www.kanbanthing.com/mcp,kanbanthing,0.1.0,2025-06-18,open,none,open,200,False,,,,,,,False,registry_serp_curated
layercall.com,www.layercall.com,https://www.layercall.com/api/mcp,layercall,1.0.0,2025-06-18,open,none,open,200,False,,,,,,,False,registry_serp_curated
licium.ai,www.licium.ai,https://www.licium.ai/mcp,licium,1.0.0,2025-06-18,open,none,open,200,False,,,,,,,False,registry_serp_curated
loveoracle.app,www.loveoracle.app,https://www.loveoracle.app/api/mcp,app.loveoracle/tarot,1.0.0,2025-06-18,open,none,open,200,False,,,,,,,False,registry_serp_curated
marian.coach,www.marian.coach,https://www.marian.coach/mcp,eng-leadership-toolkit,1.4.0,2025-06-18,open,none,open,200,False,,,,,,,False,registry_serp_curated
medibillsaver.com,www.medibillsaver.com,https://www.medibillsaver.com/api/mcp,medibill-saver,1.0.0,2025-03-26,open,none,open,200,False,,,,,,,False,registry_serp_curated
metaltakip.com,www.metaltakip.com,https://www.metaltakip.com/api/mcp,metaltakip_digest,0.1.0,2025-06-18,open,none,open,200,False,,,,,,,False,registry_serp_curated
modulos.ai,www.modulos.ai,https://www.modulos.ai/api/mcp,,,,mcp_error,,mcp_error,503,False,,,,,,,False,registry_serp_curated
myhuiban.com,www.myhuiban.com,https://www.myhuiban.com/mcp,huiban-mcp,0.8.0,2025-06-18,open,none,open,200,False,,,,,,,False,registry_serp_curated
neurorank.app,www.neurorank.app,https://www.neurorank.app/mcp,neurorank,0.3.0,2025-06-18,open,none,open,200,False,,,,,,,False,registry_serp_curated
onlyworlds.com,www.onlyworlds.com,https://www.onlyworlds.com/mcp,OnlyWorlds,3.4.4,2025-06-18,open,none,open,200,False,,,,,,,False,registry_serp_curated
opzyai.com,www.opzyai.com,https://www.opzyai.com/api/mcp,opzyai,1.0.0,2025-06-18,open,none,open,200,False,,,,,,,False,registry_serp_curated
ou-reports.com,www.ou-reports.com,https://www.ou-reports.com/api/mcp.php,just-signal,1.3.0,2025-06-18,open,none,open,200,False,,,,,,,False,registry_serp_curated
pastepile.com,www.pastepile.com,https://www.pastepile.com/api/mcp,pastepile,0.6.0-remote,2025-06-18,open,none,open,200,False,,,,,,,False,registry_serp_curated
ponito.com,www.ponito.com,https://www.ponito.com/mcp,Ponito,0.1.0,2025-06-18,open,none,open,200,False,,,,,,,False,registry_serp_curated
prose.coach,www.prose.coach,https://www.prose.coach/mcp,prose-coach,1.3.4,2025-06-18,open,none,open,200,False,,,,,,,False,registry_serp_curated
quantum-expectations.com,www.quantum-expectations.com,https://www.quantum-expectations.com/api/mcp,quantum-expectations,3.0.0,2025-06-18,open,none,open,200,False,,,,,,,False,registry_serp_curated
renacerpsicologico.com,www.renacerpsicologico.com,https://www.renacerpsicologico.com/mcp,com.renacerpsicologico/renacer-psicologico,1.0.0,2025-06-18,open,none,open,200,False,,,,,,,False,registry_serp_curated
revuo.ai,www.revuo.ai,https://www.revuo.ai/api/mcp,revuo,1.0.0,2025-06-18,open,none,open,200,False,,,,,,,False,registry_serp_curated
roamward.app,www.roamward.app,https://www.roamward.app/api/mcp,roamward-mcp,1.0.0,2025-06-18,open,none,open,200,False,,,,,,,False,registry_serp_curated
sapiensinteticos.com,www.sapiensinteticos.com,https://www.sapiensinteticos.com/api/mcp/mcp,,,,auth_required,oauth,oauth,401,True,https://www.sapiensinteticos.com/oauth/authorize,https://www.sapiensinteticos.com/api/mcp/oauth/token,https://www.sapiensinteticos.com/api/mcp/oauth/register,https://www.sapiensinteticos.com,https://www.sapiensinteticos.com/.well-known/oauth-protected-resource,mcp,False,registry_serp_curated
searchapi.io,www.searchapi.io,https://www.searchapi.io/mcp,,,,auth_required,oauth,oauth,401,True,https://www.searchapi.io/oauth/authorize,https://www.searchapi.io/oauth/token,https://www.searchapi.io/oauth/register,https://www.searchapi.io,https://www.searchapi.io/.well-known/oauth-protected-resource/mcp,mcp,False,registry_serp_curated
seatcanvas.app,www.seatcanvas.app,https://www.seatcanvas.app/api/mcp,seatcanvas,1.0.0,2025-06-18,open,none,open,200,False,,,,,,,False,registry_serp_curated
sendthisfax.com,www.sendthisfax.com,https://www.sendthisfax.com/mcp,SendThisFax,0.1.0,2025-06-18,open,none,open,200,False,,,,,,,False,registry_serp_curated
smarthomeexplorer.com,www.smarthomeexplorer.com,https://www.smarthomeexplorer.com/api/mcp,SmartHomeExplorer Product Intelligence,1.0.0,2025-06-18,open,none,open,200,False,,,,,,,False,registry_serp_curated
sophon.consulting,www.sophon.consulting,https://www.sophon.consulting/api/mcp,sophon-consulting,1.0.0,2025-06-18,open,none,open,200,False,,,,,,,False,registry_serp_curated
strikemission.app,www.strikemission.app,https://www.strikemission.app/api/mcp,strike-mission-surf-trip-planner,0.1.0,2025-06-18,open,none,open,200,False,,,,,,,False,registry_serp_curated
thedailysmark.com,www.thedailysmark.com,https://www.thedailysmark.com/mcp,The Daily Smark,1.0.0,2025-06-18,open,none,open,200,False,,,,,,,False,registry_serp_curated
thequietprotocol.com,www.thequietprotocol.com,https://www.thequietprotocol.com/api/mcp,tqp-growth-offense,1.0.0,2025-03-26,open,none,open,200,False,,,,,,,False,registry_serp_curated
thinkandautomate.dev,www.thinkandautomate.dev,https://www.thinkandautomate.dev/api/mcp,mailcannon,0.1.0,2024-11-05,open,none,open,200,False,,,,,,,False,registry_serp_curated
tryspook.com,www.tryspook.com,https://www.tryspook.com/api/mcp,spook-seo-tools,1.0.0,2025-06-18,open,none,open,200,False,,,,,,,False,registry_serp_curated
ukraineborder.com,www.ukraineborder.com,https://www.ukraineborder.com/api/mcp,ukraineborder,0.1.0,2025-06-18,open,none,open,200,False,,,,,,,False,registry_serp_curated
uniaffitti.com,www.uniaffitti.com,https://www.uniaffitti.com/mcp,com.uniaffitti/room-finder,0.1.0,2025-06-18,open,none,open,200,False,,,,,,,False,registry_serp_curated
venumark.com,www.venumark.com,https://www.venumark.com/api/mcp,venumark,1.4.0,2025-03-26,open,none,open,200,False,,,,,,,False,registry_serp_curated
wikitolica.com,www.wikitolica.com,https://www.wikitolica.com/mcp,wikitolica-mcp,1.0.0,2025-11-25,open,none,open,200,False,,,,,,,False,registry_serp_curated
workers-rights.com,www.workers-rights.com,https://www.workers-rights.com/api/mcp,workers-rights,0.1.0,2025-06-18,open,none,open,200,False,,,,,,,False,registry_serp_curated
zahabprice.com,www.zahabprice.com,https://www.zahabprice.com/mcp,zahabprice,1.0.0,2024-11-05,open,none,open,200,False,,,,,,,False,registry_serp_curated
trendsapi.ai,x-twitter.api.trendsapi.ai,https://x-twitter.api.trendsapi.ai/mcp,paradox-intelligence-trends-mcp,1.0.0,2025-03-26,open,none,open,200,False,,,,,,,False,registry_serp_curated
acjlabs.com,x402-listing-monitor.acjlabs.com,https://x402-listing-monitor.acjlabs.com/mcp,x402-listing-monitor,0.1.0,2025-06-18,open,none,open,200,False,,,,,,,False,registry_serp_curated
911fund.io,x402.911fund.io,https://x402.911fund.io/mcp,x402-alpha,1.0.0,2025-06-18,open,none,open,200,False,,,,,,,False,registry_serp_curated
devvizion.com,x402.devvizion.com,https://x402.devvizion.com/mcp,money-engine-x402-research,0.3.77,2024-11-05,open,none,open,200,False,,,,,,,False,registry_serp_curated
x711.io,x711.io,https://x711.io/mcp,x711,1.0.0,2025-06-18,open,none,open,200,False,,,,,,,False,registry_serp_curated
ainode.tech,xero.api.ainode.tech,https://xero.api.ainode.tech/mcp,accounting-mcp,0.1.0,2025-06-18,open,none,open,200,False,,,,,,,False,registry_serp_curated
xn--5ckxa2e4ez471abqo49zn6s.com,xn--5ckxa2e4ez471abqo49zn6s.com,https://xn--5ckxa2e4ez471abqo49zn6s.com/mcp,hokyo-mcp,1.3.0,2025-06-18,open,none,open,200,False,,,,,,,False,registry_serp_curated
seoapi.com,yahooslurp.seoapi.com,https://yahooslurp.seoapi.com/mcp,yahooslurp,1.0.0,2025-06-18,open,none,open,200,False,,,,,,,False,registry_serp_curated
seoapi.com,yandexbot.seoapi.com,https://yandexbot.seoapi.com/mcp,yandexbot,1.0.0,2025-06-18,open,none,open,200,False,,,,,,,False,registry_serp_curated
yeehaw.bot,yeehaw.bot,https://yeehaw.bot/mcp,yeehaw,1.0.0,2025-06-18,open,none,open,200,False,,,,,,,False,registry_serp_curated
myshopify.com,your-store.myshopify.com,https://your-store.myshopify.com/api/mcp,,,,auth_required,oauth,oauth,401,False,https://shopify.com/authentication/4707582008/oauth/authorize,https://shopify.com/authentication/4707582008/oauth/token,,https://shopify.com/authentication/4707582008,https://your-store.myshopify.com/.well-known/oauth-protected-resource,"openid,email,customer-account-api:full,customer-account-mcp-api:full",False,registry_serp_curated
yourmatflow.com,yourmatflow.com,https://yourmatflow.com/api/mcp,matflow,1.0.0,2025-03-26,open,none,open,200,False,,,,,,,False,registry_serp_curated
trendsapi.ai,youtube.api.trendsapi.ai,https://youtube.api.trendsapi.ai/mcp,paradox-intelligence-trends-mcp,1.0.0,2025-03-26,open,none,open,200,False,,,,,,,False,registry_serp_curated
youtubetranscriptdownload.com,youtubetranscriptdownload.com,https://youtubetranscriptdownload.com/api/mcp,youtube-transcript-downloader,1.0.0,2025-06-18,open,none,open,200,False,,,,,,,False,registry_serp_curated
zairalabs.ai,zairalabs.ai,https://zairalabs.ai/guide/mcp,ai.zairalabs/guide,0.1.2,2025-11-25,open,none,open,200,False,,,,,,,False,registry_serp_curated
zerm.dev,zerm.dev,https://zerm.dev/mcp,zerm,0.1.0,2025-06-18,open,none,open,200,False,,,,,,,False,registry_serp_curated
run402.com,zhiji-daily-report.run402.com,https://zhiji-daily-report.run402.com/mcp,zhiji-signal,5.3.3,2025-03-26,open,none,open,200,False,,,,,,,False,registry_serp_curated
run402.com,zhiji-signal.run402.com,https://zhiji-signal.run402.com/mcp,zhiji-signal,5.3.5,2025-03-26,open,none,open,200,False,,,,,,,False,registry_serp_curated
zoningsignal.com,zoningsignal.com,https://zoningsignal.com/mcp,zoning-signal,2.0.1,2025-11-25,open,none,open,200,False,,,,,,,False,registry_serp_curated
